{"type": "FeatureCollection", "features": [{"type": "Feature", "properties": {"ISO_A2": "RU", "ISO_A3": "RUS", "NAME": "Russia", "fillColor": "#0039A6"}, "geometry": {"type": "MultiPolygon", "coordinates": [[[[145.882, 43.46], [145.896, 43.455], [145.914, 43.455], [145.931, 43.457], [145.941, 43.445], [145.944, 43.426], [145.931, 43.426], [145.907, 43.422], [145.894, 43.42], [145.887, 43.433], [145.882, 43.444], [145.869, 43.45], [145.869, 43.458], [145.882, 43.46]]], [[[146.359, 43.625], [146.332, 43.62], [146.288, 43.625], [146.274, 43.63], [146.284, 43.639], [146.31, 43.652], [146.333, 43.647], [146.35, 43.644], [146.359, 43.625]]], [[[146.046, 43.409], [146.032, 43.407], [146.028, 43.42], [146.049, 43.434], [146.089, 43.449], [146.101, 43.44], [146.086, 43.429], [146.07, 43.421], [146.046, 43.409]]], [[[137.179, 55.1], [137.055, 54.927], [136.969, 54.924], [136.903, 54.961], [136.765, 54.946], [136.715, 54.956], [136.795, 55.009], [136.996, 55.093], [137.078, 55.092], [137.156, 55.108], [137.179, 55.1]]], [[[150.59, 59.019], [150.511, 59.007], [150.472, 59.035], [150.47, 59.054], [150.592, 59.097], [150.666, 59.16], [150.713, 59.122], [150.728, 59.095], [150.59, 59.019]]], [[[120.261, 73.09], [120.008, 73.045], [119.792, 73.045], [119.64, 73.124], [119.762, 73.155], [119.964, 73.168], [120.079, 73.157], [120.237, 73.107], [120.261, 73.09]]], [[[124.543, 73.85], [124.482, 73.848], [124.366, 73.875], [124.336, 73.91], [124.337, 73.928], [124.43, 73.943], [124.548, 73.934], [124.637, 73.9], [124.653, 73.888], [124.543, 73.85]]], [[[106.27, 78.206], [106.151, 78.199], [106.024, 78.22], [106.058, 78.265], [106.351, 78.273], [106.457, 78.34], [106.64, 78.336], [106.691, 78.317], [106.72, 78.294], [106.719, 78.265], [106.679, 78.265], [106.505, 78.262], [106.472, 78.245], [106.27, 78.206]]], [[[107.415, 77.243], [107.302, 77.242], [107.27, 77.289], [107.366, 77.347], [107.486, 77.347], [107.594, 77.33], [107.629, 77.32], [107.665, 77.3], [107.679, 77.268], [107.415, 77.243]]], [[[97.588, 76.599], [97.535, 76.584], [97.43, 76.591], [97.342, 76.629], [97.31, 76.69], [97.382, 76.707], [97.588, 76.599]]], [[[96.854, 76.199], [96.798, 76.188], [96.754, 76.196], [96.739, 76.207], [96.74, 76.258], [96.833, 76.324], [96.835, 76.345], [96.878, 76.355], [96.99, 76.343], [97.045, 76.315], [97.053, 76.303], [96.974, 76.237], [96.854, 76.199]]], [[[100.136, 79.614], [99.915, 79.602], [99.942, 79.671], [99.956, 79.69], [100.068, 79.701], [100.142, 79.684], [100.3, 79.67], [100.136, 79.614]]], [[[76.756, 73.446], [76.659, 73.44], [76.234, 73.476], [76.083, 73.523], [76.14, 73.554], [76.251, 73.555], [76.756, 73.446]]], [[[82.71, 74.091], [82.613, 74.056], [82.478, 74.076], [82.382, 74.099], [82.329, 74.131], [82.382, 74.149], [82.526, 74.161], [82.611, 74.149], [82.689, 74.111], [82.71, 74.091]]], [[[84.759, 74.459], [84.71, 74.4], [84.429, 74.43], [84.389, 74.454], [84.54, 74.49], [84.68, 74.512], [84.873, 74.516], [84.759, 74.459]]], [[[86.653, 74.981], [86.737, 74.963], [87.001, 74.992], [87.052, 74.983], [87.124, 74.94], [87.012, 74.862], [86.927, 74.831], [86.692, 74.848], [86.391, 74.851], [86.259, 74.894], [86.331, 74.939], [86.504, 74.966], [86.605, 74.993], [86.653, 74.981]]], [[[59.313, 81.305], [59.097, 81.292], [58.719, 81.314], [58.61, 81.337], [58.634, 81.36], [58.881, 81.392], [59.075, 81.398], [59.281, 81.366], [59.375, 81.325], [59.313, 81.305]]], [[[-179.799, 68.94], [-179.595, 68.906], [-179.515, 68.917], [-179.471, 68.912], [-179.356, 68.853], [-179.279, 68.825], [-178.874, 68.754], [-178.689, 68.675], [-178.539, 68.586], [-178.614, 68.603], [-178.751, 68.66], [-178.737, 68.593], [-178.693, 68.546], [-178.474, 68.502], [-178.244, 68.467], [-178.097, 68.425], [-178.049, 68.388], [-178.019, 68.323], [-178.056, 68.265], [-177.922, 68.287], [-177.797, 68.338], [-177.862, 68.378], [-178.285, 68.519], [-178.373, 68.566], [-178.25, 68.541], [-177.683, 68.363], [-177.527, 68.294], [-177.593, 68.281], [-177.639, 68.241], [-177.589, 68.224], [-177.521, 68.237], [-177.408, 68.245], [-177.297, 68.223], [-177.172, 68.175], [-176.907, 68.119], [-175.345, 67.678], [-175.31, 67.602], [-175.266, 67.567], [-175.24, 67.521], [-175.233, 67.447], [-175.375, 67.357], [-175.155, 67.365], [-175.123, 67.377], [-175.066, 67.413], [-175.003, 67.438], [-174.918, 67.408], [-174.85, 67.349], [-174.87, 67.269], [-174.93, 67.203], [-174.938, 67.093], [-174.885, 67.0], [-174.829, 66.961], [-174.784, 66.917], [-174.771, 66.784], [-174.87, 66.725], [-174.925, 66.623], [-174.864, 66.613], [-174.675, 66.603], [-174.612, 66.585], [-174.504, 66.538], [-174.478, 66.492], [-174.454, 66.43], [-174.419, 66.372], [-174.394, 66.344], [-174.366, 66.348], [-174.257, 66.428], [-174.206, 66.452], [-174.085, 66.473], [-174.018, 66.383], [-174.065, 66.23], [-174.025, 66.23], [-173.994, 66.246], [-173.955, 66.287], [-173.9, 66.31], [-173.832, 66.366], [-173.774, 66.435], [-173.843, 66.488], [-173.921, 66.522], [-174.102, 66.541], [-174.196, 66.581], [-174.232, 66.632], [-174.14, 66.653], [-174.061, 66.69], [-174.006, 66.779], [-174.019, 66.827], [-174.041, 66.875], [-174.086, 66.943], [-174.154, 66.982], [-174.284, 67.002], [-174.342, 67.04], [-174.431, 67.038], [-174.519, 67.049], [-174.554, 67.063], [-174.55, 67.091], [-174.448, 67.103], [-173.884, 67.106], [-173.68, 67.145], [-173.587, 67.133], [-173.494, 67.105], [-173.158, 67.069], [-173.168, 67.052], [-173.224, 67.035], [-173.324, 66.955], [-173.343, 66.909], [-173.347, 66.851], [-173.259, 66.84], [-173.175, 66.865], [-173.216, 66.911], [-173.228, 66.969], [-173.193, 66.994], [-173.147, 66.999], [-173.058, 66.956], [-172.963, 66.942], [-172.641, 66.925], [-172.549, 66.931], [-172.52, 66.952], [-172.583, 66.978], [-173.002, 67.034], [-173.008, 67.065], [-172.621, 67.027], [-172.447, 66.992], [-172.274, 66.966], [-172.031, 66.973], [-171.796, 66.932], [-171.57, 66.819], [-171.36, 66.677], [-171.149, 66.593], [-170.927, 66.53], [-170.556, 66.357], [-170.51, 66.344], [-170.473, 66.32], [-170.543, 66.291], [-170.604, 66.249], [-170.483, 66.278], [-170.361, 66.298], [-170.301, 66.294], [-170.247, 66.272], [-170.212, 66.236], [-170.192, 66.201], [-170.244, 66.169], [-169.889, 66.163], [-169.778, 66.143], [-169.729, 66.058], [-169.832, 65.999], [-169.892, 66.006], [-169.949, 66.031], [-170.004, 66.033], [-170.159, 66.008], [-170.401, 65.929], [-170.541, 65.865], [-170.563, 65.824], [-170.541, 65.71], [-170.561, 65.656], [-170.666, 65.622], [-170.897, 65.643], [-171.001, 65.665], [-171.119, 65.695], [-171.232, 65.737], [-171.377, 65.804], [-171.422, 65.81], [-171.451, 65.794], [-171.402, 65.752], [-171.303, 65.698], [-171.134, 65.628], [-171.054, 65.55], [-171.106, 65.511], [-171.17, 65.502], [-171.216, 65.503], [-171.364, 65.527], [-171.466, 65.533], [-171.79, 65.51], [-171.907, 65.496], [-171.947, 65.508], [-171.957, 65.542], [-172.131, 65.567], [-172.234, 65.57], [-172.282, 65.582], [-172.322, 65.618], [-172.436, 65.67], [-172.608, 65.69], [-172.719, 65.692], [-172.783, 65.681], [-172.557, 65.612], [-172.354, 65.496], [-172.392, 65.475], [-172.418, 65.45], [-172.306, 65.448], [-172.233, 65.456], [-172.212, 65.425], [-172.27, 65.303], [-172.309, 65.276], [-172.662, 65.249], [-172.573, 65.228], [-172.482, 65.222], [-172.379, 65.227], [-172.286, 65.206], [-172.224, 65.129], [-172.213, 65.048], [-172.304, 65.002], [-172.399, 64.965], [-172.593, 64.908], [-172.792, 64.883], [-172.897, 64.889], [-172.999, 64.877], [-173.066, 64.847], [-173.086, 64.817], [-172.998, 64.837], [-172.897, 64.826], [-172.801, 64.791], [-172.812, 64.761], [-172.903, 64.729], [-172.924, 64.705], [-172.889, 64.664], [-172.901, 64.629], [-172.854, 64.61], [-172.747, 64.603], [-172.616, 64.578], [-172.487, 64.544], [-172.437, 64.515], [-172.394, 64.475], [-172.379, 64.432], [-172.401, 64.414], [-172.695, 64.407], [-172.739, 64.412], [-172.756, 64.46], [-172.792, 64.499], [-172.903, 64.526], [-172.949, 64.507], [-172.916, 64.369], [-172.96, 64.328], [-173.009, 64.297], [-173.157, 64.28], [-173.275, 64.29], [-173.376, 64.355], [-173.376, 64.41], [-173.309, 64.443], [-173.309, 64.487], [-173.327, 64.54], [-173.396, 64.479], [-173.475, 64.429], [-173.604, 64.365], [-173.666, 64.357], [-173.73, 64.365], [-173.898, 64.41], [-174.001, 64.449], [-174.205, 64.578], [-174.318, 64.638], [-174.571, 64.718], [-174.83, 64.776], [-175.036, 64.814], [-175.146, 64.809], [-175.256, 64.794], [-175.395, 64.802], [-175.442, 64.817], [-175.483, 64.849], [-175.521, 64.867], [-175.716, 64.946], [-175.854, 65.011], [-175.859, 65.054], [-175.83, 65.106], [-175.856, 65.233], [-175.923, 65.352], [-176.093, 65.471], [-176.547, 65.548], [-176.922, 65.601], [-177.056, 65.614], [-177.175, 65.602], [-177.489, 65.504], [-177.699, 65.49], [-178.31, 65.485], [-178.412, 65.496], [-178.505, 65.537], [-178.526, 65.593], [-178.499, 65.697], [-178.502, 65.74], [-178.526, 65.755], [-178.559, 65.754], [-178.679, 65.795], [-178.791, 65.865], [-178.879, 65.936], [-178.939, 66.033], [-178.858, 66.038], [-178.747, 66.014], [-178.731, 66.037], [-178.694, 66.124], [-178.616, 66.166], [-178.587, 66.198], [-178.534, 66.317], [-178.527, 66.402], [-178.616, 66.355], [-178.753, 66.237], [-178.821, 66.203], [-178.868, 66.187], [-178.916, 66.18], [-179.026, 66.204], [-179.105, 66.232], [-179.107, 66.346], [-179.143, 66.375], [-179.178, 66.353], [-179.193, 66.313], [-179.293, 66.305], [-179.34, 66.287], [-179.316, 66.22], [-179.327, 66.163], [-179.423, 66.141], [-179.616, 66.128], [-179.683, 66.184], [-179.741, 66.106], [-179.784, 66.018], [-179.79, 65.901], [-179.728, 65.804], [-179.641, 65.758], [-179.449, 65.688], [-179.366, 65.639], [-179.344, 65.575], [-179.352, 65.517], [-179.452, 65.445], [-179.519, 65.386], [-179.635, 65.244], [-179.705, 65.187], [-180, 65.067], [-180, 65.312], [-180, 65.557], [-180, 65.802], [-180, 66.046], [-180, 66.291], [-180, 66.536], [-180, 66.781], [-180, 67.025], [-180, 67.27], [-180, 67.515], [-180, 67.76], [-180, 68.004], [-180, 68.249], [-180, 68.494], [-180, 68.739], [-180.0, 68.983], [-179.799, 68.94]]], [[[130.687, 42.303], [130.658, 42.328], [130.652, 42.373], [130.618, 42.416], [130.554, 42.475], [130.527, 42.535], [130.584, 42.567], [130.577, 42.623], [130.521, 42.674], [130.439, 42.686], [130.42, 42.7], [130.425, 42.727], [130.453, 42.755], [130.493, 42.779], [130.577, 42.812], [130.722, 42.836], [130.803, 42.857], [130.869, 42.863], [130.943, 42.852], [131.006, 42.883], [131.069, 42.902], [131.083, 42.956], [131.086, 43.038], [131.109, 43.062], [131.136, 43.098], [131.176, 43.142], [131.212, 43.258], [131.239, 43.338], [131.257, 43.378], [131.262, 43.433], [131.244, 43.469], [131.209, 43.49], [131.182, 43.506], [131.18, 43.567], [131.184, 43.651], [131.174, 43.705], [131.213, 44.003], [131.255, 44.072], [131.126, 44.469], [131.087, 44.596], [131.061, 44.66], [131.004, 44.753], [130.968, 44.8], [130.982, 44.844], [131.033, 44.889], [131.082, 44.91], [131.228, 44.92], [131.268, 44.936], [131.447, 44.984], [131.488, 45.013], [131.579, 45.084], [131.614, 45.137], [131.654, 45.205], [131.742, 45.243], [131.795, 45.305], [131.852, 45.327], [131.909, 45.274], [131.978, 45.244], [132.067, 45.226], [132.181, 45.203], [132.363, 45.16], [132.549, 45.123], [132.666, 45.094], [132.723, 45.081], [132.839, 45.061], [132.889, 45.046], [132.936, 45.03], [133.012, 45.075], [133.113, 45.131], [133.097, 45.22], [133.113, 45.321], [133.186, 45.495], [133.267, 45.545], [133.31, 45.553], [133.355, 45.572], [133.436, 45.605], [133.466, 45.651], [133.449, 45.705], [133.476, 45.758], [133.485, 45.81], [133.513, 45.879], [133.551, 45.898], [133.608, 45.92], [133.648, 45.955], [133.686, 46.009], [133.711, 46.07], [133.701, 46.14], [133.75, 46.186], [133.833, 46.224], [133.861, 46.248], [133.875, 46.309], [133.88, 46.336], [133.903, 46.367], [133.887, 46.431], [133.867, 46.499], [133.958, 46.614], [134.023, 46.713], [134.039, 46.858], [134.046, 46.882], [134.071, 46.951], [134.086, 46.978], [134.137, 47.069], [134.202, 47.128], [134.189, 47.194], [134.163, 47.259], [134.168, 47.302], [134.225, 47.353], [134.26, 47.378], [134.291, 47.414], [134.339, 47.429], [134.383, 47.438], [134.483, 47.447], [134.542, 47.485], [134.596, 47.524], [134.696, 47.625], [134.728, 47.684], [134.752, 47.715], [134.699, 47.801], [134.65, 47.874], [134.591, 47.975], [134.566, 48.023], [134.605, 48.083], [134.647, 48.12], [134.669, 48.153], [134.681, 48.21], [134.665, 48.254], [134.564, 48.322], [134.456, 48.355], [134.335, 48.369], [134.293, 48.373], [134.206, 48.36], [133.842, 48.274], [133.672, 48.208], [133.573, 48.133], [133.468, 48.097], [133.301, 48.102], [133.144, 48.106], [133.02, 48.064], [132.877, 47.979], [132.773, 47.94], [132.707, 47.947], [132.637, 47.89], [132.562, 47.769], [132.476, 47.715], [132.38, 47.729], [132.15, 47.718], [131.785, 47.681], [131.557, 47.682], [131.464, 47.723], [131.319, 47.728], [131.122, 47.698], [131.003, 47.691], [130.962, 47.709], [130.933, 47.76], [130.915, 47.843], [130.849, 47.929], [130.733, 48.019], [130.712, 48.128], [130.787, 48.255], [130.804, 48.342], [130.763, 48.388], [130.747, 48.43], [130.659, 48.483], [130.597, 48.575], [130.552, 48.602], [130.566, 48.68], [130.617, 48.773], [130.553, 48.861], [130.355, 48.866], [130.196, 48.892], [130.037, 48.972], [129.793, 49.199], [129.671, 49.279], [129.591, 49.287], [129.534, 49.323], [129.498, 49.389], [129.441, 49.389], [129.385, 49.389], [129.35, 49.362], [129.31, 49.354], [129.248, 49.379], [129.185, 49.381], [129.12, 49.362], [129.065, 49.375], [129.02, 49.419], [128.938, 49.449], [128.819, 49.464], [128.77, 49.495], [128.791, 49.542], [128.769, 49.577], [128.704, 49.6], [128.527, 49.594], [128.237, 49.559], [128.0, 49.569], [127.814, 49.622], [127.711, 49.672], [127.69, 49.717], [127.637, 49.76], [127.551, 49.802], [127.502, 49.873], [127.492, 49.975], [127.512, 50.072], [127.59, 50.209], [127.395, 50.299], [127.337, 50.35], [127.351, 50.394], [127.341, 50.428], [127.306, 50.454], [127.308, 50.494], [127.347, 50.55], [127.347, 50.621], [127.307, 50.708], [127.198, 50.829], [127.02, 50.986], [126.925, 51.1], [126.912, 51.172], [126.888, 51.23], [126.854, 51.261], [126.834, 51.315], [126.848, 51.374], [126.827, 51.412], [126.802, 51.448], [126.805, 51.506], [126.775, 51.545], [126.709, 51.566], [126.689, 51.61], [126.701, 51.703], [126.654, 51.781], [126.511, 51.926], [126.468, 52.031], [126.456, 52.126], [126.395, 52.173], [126.392, 52.215], [126.383, 52.287], [126.346, 52.306], [126.324, 52.332], [126.342, 52.362], [126.313, 52.4], [126.238, 52.445], [126.203, 52.484], [126.194, 52.519], [126.157, 52.547], [126.046, 52.573], [126.016, 52.61], [126.023, 52.643], [126.047, 52.673], [126.06, 52.692], [126.056, 52.716], [126.048, 52.739], [126.004, 52.768], [125.942, 52.801], [125.872, 52.872], [125.783, 52.891], [125.728, 52.891], [125.681, 52.931], [125.695, 52.956], [125.692, 53.004], [125.649, 53.042], [125.596, 53.057], [125.546, 53.048], [125.422, 53.084], [125.226, 53.166], [125.075, 53.204], [124.971, 53.197], [124.907, 53.173], [124.882, 53.13], [124.812, 53.134], [124.64, 53.211], [124.466, 53.23], [124.369, 53.271], [124.291, 53.341], [124.22, 53.37], [124.154, 53.359], [123.995, 53.406], [123.741, 53.511], [123.608, 53.547], [123.56, 53.527], [123.535, 53.526], [123.489, 53.529], [123.424, 53.531], [123.31, 53.556], [123.154, 53.545], [122.958, 53.498], [122.745, 53.469], [122.516, 53.457], [122.38, 53.462], [122.338, 53.485], [122.089, 53.451], [121.744, 53.384], [121.405, 53.317], [120.985, 53.285], [120.704, 53.172], [120.421, 52.968], [120.218, 52.84], [120.095, 52.787], [120.044, 52.718], [120.068, 52.633], [120.173, 52.602], [120.36, 52.627], [120.521, 52.615], [120.656, 52.567], [120.699, 52.494], [120.65, 52.396], [120.665, 52.3], [120.745, 52.205], [120.75, 52.097], [120.681, 51.973], [120.511, 51.849], [120.237, 51.723], [120.067, 51.601], [119.967, 51.422], [119.813, 51.267], [119.757, 51.179], [119.746, 51.108], [119.685, 51.03], [119.573, 50.947], [119.512, 50.863], [119.502, 50.779], [119.446, 50.703], [119.344, 50.634], [119.281, 50.561], [119.256, 50.484], [119.217, 50.433], [119.164, 50.406], [119.192, 50.38], [119.302, 50.354], [119.346, 50.279], [119.326, 50.155], [119.26, 50.066], [119.147, 50.013], [118.979, 49.979], [118.756, 49.963], [118.452, 49.844], [118.187, 49.693], [117.873, 49.513], [117.813, 49.514], [117.698, 49.536], [117.477, 49.609], [117.246, 49.625], [117.022, 49.693], [116.889, 49.738], [116.683, 49.824], [116.632, 49.877], [116.551, 49.92], [116.351, 49.978], [116.217, 50.009], [116.135, 50.011], [115.926, 49.952], [115.795, 49.906], [115.718, 49.881], [115.588, 49.886], [115.429, 49.896], [115.365, 49.912], [115.275, 49.949], [115.098, 50.059], [115.003, 50.139], [114.88, 50.183], [114.743, 50.234], [114.675, 50.246], [114.554, 50.241], [114.386, 50.255], [114.297, 50.274], [114.222, 50.257], [114.071, 50.205], [113.881, 50.101], [113.732, 50.062], [113.574, 50.007], [113.446, 49.942], [113.319, 49.874], [113.164, 49.797], [113.092, 49.693], [113.056, 49.616], [112.915, 49.569], [112.806, 49.524], [112.697, 49.507], [112.495, 49.532], [112.375, 49.515], [112.08, 49.424], [111.934, 49.416], [111.833, 49.404], [111.736, 49.398], [111.575, 49.376], [111.512, 49.361], [111.429, 49.343], [111.337, 49.356], [111.204, 49.304], [110.828, 49.166], [110.71, 49.143], [110.631, 49.138], [110.53, 49.187], [110.428, 49.22], [110.321, 49.216], [110.2, 49.17], [109.995, 49.206], [109.75, 49.239], [109.529, 49.27], [109.454, 49.296], [109.237, 49.335], [108.92, 49.335], [108.733, 49.336], [108.614, 49.323], [108.522, 49.342], [108.407, 49.396], [108.213, 49.525], [108.098, 49.563], [108.034, 49.594], [108.01, 49.647], [107.965, 49.654], [107.937, 49.691], [107.939, 49.741], [107.935, 49.849], [107.948, 49.925], [107.917, 49.948], [107.787, 49.96], [107.631, 49.983], [107.347, 49.987], [107.233, 49.989], [107.143, 50.033], [107.04, 50.086], [106.941, 50.197], [106.854, 50.248], [106.711, 50.313], [106.574, 50.329], [106.368, 50.318], [106.218, 50.305], [106.083, 50.333], [105.996, 50.368], [105.875, 50.405], [105.693, 50.414], [105.542, 50.441], [105.384, 50.474], [105.267, 50.46], [105.186, 50.43], [105.095, 50.39], [104.977, 50.383], [104.685, 50.342], [104.596, 50.317], [104.466, 50.306], [104.354, 50.275], [104.26, 50.214], [104.18, 50.169], [104.079, 50.154], [103.958, 50.157], [103.856, 50.172], [103.803, 50.176], [103.723, 50.154], [103.633, 50.139], [103.496, 50.165], [103.421, 50.187], [103.304, 50.2], [103.234, 50.264], [103.162, 50.291], [103.039, 50.301], [102.86, 50.333], [102.765, 50.367], [102.683, 50.387], [102.546, 50.461], [102.469, 50.526], [102.407, 50.536], [102.336, 50.544], [102.288, 50.585], [102.286, 50.635], [102.303, 50.666], [102.317, 50.718], [102.277, 50.769], [102.235, 50.791], [102.215, 50.829], [102.226, 50.901], [102.21, 50.974], [102.195, 51.051], [102.152, 51.108], [102.142, 51.216], [102.16, 51.261], [102.156, 51.314], [102.112, 51.353], [101.979, 51.382], [101.821, 51.421], [101.571, 51.467], [101.464, 51.471], [101.381, 51.453], [101.304, 51.475], [101.223, 51.513], [101.085, 51.553], [100.904, 51.604], [100.711, 51.662], [100.536, 51.713], [100.469, 51.726], [100.23, 51.73], [100.035, 51.737], [99.922, 51.756], [99.788, 51.828], [99.719, 51.872], [99.613, 51.893], [99.532, 51.9], [99.407, 51.924], [99.176, 51.999], [99.091, 52.035], [99.034, 52.035], [98.958, 52.102], [98.893, 52.117], [98.849, 52.07], [98.803, 51.957], [98.76, 51.905], [98.641, 51.801], [98.353, 51.718], [98.303, 51.674], [98.277, 51.635], [98.237, 51.578], [98.22, 51.506], [98.185, 51.486], [98.103, 51.484], [98.038, 51.45], [97.989, 51.377], [97.947, 51.348], [97.923, 51.28], [97.927, 51.251], [97.918, 51.218], [97.911, 51.165], [97.836, 51.052], [97.825, 50.985], [97.856, 50.943], [97.92, 50.887], [97.953, 50.855], [97.964, 50.818], [97.962, 50.769], [98.001, 50.702], [98.03, 50.645], [98.079, 50.604], [98.145, 50.569], [98.221, 50.557], [98.279, 50.533], [98.293, 50.487], [98.277, 50.423], [98.25, 50.302], [98.2, 50.228], [98.17, 50.181], [98.122, 50.107], [98.103, 50.078], [98.004, 50.014], [97.937, 49.997], [97.854, 49.947], [97.786, 49.945], [97.721, 49.945], [97.651, 49.934], [97.589, 49.911], [97.541, 49.843], [97.418, 49.773], [97.36, 49.741], [97.209, 49.731], [97.137, 49.762], [97.098, 49.805], [97.049, 49.83], [96.986, 49.883], [96.712, 49.912], [96.64, 49.898], [96.598, 49.878], [96.543, 49.893], [96.506, 49.919], [96.466, 49.912], [96.381, 49.896], [96.315, 49.901], [96.23, 49.954], [96.112, 49.982], [96.066, 49.999], [96.019, 49.999], [95.99, 49.974], [95.936, 49.96], [95.899, 49.991], [95.852, 50.013], [95.789, 50.013], [95.708, 49.966], [95.567, 49.944], [95.523, 49.911], [95.442, 49.916], [95.386, 49.941], [95.329, 49.944], [95.166, 49.944], [95.111, 49.935], [95.044, 49.962], [95.013, 50.008], [94.93, 50.044], [94.811, 50.048], [94.718, 50.043], [94.675, 50.028], [94.615, 50.024], [94.565, 50.088], [94.497, 50.133], [94.458, 50.166], [94.4, 50.18], [94.355, 50.222], [94.347, 50.303], [94.319, 50.405], [94.287, 50.511], [94.251, 50.556], [94.076, 50.573], [93.99, 50.569], [93.795, 50.578], [93.662, 50.584], [93.626, 50.586], [93.501, 50.597], [93.387, 50.608], [93.271, 50.616], [93.223, 50.607], [93.103, 50.604], [93.01, 50.655], [92.971, 50.712], [92.964, 50.745], [92.941, 50.778], [92.856, 50.789], [92.779, 50.779], [92.739, 50.711], [92.681, 50.683], [92.627, 50.688], [92.579, 50.725], [92.486, 50.765], [92.426, 50.803], [92.355, 50.864], [92.296, 50.85], [92.279, 50.812], [92.265, 50.775], [92.192, 50.701], [92.104, 50.692], [91.957, 50.698], [91.804, 50.694], [91.706, 50.666], [91.634, 50.615], [91.597, 50.576], [91.522, 50.562], [91.446, 50.522], [91.415, 50.468], [91.341, 50.47], [91.301, 50.463], [91.234, 50.452], [91.063, 50.423], [91.022, 50.415], [90.917, 50.364], [90.838, 50.324], [90.761, 50.306], [90.714, 50.259], [90.655, 50.222], [90.517, 50.213], [90.365, 50.167], [90.311, 50.151], [90.225, 50.117], [90.104, 50.103], [90.054, 50.094], [90.005, 50.069], [89.977, 49.984], [89.878, 49.954], [89.744, 49.948], [89.644, 49.903], [89.634, 49.823], [89.67, 49.75], [89.654, 49.717], [89.579, 49.7], [89.475, 49.661], [89.396, 49.612], [89.299, 49.611], [89.244, 49.627], [89.203, 49.596], [89.18, 49.532], [89.109, 49.501], [89.008, 49.473], [88.971, 49.484], [88.945, 49.508], [88.9, 49.54], [88.864, 49.528], [88.86, 49.482], [88.832, 49.448], [88.748, 49.446], [88.683, 49.465], [88.633, 49.486], [88.544, 49.483], [88.452, 49.473], [88.393, 49.483], [88.338, 49.473], [88.193, 49.452], [88.136, 49.381], [88.134, 49.298], [88.116, 49.256], [88.029, 49.22], [87.988, 49.187], [87.935, 49.165], [87.818, 49.162], [87.814, 49.162], [87.763, 49.166], [87.668, 49.147], [87.577, 49.132], [87.516, 49.122], [87.476, 49.091], [87.417, 49.077], [87.323, 49.086], [87.297, 49.148], [87.234, 49.216], [87.148, 49.24], [87.071, 49.255], [87.001, 49.287], [86.953, 49.322], [86.812, 49.488], [86.714, 49.559], [86.626, 49.563], [86.614, 49.61], [86.665, 49.657], [86.731, 49.696], [86.729, 49.749], [86.675, 49.777], [86.61, 49.769], [86.522, 49.708], [86.418, 49.638], [86.292, 49.587], [86.242, 49.546], [86.181, 49.499], [86.093, 49.505], [86.03, 49.503], [85.974, 49.499], [85.934, 49.55], [85.88, 49.557], [85.498, 49.605], [85.372, 49.624], [85.292, 49.599], [85.233, 49.616], [85.21, 49.665], [85.137, 49.751], [85.076, 49.822], [85.001, 49.894], [84.975, 49.951], [85.0, 50.01], [84.989, 50.061], [84.924, 50.088], [84.839, 50.091], [84.607, 50.202], [84.499, 50.219], [84.401, 50.239], [84.323, 50.239], [84.258, 50.288], [84.195, 50.437], [84.176, 50.521], [84.099, 50.605], [84.002, 50.677], [83.945, 50.775], [83.86, 50.818], [83.718, 50.887], [83.581, 50.936], [83.357, 50.995], [83.274, 50.995], [83.16, 50.989], [83.093, 50.961], [83.019, 50.897], [82.919, 50.893], [82.761, 50.893], [82.719, 50.869], [82.693, 50.826], [82.612, 50.771], [82.494, 50.728], [82.326, 50.742], [82.212, 50.719], [82.098, 50.711], [81.934, 50.766], [81.752, 50.764], [81.634, 50.739], [81.466, 50.74], [81.431, 50.771], [81.452, 50.824], [81.438, 50.871], [81.41, 50.91], [81.388, 50.956], [81.319, 50.966], [81.125, 50.946], [81.071, 50.969], [81.078, 51.015], [81.112, 51.072], [81.141, 51.147], [81.127, 51.191], [81.027, 51.186], [80.966, 51.19], [80.934, 51.243], [80.877, 51.281], [80.813, 51.283], [80.735, 51.293], [80.65, 51.277], [80.605, 51.224], [80.551, 51.217], [80.491, 51.202], [80.448, 51.183], [80.421, 51.136], [80.434, 51.093], [80.452, 50.998], [80.424, 50.946], [80.345, 50.919], [80.27, 50.925], [80.22, 50.912], [80.127, 50.858], [80.086, 50.84], [80.072, 50.807], [80.066, 50.758], [79.986, 50.775], [79.86, 50.955], [79.716, 51.16], [79.554, 51.378], [79.469, 51.493], [79.149, 51.868], [78.992, 52.047], [78.721, 52.357], [78.475, 52.638], [78.198, 52.93], [78.033, 53.095], [77.86, 53.269], [77.799, 53.317], [77.704, 53.379], [77.469, 53.499], [77.132, 53.67], [76.821, 53.823], [76.576, 53.943], [76.513, 53.993], [76.485, 54.023], [76.459, 54.055], [76.422, 54.114], [76.422, 54.152], [76.655, 54.145], [76.703, 54.182], [76.789, 54.322], [76.837, 54.442], [76.759, 54.437], [76.616, 54.387], [76.539, 54.351], [76.496, 54.336], [76.267, 54.312], [76.141, 54.259], [75.881, 54.168], [75.693, 54.115], [75.657, 54.106], [75.437, 54.09], [75.398, 54.069], [75.392, 54.022], [75.377, 53.97], [75.22, 53.894], [75.052, 53.827], [74.989, 53.819], [74.887, 53.834], [74.834, 53.826], [74.681, 53.754], [74.452, 53.647], [74.43, 53.604], [74.429, 53.551], [74.403, 53.504], [74.352, 53.488], [74.277, 53.528], [74.21, 53.576], [74.069, 53.611], [73.859, 53.62], [73.731, 53.603], [73.643, 53.576], [73.47, 53.469], [73.407, 53.448], [73.372, 53.454], [73.362, 53.506], [73.327, 53.543], [73.286, 53.598], [73.306, 53.707], [73.399, 53.811], [73.554, 53.868], [73.679, 53.929], [73.716, 53.996], [73.712, 54.042], [73.666, 54.063], [73.618, 54.067], [73.59, 54.045], [73.506, 53.999], [73.381, 53.963], [73.277, 53.956], [73.23, 53.958], [73.119, 53.981], [72.914, 54.107], [72.741, 54.125], [72.622, 54.134], [72.583, 54.122], [72.564, 54.09], [72.576, 54.056], [72.599, 54.023], [72.586, 53.996], [72.53, 53.976], [72.447, 53.942], [72.404, 53.964], [72.383, 54.054], [72.387, 54.123], [72.329, 54.181], [72.269, 54.272], [72.186, 54.326], [72.105, 54.308], [72.066, 54.232], [72.004, 54.206], [71.887, 54.221], [71.677, 54.178], [71.336, 54.158], [71.093, 54.212], [71.053, 54.26], [71.152, 54.364], [71.16, 54.455], [71.159, 54.539], [71.186, 54.599], [71.126, 54.715], [70.992, 54.95], [70.91, 55.128], [70.79, 55.261], [70.738, 55.305], [70.486, 55.282], [70.417, 55.253], [70.371, 55.212], [70.293, 55.184], [70.182, 55.162], [70.087, 55.177], [69.982, 55.199], [69.87, 55.246], [69.74, 55.307], [69.493, 55.357], [69.247, 55.373], [68.977, 55.39], [68.843, 55.358], [68.713, 55.308], [68.525, 55.205], [68.438, 55.194], [68.302, 55.187], [68.206, 55.161], [68.225, 55.115], [68.244, 55.052], [68.209, 55.003], [68.156, 54.977], [68.074, 54.96], [67.94, 54.954], [67.83, 54.944], [67.693, 54.872], [67.485, 54.854], [67.257, 54.829], [67.098, 54.788], [66.754, 54.738], [66.555, 54.715], [66.223, 54.667], [65.955, 54.66], [65.914, 54.693], [65.708, 54.619], [65.477, 54.623], [65.434, 54.593], [65.378, 54.564], [65.316, 54.552], [65.237, 54.516], [65.192, 54.441], [65.158, 54.364], [65.088, 54.34], [64.995, 54.369], [64.927, 54.397], [64.809, 54.369], [64.65, 54.352], [64.525, 54.362], [64.461, 54.384], [64.199, 54.347], [64.063, 54.303], [64.037, 54.28], [64.004, 54.267], [63.847, 54.236], [63.721, 54.245], [63.701, 54.243], [63.582, 54.222], [63.414, 54.183], [63.293, 54.17], [63.191, 54.171], [63.127, 54.139], [63.074, 54.105], [62.633, 54.069], [62.588, 54.044], [62.499, 54.013], [62.04, 54.003], [62.002, 53.98], [61.986, 53.954], [61.929, 53.946], [61.598, 53.995], [61.334, 54.049], [61.231, 54.019], [61.144, 53.964], [61.113, 53.882], [61.113, 53.813], [61.113, 53.753], [61.074, 53.71], [60.986, 53.657], [60.979, 53.622], [61.099, 53.583], [61.248, 53.551], [61.336, 53.565], [61.41, 53.587], [61.474, 53.58], [61.519, 53.554], [61.535, 53.523], [61.527, 53.502], [61.499, 53.485], [61.401, 53.456], [61.312, 53.466], [61.229, 53.446], [61.186, 53.406], [61.163, 53.337], [61.199, 53.287], [61.311, 53.275], [61.437, 53.239], [61.576, 53.222], [61.66, 53.228], [61.766, 53.174], [62.015, 53.108], [62.081, 53.057], [62.083, 53.005], [62.037, 52.966], [61.974, 52.944], [61.889, 52.956], [61.719, 52.969], [61.534, 52.979], [61.401, 52.996], [61.207, 52.989], [61.047, 52.972], [61.007, 52.933], [60.945, 52.86], [60.893, 52.819], [60.802, 52.745], [60.774, 52.676], [60.821, 52.57], [60.979, 52.395], [60.995, 52.337], [60.938, 52.281], [60.828, 52.233], [60.67, 52.151], [60.499, 52.146], [60.425, 52.126], [60.234, 52.025], [60.066, 51.976], [60.03, 51.933], [60.067, 51.891], [60.28, 51.835], [60.388, 51.773], [60.418, 51.704], [60.465, 51.651], [60.63, 51.617], [60.974, 51.537], [60.993, 51.529], [61.015, 51.492], [61.363, 51.442], [61.411, 51.415], [61.555, 51.325], [61.585, 51.23], [61.512, 51.137], [61.465, 50.99], [61.389, 50.861], [61.227, 50.775], [60.942, 50.696], [60.638, 50.664], [60.508, 50.669], [60.425, 50.679], [60.288, 50.704], [60.187, 50.77], [60.112, 50.834], [60.059, 50.85], [60.005, 50.84], [59.955, 50.799], [59.888, 50.69], [59.812, 50.582], [59.751, 50.544], [59.523, 50.493], [59.498, 50.511], [59.524, 50.583], [59.495, 50.604], [59.452, 50.62], [59.171, 50.648], [59.064, 50.668], [58.985, 50.676], [58.884, 50.694], [58.814, 50.737], [58.665, 50.868], [58.547, 50.971], [58.359, 51.064], [58.188, 51.082], [58.175, 51.072], [58.045, 51.069], [57.839, 51.092], [57.829, 51.089], [57.765, 51.047], [57.717, 50.981], [57.654, 50.925], [57.558, 50.896], [57.442, 50.889], [57.312, 50.947], [57.179, 51.036], [57.012, 51.065], [56.85, 51.046], [56.79, 51.032], [56.62, 50.981], [56.567, 51.004], [56.491, 51.02], [56.326, 50.936], [56.144, 50.845], [56.104, 50.776], [56.05, 50.714], [55.929, 50.654], [55.798, 50.602], [55.686, 50.583], [55.542, 50.602], [55.361, 50.665], [55.195, 50.745], [55.015, 50.87], [54.868, 50.941], [54.727, 50.998], [54.642, 51.012], [54.573, 50.99], [54.546, 50.946], [54.566, 50.911], [54.606, 50.88], [54.638, 50.781], [54.65, 50.66], [54.636, 50.592], [54.596, 50.551], [54.555, 50.536], [54.517, 50.541], [54.471, 50.584], [54.443, 50.674], [54.421, 50.78], [54.298, 50.914], [54.191, 50.996], [54.14, 51.041], [54.042, 51.115], [53.957, 51.161], [53.776, 51.214], [53.688, 51.252], [53.535, 51.4], [53.449, 51.445], [53.338, 51.482], [53.247, 51.494], [53.227, 51.485], [53.038, 51.464], [52.903, 51.467], [52.821, 51.495], [52.735, 51.498], [52.728, 51.498], [52.635, 51.48], [52.618, 51.481], [52.571, 51.482], [52.496, 51.512], [52.423, 51.594], [52.331, 51.681], [52.219, 51.709], [52.007, 51.673], [51.775, 51.554], [51.609, 51.484], [51.473, 51.482], [51.396, 51.471], [51.345, 51.475], [51.301, 51.497], [51.291, 51.54], [51.27, 51.594], [51.163, 51.647], [51.018, 51.682], [50.882, 51.719], [50.794, 51.729], [50.756, 51.675], [50.644, 51.589], [50.516, 51.506], [50.354, 51.37], [50.309, 51.322], [50.247, 51.29], [50.105, 51.255], [49.932, 51.197], [49.822, 51.132], [49.666, 51.102], [49.498, 51.084], [49.425, 51.027], [49.379, 50.935], [49.323, 50.852], [49.059, 50.726], [48.914, 50.645], [48.808, 50.601], [48.735, 50.607], [48.655, 50.62], [48.625, 50.613], [48.666, 50.55], [48.7, 50.354], [48.749, 50.228], [48.785, 50.156], [48.818, 50.1], [48.843, 50.013], [48.81, 49.962], [48.759, 49.928], [48.6, 49.875], [48.434, 49.829], [48.335, 49.858], [48.225, 49.932], [48.181, 49.97], [48.061, 50.094], [47.85, 50.282], [47.706, 50.378], [47.6, 50.414], [47.504, 50.403], [47.429, 50.358], [47.376, 50.318], [47.326, 50.274], [47.295, 50.217], [47.298, 50.14], [47.295, 50.058], [47.248, 50.001], [47.13, 49.939], [46.992, 49.853], [46.89, 49.697], [46.823, 49.502], [46.802, 49.367], [46.853, 49.304], [46.953, 49.253], [47.018, 49.2], [47.031, 49.15], [47.014, 49.098], [46.962, 49.038], [46.853, 48.97], [46.703, 48.806], [46.609, 48.574], [46.661, 48.412], [46.853, 48.324], [47.004, 48.284], [47.065, 48.232], [47.119, 48.127], [47.112, 48.02], [47.093, 47.948], [47.131, 47.877], [47.202, 47.792], [47.292, 47.741], [47.387, 47.769], [47.482, 47.804], [47.6, 47.79], [47.935, 47.761], [48.11, 47.745], [48.167, 47.709], [48.276, 47.59], [48.413, 47.456], [48.553, 47.321], [48.601, 47.262], [48.714, 47.1], [48.832, 46.955], [48.959, 46.775], [48.95, 46.726], [48.884, 46.705], [48.776, 46.71], [48.694, 46.737], [48.647, 46.759], [48.605, 46.766], [48.558, 46.757], [48.519, 46.734], [48.502, 46.699], [48.509, 46.65], [48.541, 46.606], [48.586, 46.577], [48.61, 46.566], [48.774, 46.508], [48.959, 46.442], [49.184, 46.349], [49.232, 46.337], [49.246, 46.292], [49.125, 46.282], [49.111, 46.228], [49.08, 46.189], [48.81, 46.1], [48.743, 46.101], [48.684, 46.086], [48.687, 46.029], [48.703, 45.976], [48.75, 45.921], [48.73, 45.897], [48.69, 45.889], [48.637, 45.906], [48.589, 45.935], [48.537, 45.942], [48.487, 45.935], [48.258, 45.778], [48.159, 45.737], [48.053, 45.721], [47.83, 45.663], [47.764, 45.666], [47.701, 45.686], [47.65, 45.657], [47.633, 45.584], [47.574, 45.634], [47.508, 45.674], [47.479, 45.688], [47.463, 45.68], [47.524, 45.602], [47.529, 45.53], [47.515, 45.491], [47.489, 45.455], [47.454, 45.433], [47.413, 45.421], [47.391, 45.295], [47.351, 45.218], [47.296, 45.149], [47.221, 45.024], [47.162, 44.97], [47.115, 44.906], [47.084, 44.817], [47.039, 44.838], [47.003, 44.876], [46.984, 44.826], [46.957, 44.783], [46.841, 44.718], [46.755, 44.657], [46.716, 44.561], [46.707, 44.503], [46.721, 44.452], [46.753, 44.421], [46.916, 44.387], [47.024, 44.343], [47.123, 44.262], [47.23, 44.192], [47.307, 44.103], [47.362, 43.993], [47.429, 43.78], [47.463, 43.555], [47.563, 43.835], [47.646, 43.885], [47.628, 43.806], [47.568, 43.685], [47.509, 43.51], [47.49, 43.382], [47.512, 43.271], [47.513, 43.219], [47.463, 43.035], [47.489, 43.0], [47.529, 42.967], [47.635, 42.903], [47.709, 42.811], [47.728, 42.681], [47.77, 42.645], [47.822, 42.613], [48.08, 42.354], [48.229, 42.181], [48.303, 42.08], [48.384, 41.953], [48.426, 41.924], [48.477, 41.905], [48.573, 41.844], [48.519, 41.779], [48.431, 41.663], [48.391, 41.602], [48.298, 41.545], [48.142, 41.485], [48.056, 41.459], [47.964, 41.334], [47.861, 41.213], [47.791, 41.199], [47.592, 41.218], [47.521, 41.229], [47.318, 41.282], [47.261, 41.315], [47.205, 41.456], [47.143, 41.516], [47.064, 41.555], [47.01, 41.587], [46.988, 41.621], [46.931, 41.67], [46.826, 41.743], [46.749, 41.813], [46.69, 41.831], [46.616, 41.807], [46.571, 41.8], [46.552, 41.812], [46.538, 41.87], [46.43, 41.891], [46.412, 41.905], [46.268, 41.96], [46.213, 41.99], [46.16, 41.992], [46.048, 42.009], [45.954, 42.035], [45.91, 42.071], [45.846, 42.11], [45.727, 42.159], [45.639, 42.205], [45.634, 42.235], [45.688, 42.357], [45.728, 42.475], [45.705, 42.498], [45.656, 42.518], [45.563, 42.536], [45.344, 42.53], [45.208, 42.648], [45.16, 42.675], [45.072, 42.694], [44.943, 42.73], [44.871, 42.756], [44.85, 42.747], [44.771, 42.617], [44.692, 42.71], [44.644, 42.735], [44.576, 42.748], [44.506, 42.749], [44.329, 42.704], [44.2, 42.654], [44.103, 42.616], [44.005, 42.596], [43.957, 42.567], [43.826, 42.572], [43.76, 42.594], [43.738, 42.617], [43.75, 42.658], [43.795, 42.703], [43.799, 42.728], [43.783, 42.747], [43.623, 42.808], [43.558, 42.844], [43.348, 42.897], [43.089, 42.989], [43.0, 43.05], [42.992, 43.092], [42.89, 43.133], [42.761, 43.17], [42.66, 43.159], [42.566, 43.155], [42.419, 43.224], [42.28, 43.228], [42.122, 43.207], [42.088, 43.199], [42.05, 43.19], [41.581, 43.219], [41.461, 43.276], [41.358, 43.333], [41.083, 43.374], [40.942, 43.418], [40.802, 43.48], [40.648, 43.534], [40.519, 43.512], [40.342, 43.543], [40.15, 43.57], [40.085, 43.553], [40.024, 43.485], [39.978, 43.42], [39.874, 43.473], [39.517, 43.728], [39.329, 43.897], [38.717, 44.288], [38.636, 44.318], [38.312, 44.374], [38.181, 44.42], [37.851, 44.699], [37.705, 44.661], [37.572, 44.671], [37.495, 44.695], [37.411, 44.735], [37.352, 44.788], [37.284, 44.905], [37.205, 44.972], [36.944, 45.07], [36.651, 45.126], [36.628, 45.151], [36.619, 45.185], [36.873, 45.252], [36.941, 45.29], [36.811, 45.34], [36.762, 45.348], [36.72, 45.372], [36.794, 45.41], [36.866, 45.427], [36.978, 45.384], [37.104, 45.303], [37.214, 45.272], [37.264, 45.311], [37.647, 45.377], [37.673, 45.43], [37.672, 45.488], [37.634, 45.486], [37.61, 45.5], [37.612, 45.565], [37.669, 45.654], [37.841, 45.8], [37.933, 46.002], [38.014, 46.048], [38.074, 46.017], [38.07, 45.97], [38.08, 45.935], [38.133, 46.003], [38.184, 46.095], [38.312, 46.095], [38.4, 46.08], [38.492, 46.091], [38.315, 46.242], [38.078, 46.394], [37.978, 46.383], [37.914, 46.406], [37.81, 46.532], [37.767, 46.636], [37.867, 46.634], [37.968, 46.618], [38.159, 46.691], [38.23, 46.701], [38.343, 46.678], [38.501, 46.664], [38.488, 46.732], [38.439, 46.813], [38.631, 46.873], [38.801, 46.906], [39.127, 47.023], [39.271, 47.044], [39.289, 47.071], [39.293, 47.106], [39.245, 47.2], [39.196, 47.269], [39.024, 47.272], [38.928, 47.176], [38.668, 47.144], [38.552, 47.15], [38.644, 47.212], [38.736, 47.236], [38.762, 47.262], [38.577, 47.239], [38.485, 47.176], [38.214, 47.091], [38.206, 47.136], [38.201, 47.175], [38.221, 47.213], [38.265, 47.237], [38.281, 47.259], [38.281, 47.277], [38.241, 47.288], [38.208, 47.297], [38.201, 47.321], [38.212, 47.343], [38.243, 47.374], [38.257, 47.409], [38.259, 47.48], [38.287, 47.559], [38.369, 47.61], [38.511, 47.622], [38.641, 47.666], [38.719, 47.714], [38.822, 47.837], [38.9, 47.855], [39.058, 47.848], [39.158, 47.837], [39.391, 47.834], [39.658, 47.841], [39.736, 47.845], [39.779, 47.888], [39.776, 47.964], [39.814, 48.035], [39.885, 48.168], [39.961, 48.238], [39.958, 48.269], [39.918, 48.282], [39.866, 48.288], [39.847, 48.303], [39.85, 48.332], [39.89, 48.36], [39.883, 48.419], [39.858, 48.484], [39.836, 48.543], [39.765, 48.572], [39.645, 48.591], [39.67, 48.662], [39.705, 48.739], [39.756, 48.782], [39.793, 48.808], [39.904, 48.794], [39.984, 48.807], [40.004, 48.822], [39.989, 48.851], [39.864, 48.878], [39.753, 48.914], [39.706, 48.96], [39.687, 49.008], [39.759, 49.037], [39.89, 49.064], [39.976, 49.13], [40.07, 49.2], [40.109, 49.252], [40.128, 49.307], [40.126, 49.369], [40.058, 49.432], [40.058, 49.497], [40.095, 49.543], [40.081, 49.577], [40.031, 49.597], [39.958, 49.591], [39.877, 49.568], [39.781, 49.572], [39.627, 49.651], [39.463, 49.728], [39.368, 49.731], [39.303, 49.742], [39.246, 49.782], [39.212, 49.833], [39.175, 49.856], [39.115, 49.842], [39.028, 49.818], [38.918, 49.825], [38.777, 49.884], [38.648, 49.953], [38.552, 49.955], [38.451, 49.964], [38.259, 50.052], [38.209, 50.051], [38.178, 50.025], [38.163, 49.955], [38.147, 49.939], [38.112, 49.928], [38.047, 49.92], [37.95, 49.964], [37.704, 50.109], [37.605, 50.215], [37.582, 50.292], [37.501, 50.341], [37.423, 50.411], [37.343, 50.418], [37.255, 50.395], [37.171, 50.361], [37.131, 50.352], [36.988, 50.34], [36.759, 50.292], [36.696, 50.246], [36.619, 50.209], [36.56, 50.235], [36.5, 50.28], [36.369, 50.297], [36.306, 50.28], [36.243, 50.312], [36.189, 50.368], [36.116, 50.409], [36.008, 50.42], [35.89, 50.437], [35.796, 50.406], [35.674, 50.346], [35.591, 50.369], [35.546, 50.44], [35.488, 50.46], [35.412, 50.54], [35.392, 50.611], [35.412, 50.642], [35.44, 50.682], [35.44, 50.728], [35.417, 50.768], [35.383, 50.799], [35.346, 50.904], [35.315, 50.95], [35.309, 50.987], [35.335, 51.021], [35.312, 51.044], [35.269, 51.047], [35.198, 51.044], [35.158, 51.061], [35.115, 51.121], [35.093, 51.181], [35.064, 51.203], [34.99, 51.202], [34.869, 51.189], [34.76, 51.169], [34.712, 51.172], [34.617, 51.203], [34.491, 51.237], [34.234, 51.244], [34.214, 51.255], [34.228, 51.277], [34.281, 51.312], [34.275, 51.34], [34.23, 51.363], [34.207, 51.42], [34.209, 51.484], [34.201, 51.554], [34.147, 51.608], [34.115, 51.645], [34.121, 51.679], [34.239, 51.692], [34.379, 51.717], [34.403, 51.742], [34.398, 51.78], [34.113, 51.98], [34.015, 52.156], [33.922, 52.251], [33.819, 52.316], [33.735, 52.345], [33.613, 52.333], [33.452, 52.334], [33.287, 52.354], [33.148, 52.34], [32.9, 52.256], [32.806, 52.253], [32.645, 52.279], [32.508, 52.309], [32.435, 52.307], [32.391, 52.295], [32.363, 52.272], [32.283, 52.114], [32.217, 52.083], [32.122, 52.051], [32.042, 52.045], [31.974, 52.047], [31.876, 52.071], [31.782, 52.099], [31.763, 52.101], [31.759, 52.126], [31.691, 52.221], [31.65, 52.262], [31.602, 52.285], [31.577, 52.312], [31.577, 52.426], [31.586, 52.532], [31.616, 52.546], [31.526, 52.633], [31.519, 52.699], [31.563, 52.731], [31.565, 52.759], [31.535, 52.798], [31.443, 52.862], [31.353, 52.933], [31.295, 52.99], [31.259, 53.017], [31.303, 53.061], [31.365, 53.139], [31.388, 53.185], [31.418, 53.196], [31.563, 53.202], [31.668, 53.201], [31.747, 53.184], [31.777, 53.147], [31.85, 53.106], [32.055, 53.089], [32.142, 53.091], [32.251, 53.128], [32.426, 53.211], [32.469, 53.27], [32.578, 53.312], [32.644, 53.329], [32.704, 53.336], [32.71, 53.371], [32.706, 53.419], [32.686, 53.448], [32.47, 53.547], [32.442, 53.579], [32.425, 53.617], [32.451, 53.653], [32.45, 53.693], [32.2, 53.781], [31.992, 53.797], [31.821, 53.792], [31.754, 53.81], [31.783, 53.855], [31.825, 53.935], [31.838, 54.001], [31.826, 54.031], [31.792, 54.056], [31.628, 54.111], [31.404, 54.196], [31.299, 54.292], [31.246, 54.392], [31.185, 54.453], [31.075, 54.492], [31.082, 54.517], [31.155, 54.611], [31.152, 54.625], [31.121, 54.648], [30.984, 54.696], [30.799, 54.783], [30.791, 54.806], [30.804, 54.861], [30.83, 54.915], [30.867, 54.941], [30.978, 55.05], [30.978, 55.088], [30.959, 55.138], [30.877, 55.223], [30.814, 55.279], [30.811, 55.307], [30.821, 55.33], [30.862, 55.36], [30.901, 55.397], [30.909, 55.525], [30.907, 55.57], [30.882, 55.596], [30.856, 55.608], [30.801, 55.601], [30.722, 55.622], [30.662, 55.655], [30.626, 55.666], [30.587, 55.7], [30.475, 55.769], [30.456, 55.787], [30.234, 55.845], [30.043, 55.836], [29.937, 55.845], [29.882, 55.832], [29.824, 55.795], [29.744, 55.77], [29.685, 55.77], [29.63, 55.751], [29.482, 55.685], [29.413, 55.725], [29.353, 55.784], [29.373, 55.835], [29.398, 55.881], [29.396, 55.912], [29.375, 55.939], [29.283, 55.968], [29.087, 56.021], [29.032, 56.022], [28.947, 56.002], [28.795, 55.943], [28.741, 55.955], [28.691, 56.003], [28.637, 56.062], [28.564, 56.092], [28.407, 56.089], [28.392, 56.087], [28.316, 56.053], [28.284, 56.056], [28.148, 56.143], [28.173, 56.19], [28.202, 56.26], [28.192, 56.316], [28.169, 56.387], [28.111, 56.511], [28.103, 56.546], [28.008, 56.6], [27.992, 56.645], [27.941, 56.704], [27.892, 56.741], [27.882, 56.824], [27.849, 56.853], [27.806, 56.867], [27.656, 56.843], [27.639, 56.846], [27.711, 56.978], [27.717, 57.055], [27.763, 57.135], [27.815, 57.167], [27.83, 57.194], [27.838, 57.248], [27.829, 57.293], [27.797, 57.317], [27.673, 57.368], [27.539, 57.43], [27.511, 57.508], [27.47, 57.524], [27.352, 57.528], [27.354, 57.55], [27.372, 57.613], [27.4, 57.667], [27.492, 57.725], [27.515, 57.764], [27.542, 57.799], [27.753, 57.841], [27.777, 57.857], [27.779, 57.871], [27.769, 57.884], [27.722, 57.905], [27.673, 57.935], [27.644, 58.014], [27.571, 58.138], [27.502, 58.221], [27.488, 58.27], [27.506, 58.326], [27.53, 58.381], [27.531, 58.435], [27.427, 58.733], [27.434, 58.787], [27.464, 58.841], [27.513, 58.886], [27.622, 58.945], [27.758, 59.052], [27.85, 59.193], [27.898, 59.278], [27.938, 59.297], [28.016, 59.302], [28.046, 59.328], [28.061, 59.343], [28.128, 59.358], [28.151, 59.374], [28.133, 59.403], [28.066, 59.453], [28.012, 59.484], [28.064, 59.554], [28.046, 59.647], [28.014, 59.725], [28.058, 59.782], [28.131, 59.787], [28.212, 59.725], [28.335, 59.693], [28.424, 59.734], [28.454, 59.814], [28.518, 59.85], [28.604, 59.818], [28.748, 59.807], [28.867, 59.812], [28.947, 59.829], [28.982, 59.855], [29.013, 59.902], [29.079, 59.961], [29.147, 60.0], [29.67, 59.956], [30.123, 59.874], [30.157, 59.904], [30.173, 59.957], [30.06, 60.003], [29.977, 60.026], [29.872, 60.121], [29.721, 60.195], [29.569, 60.202], [29.37, 60.176], [29.069, 60.191], [28.813, 60.332], [28.643, 60.375], [28.522, 60.483], [28.492, 60.54], [28.622, 60.492], [28.64, 60.543], [28.651, 60.611], [28.578, 60.653], [28.513, 60.677], [28.179, 60.571], [27.798, 60.536], [28.152, 60.746], [28.407, 60.897], [28.455, 60.92], [28.568, 60.96], [28.663, 61.003], [28.739, 61.059], [28.993, 61.169], [29.252, 61.288], [29.492, 61.444], [29.579, 61.493], [29.69, 61.546], [29.933, 61.712], [30.01, 61.757], [30.306, 61.965], [30.48, 62.068], [30.566, 62.128], [30.936, 62.324], [31.187, 62.481], [31.286, 62.568], [31.382, 62.692], [31.437, 62.776], [31.534, 62.885], [31.537, 62.922], [31.509, 62.955], [31.437, 63.008], [31.337, 63.068], [31.247, 63.142], [31.181, 63.208], [30.975, 63.301], [30.655, 63.417], [30.419, 63.504], [30.055, 63.689], [29.992, 63.735], [30.004, 63.747], [30.21, 63.803], [30.415, 63.948], [30.504, 64.021], [30.526, 64.077], [30.528, 64.141], [30.514, 64.2], [30.488, 64.237], [30.391, 64.282], [30.108, 64.366], [30.042, 64.443], [29.987, 64.524], [29.986, 64.558], [30.12, 64.645], [30.126, 64.688], [30.11, 64.733], [30.073, 64.765], [29.783, 64.804], [29.702, 64.846], [29.637, 64.912], [29.604, 64.968], [29.601, 65.002], [29.622, 65.04], [29.72, 65.08], [29.811, 65.108], [29.827, 65.145], [29.826, 65.185], [29.811, 65.205], [29.63, 65.224], [29.612, 65.235], [29.608, 65.249], [29.617, 65.265], [29.715, 65.337], [29.728, 65.473], [29.819, 65.569], [29.716, 65.625], [29.724, 65.634], [29.883, 65.664], [30.029, 65.671], [30.095, 65.682], [30.103, 65.726], [30.087, 65.787], [29.937, 66.023], [29.903, 66.091], [29.804, 66.177], [29.721, 66.235], [29.671, 66.276], [29.591, 66.357], [29.544, 66.44], [29.464, 66.532], [29.371, 66.617], [29.293, 66.696], [29.093, 66.849], [29.066, 66.892], [29.069, 66.93], [29.087, 66.971], [29.243, 67.097], [29.388, 67.201], [29.572, 67.324], [29.751, 67.426], [29.941, 67.547], [29.988, 67.668], [29.979, 67.689], [29.822, 67.754], [29.524, 67.929], [29.344, 68.062], [29.063, 68.118], [28.685, 68.19], [28.56, 68.351], [28.471, 68.488], [28.479, 68.538], [28.752, 68.771], [28.778, 68.814], [28.773, 68.84], [28.745, 68.856], [28.706, 68.866], [28.454, 68.872], [28.414, 68.904], [28.566, 68.928], [28.692, 68.961], [28.899, 69.01], [28.966, 69.022], [29.119, 69.05], [29.171, 69.072], [29.21, 69.097], [29.353, 69.271], [29.388, 69.298], [29.833, 69.36], [29.994, 69.392], [30.087, 69.433], [30.132, 69.464], [30.164, 69.502], [30.187, 69.543], [30.196, 69.581], [30.16, 69.63], [30.18, 69.636], [30.228, 69.634], [30.38, 69.585], [30.615, 69.533], [30.789, 69.529], [30.861, 69.538], [30.897, 69.561], [30.922, 69.606], [30.924, 69.652], [30.87, 69.783], [31.05, 69.769], [31.453, 69.69], [31.547, 69.697], [31.666, 69.721], [31.789, 69.816], [31.879, 69.832], [31.998, 69.81], [32.031, 69.835], [31.969, 69.914], [31.985, 69.954], [32.392, 69.869], [32.565, 69.806], [32.942, 69.752], [33.008, 69.722], [33.013, 69.671], [32.995, 69.626], [32.915, 69.602], [32.754, 69.606], [32.177, 69.674], [32.092, 69.633], [32.161, 69.597], [32.331, 69.554], [32.378, 69.479], [32.637, 69.489], [32.884, 69.461], [33.0, 69.47], [33.021, 69.446], [32.942, 69.383], [32.979, 69.367], [33.256, 69.428], [33.385, 69.444], [33.454, 69.428], [33.464, 69.378], [33.418, 69.315], [33.413, 69.267], [33.328, 69.152], [33.196, 69.117], [33.141, 69.069], [33.333, 69.098], [33.436, 69.13], [33.627, 69.289], [33.684, 69.31], [34.229, 69.313], [34.353, 69.303], [34.864, 69.228], [35.01, 69.221], [35.176, 69.231], [35.233, 69.266], [35.29, 69.275], [35.858, 69.192], [36.618, 69.003], [37.731, 68.692], [38.358, 68.415], [38.43, 68.356], [38.657, 68.322], [38.706, 68.345], [38.832, 68.325], [39.569, 68.072], [39.823, 68.059], [39.79, 68.112], [39.746, 68.162], [39.809, 68.151], [39.896, 68.115], [40.036, 68.015], [40.207, 67.942], [40.381, 67.832], [40.526, 67.79], [40.657, 67.774], [40.766, 67.743], [40.966, 67.713], [41.061, 67.444], [41.134, 67.386], [41.134, 67.267], [41.262, 67.218], [41.359, 67.21], [41.354, 67.121], [41.276, 66.914], [41.189, 66.826], [40.522, 66.447], [40.103, 66.3], [39.289, 66.132], [38.654, 66.069], [38.398, 66.064], [37.901, 66.096], [37.628, 66.13], [37.295, 66.225], [36.984, 66.273], [36.77, 66.294], [36.373, 66.302], [35.513, 66.396], [35.364, 66.429], [34.825, 66.611], [34.61, 66.56], [34.483, 66.55], [34.396, 66.613], [34.431, 66.63], [34.452, 66.651], [34.146, 66.703], [33.894, 66.707], [33.76, 66.751], [33.595, 66.785], [33.523, 66.764], [33.482, 66.765], [33.15, 66.844], [33.002, 66.908], [32.848, 67.022], [32.885, 67.061], [32.93, 67.087], [32.4, 67.153], [31.895, 67.161], [31.983, 67.13], [32.202, 67.113], [32.341, 67.068], [32.501, 67.004], [32.464, 66.916], [32.686, 66.83], [32.857, 66.747], [32.862, 66.721], [32.929, 66.704], [33.181, 66.68], [33.224, 66.604], [33.183, 66.574], [33.217, 66.532], [33.405, 66.484], [33.518, 66.471], [33.656, 66.443], [33.593, 66.385], [33.477, 66.347], [33.361, 66.33], [33.416, 66.316], [33.567, 66.321], [34.113, 66.225], [34.4, 66.128], [34.692, 65.952], [34.786, 65.865], [34.793, 65.816], [34.777, 65.768], [34.735, 65.716], [34.716, 65.664], [34.616, 65.51], [34.544, 65.457], [34.406, 65.396], [34.536, 65.278], [34.671, 65.168], [34.804, 64.986], [34.827, 64.913], [34.833, 64.8], [34.952, 64.756], [34.905, 64.739], [34.858, 64.707], [34.87, 64.56], [35.035, 64.44], [35.284, 64.363], [35.432, 64.347], [35.647, 64.378], [35.802, 64.335], [36.146, 64.189], [36.302, 64.034], [36.365, 64.003], [36.714, 63.945], [36.975, 63.91], [37.373, 63.817], [37.442, 63.813], [37.635, 63.893], [37.968, 63.949], [38.071, 64.026], [38.062, 64.091], [37.977, 64.207], [37.954, 64.32], [37.844, 64.366], [37.741, 64.397], [37.43, 64.374], [37.29, 64.378], [37.184, 64.408], [37.04, 64.489], [36.769, 64.685], [36.624, 64.751], [36.579, 64.791], [36.528, 64.847], [36.535, 64.939], [36.653, 64.935], [36.786, 64.987], [36.883, 65.172], [37.05, 65.196], [37.141, 65.194], [37.528, 65.108], [38.009, 64.879], [38.116, 64.855], [38.228, 64.851], [38.412, 64.857], [38.442, 64.827], [38.541, 64.791], [38.613, 64.787], [39.054, 64.714], [39.567, 64.571], [39.758, 64.577], [39.833, 64.656], [39.849, 64.691], [40.058, 64.771], [40.204, 64.784], [40.408, 64.755], [40.445, 64.779], [40.375, 64.896], [40.281, 64.998], [40.143, 65.063], [39.896, 65.255], [39.798, 65.35], [39.749, 65.448], [39.781, 65.535], [39.817, 65.598], [40.328, 65.752], [40.513, 65.844], [40.692, 65.963], [40.774, 65.988], [41.076, 66.021], [41.476, 66.123], [41.781, 66.259], [42.084, 66.466], [42.211, 66.52], [42.314, 66.515], [42.451, 66.482], [42.602, 66.423], [42.807, 66.411], [43.006, 66.421], [43.233, 66.416], [43.551, 66.321], [43.603, 66.291], [43.653, 66.251], [43.55, 66.173], [43.542, 66.123], [43.624, 66.147], [43.737, 66.158], [43.844, 66.142], [43.944, 66.099], [44.017, 66.05], [44.104, 66.009], [44.132, 66.065], [44.145, 66.113], [44.097, 66.235], [44.221, 66.407], [44.316, 66.482], [44.489, 66.672], [44.437, 66.795], [44.429, 66.938], [44.404, 67.004], [44.292, 67.1], [44.074, 67.167], [43.855, 67.189], [43.782, 67.254], [43.796, 67.33], [43.856, 67.439], [44.036, 67.671], [44.225, 67.996], [44.232, 68.071], [44.214, 68.113], [44.226, 68.154], [44.205, 68.254], [44.169, 68.327], [43.404, 68.609], [43.358, 68.636], [43.333, 68.673], [43.413, 68.682], [43.472, 68.68], [44.048, 68.549], [44.175, 68.542], [45.078, 68.578], [45.519, 68.547], [45.892, 68.48], [46.158, 68.291], [46.43, 68.119], [46.684, 67.97], [46.69, 67.849], [46.429, 67.824], [46.174, 67.818], [45.529, 67.758], [45.374, 67.689], [44.939, 67.477], [44.902, 67.413], [44.939, 67.351], [45.139, 67.285], [45.562, 67.186], [45.753, 66.989], [45.885, 66.891], [45.986, 66.853], [46.084, 66.844], [46.298, 66.843], [46.449, 66.819], [46.492, 66.8], [46.552, 66.819], [46.691, 66.826], [47.496, 66.93], [47.656, 66.976], [47.709, 67.045], [47.768, 67.276], [47.839, 67.356], [47.908, 67.455], [47.883, 67.515], [47.875, 67.584], [48.279, 67.65], [48.654, 67.695], [48.833, 67.681], [48.878, 67.731], [48.763, 67.827], [48.696, 67.874], [48.754, 67.896], [48.841, 67.87], [48.954, 67.854], [49.155, 67.87], [49.931, 68.065], [50.233, 68.175], [50.414, 68.218], [50.699, 68.318], [50.839, 68.35], [51.079, 68.363], [51.336, 68.402], [51.617, 68.476], [51.995, 68.539], [52.056, 68.541], [52.129, 68.532], [52.285, 68.459], [52.227, 68.419], [52.183, 68.374], [52.259, 68.351], [52.322, 68.34], [52.397, 68.352], [52.475, 68.382], [52.67, 68.427], [52.723, 68.484], [52.648, 68.506], [52.55, 68.592], [52.435, 68.61], [52.344, 68.608], [52.684, 68.731], [53.413, 68.913], [53.802, 68.996], [54.186, 69.003], [54.491, 68.992], [54.376, 68.965], [53.874, 68.927], [53.798, 68.907], [53.798, 68.885], [53.92, 68.871], [53.971, 68.844], [53.929, 68.812], [53.891, 68.802], [53.834, 68.709], [53.759, 68.634], [53.918, 68.537], [53.931, 68.436], [53.829, 68.383], [53.69, 68.403], [53.567, 68.367], [53.343, 68.343], [53.293, 68.312], [53.261, 68.267], [53.403, 68.257], [53.515, 68.26], [53.914, 68.231], [53.968, 68.227], [54.099, 68.259], [54.233, 68.266], [54.394, 68.275], [54.476, 68.294], [54.561, 68.273], [54.718, 68.184], [54.861, 68.202], [54.923, 68.374], [55.151, 68.48], [55.418, 68.568], [55.675, 68.576], [55.925, 68.637], [56.044, 68.649], [56.276, 68.624], [56.62, 68.619], [56.909, 68.567], [57.127, 68.554], [57.444, 68.642], [58.173, 68.89], [58.237, 68.834], [58.354, 68.916], [58.919, 69.004], [59.057, 69.006], [59.06, 68.973], [59.11, 68.896], [59.22, 68.85], [59.371, 68.738], [59.298, 68.708], [59.223, 68.691], [59.112, 68.616], [59.099, 68.444], [59.311, 68.4], [59.604, 68.351], [59.726, 68.352], [59.828, 68.38], [59.859, 68.396], [59.897, 68.422], [59.923, 68.471], [59.941, 68.51], [59.865, 68.605], [59.896, 68.706], [60.16, 68.7], [60.489, 68.729], [60.638, 68.787], [60.815, 68.895], [60.934, 68.987], [60.859, 69.146], [60.665, 69.11], [60.337, 69.457], [60.171, 69.591], [60.276, 69.653], [60.559, 69.692], [60.813, 69.821], [60.909, 69.847], [61.016, 69.851], [61.771, 69.763], [62.631, 69.743], [63.361, 69.675], [64.19, 69.535], [64.592, 69.436], [64.929, 69.325], [64.896, 69.248], [65.032, 69.27], [65.327, 69.201], [65.528, 69.173], [65.736, 69.132], [65.813, 69.077], [66.085, 69.036], [66.366, 68.961], [66.416, 68.948], [66.756, 68.892], [67.002, 68.874], [67.149, 68.754], [67.64, 68.579], [67.731, 68.514], [68.157, 68.404], [68.371, 68.314], [68.504, 68.348], [68.829, 68.567], [69.024, 68.818], [69.141, 68.951], [68.924, 68.956], [68.763, 68.917], [68.66, 68.927], [68.543, 68.967], [68.355, 69.068], [68.117, 69.236], [68.073, 69.421], [68.006, 69.48], [67.774, 69.53], [67.624, 69.584], [67.064, 69.694], [66.964, 69.656], [66.934, 69.597], [66.897, 69.554], [66.84, 69.609], [66.804, 69.659], [66.803, 69.74], [66.832, 69.842], [66.926, 70.014], [67.069, 70.006], [67.144, 70.031], [67.239, 70.108], [67.197, 70.172], [67.146, 70.22], [67.157, 70.295], [67.247, 70.5], [67.285, 70.739], [67.212, 70.798], [67.143, 70.838], [66.822, 70.797], [66.702, 70.819], [66.675, 70.865], [66.666, 70.901], [66.759, 70.962], [66.847, 71.064], [66.693, 71.042], [66.64, 71.081], [66.768, 71.14], [66.918, 71.282], [67.274, 71.348], [67.542, 71.412], [67.959, 71.548], [68.269, 71.683], [68.469, 71.853], [68.607, 72.013], [68.83, 72.392], [69.039, 72.67], [69.391, 72.956], [69.612, 72.982], [69.694, 72.978], [69.709, 72.956], [69.659, 72.932], [69.645, 72.898], [69.738, 72.885], [69.888, 72.883], [70.172, 72.901], [70.655, 72.89], [71.5, 72.914], [71.617, 72.902], [71.93, 72.82], [72.101, 72.829], [72.446, 72.79], [72.634, 72.744], [72.812, 72.691], [72.787, 72.483], [72.753, 72.343], [72.624, 72.079], [72.574, 72.013], [72.375, 71.822], [72.279, 71.696], [72.13, 71.609], [71.912, 71.548], [71.884, 71.511], [71.867, 71.457], [72.079, 71.307], [72.581, 71.151], [72.704, 70.963], [72.732, 70.823], [72.7, 70.457], [72.653, 70.403], [72.562, 70.346], [72.469, 70.275], [72.53, 70.173], [72.599, 69.793], [72.616, 69.484], [72.557, 69.378], [72.527, 69.154], [72.527, 69.081], [72.577, 68.969], [72.678, 68.875], [72.812, 68.815], [73.191, 68.707], [73.548, 68.575], [73.573, 68.533], [73.592, 68.482], [73.465, 68.431], [73.266, 68.294], [73.139, 68.181], [73.129, 68.091], [73.173, 67.973], [73.152, 67.865], [73.067, 67.767], [72.949, 67.696], [72.594, 67.587], [71.847, 67.008], [71.668, 66.94], [71.365, 66.962], [71.449, 66.879], [71.551, 66.76], [71.54, 66.683], [71.342, 66.687], [71.066, 66.604], [70.939, 66.548], [70.725, 66.519], [70.561, 66.549], [70.383, 66.602], [70.409, 66.648], [70.443, 66.668], [70.568, 66.701], [70.691, 66.745], [70.631, 66.754], [70.579, 66.754], [70.444, 66.697], [70.283, 66.686], [70.094, 66.754], [69.949, 66.83], [69.877, 66.845], [69.74, 66.815], [69.218, 66.829], [69.079, 66.816], [69.013, 66.788], [69.051, 66.766], [69.091, 66.724], [69.144, 66.641], [69.194, 66.579], [69.412, 66.511], [69.701, 66.485], [69.982, 66.401], [70.339, 66.342], [71.146, 66.367], [71.358, 66.359], [71.566, 66.334], [71.917, 66.247], [72.068, 66.253], [72.322, 66.332], [72.384, 66.507], [72.417, 66.561], [73.342, 66.807], [73.514, 66.861], [73.792, 66.995], [73.883, 67.085], [73.986, 67.328], [74.075, 67.414], [74.676, 67.695], [74.77, 67.766], [74.787, 67.898], [74.778, 67.986], [74.743, 68.074], [74.632, 68.218], [74.511, 68.303], [74.391, 68.421], [74.481, 68.659], [74.58, 68.751], [75.125, 68.862], [75.59, 68.901], [76.108, 68.976], [76.316, 68.992], [76.459, 68.978], [76.606, 68.898], [76.735, 68.777], [77.112, 68.596], [77.238, 68.47], [77.261, 68.316], [77.248, 67.941], [77.174, 67.779], [77.325, 67.736], [77.396, 67.699], [77.579, 67.644], [77.675, 67.59], [77.772, 67.57], [77.986, 67.559], [78.59, 67.578], [78.922, 67.589], [78.888, 67.613], [78.839, 67.631], [78.559, 67.639], [78.161, 67.678], [77.588, 67.752], [77.52, 67.91], [77.536, 68.008], [77.665, 68.19], [77.757, 68.222], [77.868, 68.235], [77.995, 68.259], [77.959, 68.377], [77.907, 68.482], [77.785, 68.63], [77.651, 68.903], [77.466, 68.905], [77.328, 68.959], [76.645, 69.117], [76.001, 69.235], [75.561, 69.252], [75.42, 69.239], [75.054, 69.116], [74.815, 69.091], [74.363, 69.145], [73.977, 69.115], [73.836, 69.143], [73.776, 69.198], [73.891, 69.418], [73.833, 69.504], [73.663, 69.617], [73.56, 69.707], [73.578, 69.803], [73.83, 70.176], [73.937, 70.273], [74.207, 70.445], [74.343, 70.579], [74.311, 70.654], [73.732, 71.069], [73.577, 71.217], [73.507, 71.264], [73.365, 71.32], [73.15, 71.385], [73.086, 71.445], [73.672, 71.845], [73.939, 71.915], [74.311, 71.958], [74.489, 71.997], [74.804, 72.077], [74.992, 72.145], [75.053, 72.199], [75.09, 72.263], [75.097, 72.421], [75.06, 72.549], [75.008, 72.619], [74.897, 72.71], [74.787, 72.812], [74.865, 72.838], [74.942, 72.854], [75.152, 72.853], [75.369, 72.797], [75.475, 72.685], [75.604, 72.581], [75.603, 72.512], [75.591, 72.457], [75.644, 72.382], [75.691, 72.35], [75.741, 72.296], [75.694, 72.254], [75.644, 72.232], [75.55, 72.171], [75.395, 71.983], [75.274, 71.959], [75.247, 71.813], [75.503, 71.655], [75.469, 71.534], [75.417, 71.495], [75.28, 71.43], [75.298, 71.378], [75.332, 71.342], [75.734, 71.266], [76.11, 71.219], [76.742, 71.202], [76.929, 71.128], [76.995, 71.181], [77.59, 71.168], [78.068, 70.986], [78.321, 70.93], [78.526, 70.912], [78.942, 70.934], [79.015, 70.95], [79.084, 71.002], [78.889, 70.997], [78.804, 70.974], [78.724, 70.976], [78.588, 70.994], [78.491, 71.025], [78.387, 71.087], [78.213, 71.266], [77.908, 71.324], [77.707, 71.301], [77.481, 71.312], [77.114, 71.409], [76.871, 71.447], [76.433, 71.552], [76.312, 71.595], [76.216, 71.683], [76.104, 71.829], [76.032, 71.91], [76.124, 71.927], [76.422, 72.006], [76.871, 72.033], [77.061, 72.004], [77.551, 71.842], [77.778, 71.836], [78.187, 71.907], [78.232, 71.952], [78.141, 72.045], [78.016, 72.092], [77.781, 72.114], [77.493, 72.072], [77.411, 72.108], [77.44, 72.157], [77.472, 72.192], [77.625, 72.201], [77.733, 72.229], [77.968, 72.329], [78.225, 72.377], [78.483, 72.395], [79.422, 72.381], [79.954, 72.223], [80.474, 72.153], [80.699, 72.098], [80.763, 72.089], [80.815, 72.054], [80.856, 71.97], [81.511, 71.746], [81.662, 71.716], [82.08, 71.707], [82.547, 71.759], [82.758, 71.764], [82.986, 71.749], [83.107, 71.721], [83.234, 71.668], [83.166, 71.602], [83.106, 71.562], [82.977, 71.451], [82.918, 71.42], [82.493, 71.293], [82.323, 71.26], [82.277, 71.093], [82.254, 71.056], [82.239, 70.998], [82.316, 70.879], [82.336, 70.807], [82.271, 70.707], [82.163, 70.598], [82.182, 70.511], [82.221, 70.396], [82.236, 70.43], [82.231, 70.483], [82.258, 70.544], [82.452, 70.69], [82.592, 70.89], [82.738, 70.942], [82.869, 70.955], [83.01, 70.895], [83.051, 70.815], [83.058, 70.695], [83.03, 70.581], [82.92, 70.407], [82.742, 70.286], [82.682, 70.218], [82.767, 70.154], [82.857, 70.105], [82.961, 70.088], [83.081, 70.093], [83.11, 70.11], [83.132, 70.157], [83.094, 70.221], [83.074, 70.277], [83.293, 70.321], [83.497, 70.345], [83.66, 70.418], [83.7, 70.466], [83.736, 70.546], [83.651, 70.672], [83.579, 70.766], [83.334, 70.989], [83.151, 71.104], [83.266, 71.276], [83.458, 71.468], [83.531, 71.514], [83.55, 71.544], [83.571, 71.594], [83.554, 71.65], [83.534, 71.684], [83.34, 71.828], [83.2, 71.875], [82.755, 71.903], [82.645, 71.925], [82.319, 72.072], [82.281, 72.105], [82.209, 72.211], [82.184, 72.238], [82.094, 72.265], [81.793, 72.327], [81.586, 72.352], [81.283, 72.359], [81.098, 72.39], [80.827, 72.488], [80.798, 72.52], [80.72, 72.648], [80.656, 72.712], [80.675, 72.759], [80.774, 72.861], [80.842, 72.949], [80.757, 73.025], [80.639, 73.049], [80.51, 73.086], [80.455, 73.155], [80.425, 73.231], [80.419, 73.29], [80.398, 73.357], [80.458, 73.414], [80.596, 73.474], [80.562, 73.515], [80.583, 73.568], [81.469, 73.64], [81.817, 73.659], [83.545, 73.667], [83.667, 73.686], [84.417, 73.722], [84.738, 73.763], [85.077, 73.72], [85.201, 73.722], [85.448, 73.735], [85.611, 73.822], [85.979, 73.857], [86.591, 73.894], [86.893, 73.887], [86.961, 73.861], [87.029, 73.824], [86.698, 73.717], [86.366, 73.62], [86.094, 73.578], [85.827, 73.493], [85.8, 73.459], [85.793, 73.438], [85.802, 73.372], [85.818, 73.327], [86.098, 73.273], [86.308, 73.196], [86.514, 73.14], [86.677, 73.107], [86.715, 73.126], [86.122, 73.307], [85.971, 73.347], [85.91, 73.39], [85.939, 73.456], [85.999, 73.486], [86.092, 73.519], [86.155, 73.535], [86.376, 73.569], [87.12, 73.615], [87.294, 73.705], [87.37, 73.756], [87.571, 73.811], [87.503, 73.832], [87.338, 73.846], [87.21, 73.879], [86.697, 74.195], [86.571, 74.244], [86.178, 74.279], [86.001, 74.316], [86.183, 74.423], [86.396, 74.45], [86.538, 74.444], [86.665, 74.414], [86.898, 74.325], [87.23, 74.364], [87.106, 74.404], [86.894, 74.45], [86.7, 74.522], [86.426, 74.585], [86.116, 74.629], [85.791, 74.645], [85.881, 74.74], [86.059, 74.728], [86.12, 74.757], [86.201, 74.816], [86.651, 74.682], [86.863, 74.718], [87.042, 74.779], [87.419, 74.941], [87.468, 75.013], [87.287, 75.053], [87.141, 75.072], [86.939, 75.068], [86.922, 75.113], [87.006, 75.17], [87.171, 75.192], [87.671, 75.13], [88.504, 75.29], [88.733, 75.369], [89.31, 75.47], [89.595, 75.458], [90.185, 75.591], [91.005, 75.65], [91.479, 75.65], [91.845, 75.724], [92.408, 75.75], [92.603, 75.779], [93.55, 75.854], [94.075, 75.913], [94.156, 75.959], [93.687, 75.922], [93.574, 75.956], [93.475, 75.933], [93.406, 75.901], [93.178, 75.959], [93.116, 75.945], [93.069, 75.913], [92.987, 75.903], [92.89, 75.91], [92.859, 75.979], [92.972, 76.075], [93.105, 76.026], [93.259, 76.099], [93.36, 76.101], [93.648, 76.054], [93.843, 76.101], [94.102, 76.124], [94.388, 76.103], [94.507, 76.108], [94.576, 76.152], [95.038, 76.114], [95.359, 76.14], [95.579, 76.137], [95.92, 76.113], [96.075, 76.082], [95.986, 76.01], [95.653, 75.892], [95.744, 75.872], [95.935, 75.926], [96.509, 76.006], [96.601, 75.99], [96.538, 75.922], [96.497, 75.891], [96.879, 75.931], [97.205, 76.019], [97.351, 76.033], [97.499, 75.98], [97.638, 76.029], [97.67, 76.078], [97.918, 76.089], [98.02, 76.134], [98.195, 76.166], [98.342, 76.181], [98.662, 76.243], [98.771, 76.224], [98.985, 76.208], [99.187, 76.178], [99.563, 76.109], [99.616, 76.082], [99.663, 76.078], [99.77, 76.029], [99.689, 75.956], [99.602, 75.852], [99.442, 75.803], [99.541, 75.799], [99.609, 75.811], [99.737, 75.881], [99.851, 75.93], [99.825, 76.136], [99.617, 76.24], [99.461, 76.275], [99.094, 76.384], [98.97, 76.431], [98.806, 76.481], [98.869, 76.51], [99.576, 76.471], [99.936, 76.49], [100.322, 76.479], [100.844, 76.525], [101.061, 76.477], [101.311, 76.479], [101.598, 76.439], [101.684, 76.485], [101.213, 76.536], [101.003, 76.531], [100.928, 76.557], [101.006, 76.615], [101.099, 76.704], [101.008, 76.781], [100.92, 76.823], [100.906, 76.901], [100.99, 76.99], [101.186, 77.029], [101.293, 77.102], [101.518, 77.198], [102.61, 77.509], [103.131, 77.626], [103.331, 77.641], [103.561, 77.632], [104.015, 77.73], [104.185, 77.73], [104.814, 77.652], [104.965, 77.595], [105.309, 77.549], [105.71, 77.525], [105.895, 77.489], [105.983, 77.448], [106.06, 77.391], [105.734, 77.352], [105.385, 77.238], [104.912, 77.175], [104.324, 77.133], [104.202, 77.102], [105.32, 77.092], [105.646, 77.101], [105.712, 77.001], [105.822, 76.998], [106.145, 77.045], [106.339, 77.048], [106.705, 77.014], [106.784, 77.032], [106.942, 77.034], [107.279, 76.991], [107.43, 76.927], [107.19, 76.822], [106.941, 76.73], [106.639, 76.573], [106.546, 76.586], [106.385, 76.589], [106.414, 76.512], [106.683, 76.515], [106.825, 76.48], [107.158, 76.524], [107.624, 76.51], [107.722, 76.522], [107.902, 76.57], [107.95, 76.661], [108.028, 76.718], [108.182, 76.738], [108.352, 76.72], [108.638, 76.72], [109.369, 76.749], [109.981, 76.712], [110.471, 76.758], [111.115, 76.723], [111.392, 76.687], [111.601, 76.622], [111.786, 76.604], [111.939, 76.553], [112.094, 76.48], [112.017, 76.421], [111.943, 76.38], [112.143, 76.424], [112.297, 76.435], [112.413, 76.408], [112.62, 76.384], [112.684, 76.219], [112.743, 76.187], [112.798, 76.13], [112.722, 76.077], [112.656, 76.054], [112.819, 76.059], [113.047, 76.114], [113.094, 76.133], [113.15, 76.175], [113.066, 76.215], [112.988, 76.24], [113.086, 76.258], [113.273, 76.252], [113.366, 76.179], [113.428, 76.112], [113.564, 75.892], [113.857, 75.921], [113.871, 75.856], [113.749, 75.705], [113.62, 75.593], [113.568, 75.568], [113.486, 75.564], [113.517, 75.622], [113.469, 75.657], [113.392, 75.678], [113.126, 75.699], [112.629, 75.835], [112.497, 75.85], [112.466, 75.844], [112.453, 75.83], [112.73, 75.738], [112.956, 75.572], [113.162, 75.621], [113.243, 75.611], [113.356, 75.534], [113.559, 75.502], [113.726, 75.451], [113.614, 75.293], [112.925, 75.015], [112.192, 74.853], [111.868, 74.74], [111.299, 74.658], [110.893, 74.548], [110.374, 74.466], [110.226, 74.379], [109.84, 74.322], [109.866, 74.293], [109.911, 74.261], [109.864, 74.209], [109.81, 74.169], [109.511, 74.089], [109.075, 74.032], [108.2, 73.694], [107.765, 73.625], [107.271, 73.621], [107.167, 73.589], [106.794, 73.377], [106.679, 73.331], [106.189, 73.308], [105.677, 72.959], [105.393, 72.841], [105.144, 72.777], [105.403, 72.79], [105.708, 72.837], [106.067, 72.95], [106.16, 73.002], [106.209, 73.061], [106.315, 73.106], [106.478, 73.139], [107.109, 73.177], [107.369, 73.163], [107.75, 73.173], [108.001, 73.236], [108.151, 73.258], [108.285, 73.266], [108.351, 73.31], [108.575, 73.319], [109.09, 73.378], [109.166, 73.4], [109.331, 73.487], [109.637, 73.454], [109.855, 73.472], [110.429, 73.629], [110.773, 73.689], [110.868, 73.731], [110.799, 73.76], [110.722, 73.78], [110.388, 73.726], [110.091, 73.709], [109.753, 73.723], [109.707, 73.744], [109.666, 73.8], [109.774, 73.881], [109.869, 73.931], [110.084, 73.994], [110.261, 74.017], [110.92, 73.948], [111.056, 73.939], [111.131, 74.053], [111.341, 74.047], [111.551, 74.029], [111.46, 74.005], [111.228, 73.969], [111.3, 73.885], [111.4, 73.828], [111.804, 73.745], [112.147, 73.709], [112.4, 73.711], [112.795, 73.746], [112.856, 73.771], [112.94, 73.836], [112.836, 73.962], [112.935, 73.946], [113.033, 73.914], [113.182, 73.837], [113.327, 73.707], [113.416, 73.648], [113.364, 73.583], [113.157, 73.46], [113.277, 73.392], [113.491, 73.346], [113.488, 73.145], [113.475, 73.048], [113.369, 72.942], [113.247, 72.897], [113.128, 72.831], [113.158, 72.769], [113.186, 72.73], [113.312, 72.657], [113.665, 72.635], [113.712, 72.654], [113.63, 72.677], [113.391, 72.711], [113.298, 72.739], [113.216, 72.806], [113.312, 72.878], [113.417, 72.932], [113.543, 73.054], [113.581, 73.142], [113.559, 73.233], [113.639, 73.274], [113.765, 73.318], [113.829, 73.327], [113.886, 73.346], [113.795, 73.367], [113.711, 73.379], [113.539, 73.434], [113.51, 73.505], [113.857, 73.533], [114.061, 73.585], [114.816, 73.607], [115.338, 73.703], [116.496, 73.676], [117.309, 73.599], [118.45, 73.59], [118.871, 73.538], [118.911, 73.518], [118.936, 73.481], [118.754, 73.465], [118.457, 73.464], [118.377, 73.367], [118.43, 73.247], [118.96, 73.117], [119.425, 73.064], [119.75, 72.979], [119.922, 72.971], [120.598, 72.981], [120.997, 72.937], [121.354, 72.971], [121.748, 72.97], [121.886, 72.961], [122.03, 72.897], [122.26, 72.881], [122.537, 72.878], [122.692, 72.891], [122.752, 72.906], [122.731, 72.931], [122.502, 72.971], [122.527, 73.017], [122.615, 73.028], [122.999, 72.965], [123.16, 72.955], [123.301, 73.002], [123.405, 73.086], [123.462, 73.144], [123.522, 73.173], [123.572, 73.177], [123.622, 73.193], [123.501, 73.262], [123.384, 73.347], [123.355, 73.402], [123.323, 73.431], [123.305, 73.533], [123.416, 73.637], [123.491, 73.666], [123.797, 73.627], [123.934, 73.689], [124.019, 73.712], [124.388, 73.755], [124.541, 73.751], [124.796, 73.712], [125.617, 73.521], [125.599, 73.447], [125.794, 73.468], [125.888, 73.498], [126.107, 73.517], [126.254, 73.548], [126.296, 73.537], [126.345, 73.506], [126.309, 73.464], [126.257, 73.42], [126.292, 73.394], [126.335, 73.389], [126.553, 73.335], [126.838, 73.434], [126.955, 73.528], [127.031, 73.547], [127.74, 73.482], [127.955, 73.446], [127.997, 73.426], [128.026, 73.391], [128.142, 73.352], [128.281, 73.331], [128.264, 73.301], [128.258, 73.267], [128.587, 73.262], [128.73, 73.233], [128.889, 73.19], [128.872, 73.139], [128.913, 73.111], [129.059, 73.108], [129.101, 73.112], [129.054, 73.045], [128.854, 72.973], [128.735, 72.943], [128.599, 72.895], [128.674, 72.886], [129.017, 72.872], [129.229, 72.776], [129.25, 72.705], [129.118, 72.677], [128.815, 72.586], [128.633, 72.55], [128.508, 72.547], [128.418, 72.535], [128.549, 72.496], [129.117, 72.486], [129.281, 72.438], [129.412, 72.315], [129.411, 72.166], [129.283, 72.092], [128.935, 72.079], [128.475, 72.246], [128.197, 72.31], [127.803, 72.434], [127.726, 72.413], [127.841, 72.308], [128.027, 72.25], [128.359, 72.088], [128.911, 71.755], [129.04, 71.782], [129.117, 71.825], [129.154, 71.879], [129.122, 71.953], [129.21, 71.917], [129.292, 71.85], [129.461, 71.739], [129.234, 71.745], [128.949, 71.708], [128.843, 71.663], [128.923, 71.602], [129.134, 71.593], [129.225, 71.509], [129.39, 71.405], [129.762, 71.12], [130.026, 71.065], [130.281, 70.947], [130.537, 70.893], [130.668, 70.888], [130.757, 70.962], [130.832, 70.936], [130.898, 70.804], [131.022, 70.746], [131.157, 70.742], [131.268, 70.766], [131.432, 70.828], [131.562, 70.901], [131.769, 71.101], [131.906, 71.203], [132.035, 71.244], [131.991, 71.293], [132.004, 71.35], [132.099, 71.484], [132.228, 71.643], [132.326, 71.726], [132.562, 71.895], [132.654, 71.926], [132.716, 71.871], [132.769, 71.799], [132.804, 71.768], [132.839, 71.755], [133.131, 71.607], [133.426, 71.491], [133.689, 71.434], [134.103, 71.379], [134.703, 71.387], [134.814, 71.461], [135.022, 71.515], [135.359, 71.544], [135.559, 71.61], [135.885, 71.631], [136.09, 71.62], [136.406, 71.571], [137.116, 71.416], [137.315, 71.359], [137.417, 71.299], [137.651, 71.208], [137.798, 71.164], [137.94, 71.133], [137.992, 71.143], [137.974, 71.169], [137.902, 71.194], [137.844, 71.227], [138.013, 71.261], [138.033, 71.286], [138.091, 71.307], [138.314, 71.326], [138.097, 71.359], [138.022, 71.363], [137.918, 71.384], [137.927, 71.43], [137.996, 71.464], [138.048, 71.526], [138.118, 71.566], [138.234, 71.596], [138.318, 71.603], [138.525, 71.563], [138.67, 71.635], [138.78, 71.629], [139.005, 71.556], [139.209, 71.445], [139.32, 71.445], [139.632, 71.489], [139.984, 71.492], [139.939, 71.558], [139.695, 71.7], [139.723, 71.885], [139.552, 71.927], [139.359, 71.951], [139.64, 71.998], [139.847, 72.149], [140.014, 72.162], [140.188, 72.191], [140.134, 72.21], [139.617, 72.226], [139.505, 72.208], [139.43, 72.163], [139.176, 72.163], [139.145, 72.264], [139.141, 72.33], [139.474, 72.467], [139.601, 72.496], [140.451, 72.493], [140.705, 72.519], [141.079, 72.587], [140.983, 72.63], [140.973, 72.717], [140.652, 72.843], [140.676, 72.872], [140.708, 72.89], [140.808, 72.891], [141.31, 72.858], [141.518, 72.789], [142.061, 72.721], [143.516, 72.698], [143.681, 72.673], [144.304, 72.643], [144.569, 72.61], [145.199, 72.57], [145.486, 72.542], [145.714, 72.497], [146.083, 72.471], [146.253, 72.442], [146.235, 72.35], [145.467, 72.362], [145.213, 72.393], [144.897, 72.396], [144.776, 72.382], [144.588, 72.306], [144.361, 72.265], [144.169, 72.259], [144.295, 72.193], [144.471, 72.175], [145.039, 72.26], [146.594, 72.302], [146.832, 72.295], [146.807, 72.237], [146.599, 72.124], [146.402, 72.035], [146.113, 71.945], [146.006, 71.945], [146.23, 72.138], [146.137, 72.146], [146.051, 72.142], [145.799, 72.222], [145.759, 72.226], [145.71, 72.206], [145.71, 72.178], [145.664, 72.067], [145.757, 72.021], [145.757, 71.941], [145.407, 71.89], [145.271, 71.895], [145.126, 71.927], [145.064, 71.926], [145.047, 71.901], [145.078, 71.855], [145.074, 71.831], [145.018, 71.794], [144.99, 71.753], [145.076, 71.707], [145.189, 71.696], [145.805, 71.746], [146.073, 71.808], [146.368, 71.922], [146.895, 72.198], [147.127, 72.292], [147.262, 72.328], [147.434, 72.341], [148.402, 72.312], [148.965, 72.252], [149.502, 72.164], [149.766, 72.091], [149.963, 71.992], [149.998, 71.95], [150.017, 71.896], [149.881, 71.843], [149.28, 71.826], [149.049, 71.796], [148.965, 71.763], [148.955, 71.744], [148.923, 71.715], [148.968, 71.69], [149.238, 71.688], [149.498, 71.664], [149.857, 71.601], [149.913, 71.581], [150.026, 71.521], [150.061, 71.511], [150.6, 71.52], [150.635, 71.499], [150.668, 71.455], [150.525, 71.386], [150.385, 71.339], [150.098, 71.227], [150.243, 71.267], [150.822, 71.363], [150.968, 71.38], [151.145, 71.374], [151.582, 71.287], [151.76, 71.218], [152.093, 71.023], [152.0, 71.002], [151.762, 70.982], [152.509, 70.834], [152.798, 70.836], [153.461, 70.879], [153.794, 70.88], [154.414, 70.974], [155.029, 71.034], [155.596, 71.039], [155.895, 71.096], [156.685, 71.094], [157.447, 71.075], [158.037, 71.039], [158.702, 70.935], [159.351, 70.791], [159.728, 70.65], [159.805, 70.605], [159.912, 70.506], [159.959, 70.424], [160.006, 70.31], [159.983, 70.221], [159.89, 70.159], [159.831, 70.081], [159.839, 69.99], [159.729, 69.87], [159.833, 69.785], [160.119, 69.73], [160.739, 69.655], [160.911, 69.606], [160.929, 69.459], [160.982, 69.334], [161.036, 69.098], [161.141, 69.039], [161.31, 68.982], [161.341, 68.905], [161.129, 68.654], [160.997, 68.608], [160.856, 68.538], [161.104, 68.562], [161.23, 68.654], [161.365, 68.823], [161.495, 68.85], [161.566, 68.905], [161.566, 69.064], [161.48, 69.202], [161.48, 69.3], [161.537, 69.38], [161.945, 69.545], [162.166, 69.612], [162.376, 69.649], [162.945, 69.683], [163.201, 69.715], [163.498, 69.693], [163.705, 69.702], [163.946, 69.735], [164.16, 69.719], [164.513, 69.609], [165.761, 69.584], [165.98, 69.546], [166.82, 69.5], [166.884, 69.5], [167.073, 69.554], [167.628, 69.74], [167.857, 69.728], [167.95, 69.699], [168.048, 69.626], [168.15, 69.577], [168.23, 69.447], [168.303, 69.271], [168.423, 69.24], [168.588, 69.228], [168.946, 69.163], [169.311, 69.08], [169.415, 68.92], [169.61, 68.786], [170.066, 68.799], [170.538, 68.825], [170.995, 69.045], [170.997, 69.135], [170.884, 69.264], [170.714, 69.388], [170.582, 69.583], [170.161, 69.627], [170.201, 69.683], [170.36, 69.751], [170.503, 69.857], [170.525, 69.938], [170.487, 70.108], [170.868, 70.096], [171.247, 70.076], [171.971, 70.0], [172.56, 69.968], [172.869, 69.92], [173.056, 69.865], [173.277, 69.824], [173.353, 69.924], [173.439, 69.947], [173.733, 69.891], [173.948, 69.874], [174.319, 69.882], [174.786, 69.856], [175.296, 69.86], [175.751, 69.904], [175.921, 69.895], [176.108, 69.86], [176.41, 69.769], [176.924, 69.646], [177.395, 69.612], [177.934, 69.496], [178.443, 69.453], [178.848, 69.387], [178.907, 69.362], [178.925, 69.326], [178.951, 69.296], [179.273, 69.26], [179.868, 69.013], [180, 68.983], [180, 65.067], [179.827, 65.034], [179.651, 64.921], [179.448, 64.822], [179.15, 64.782], [178.698, 64.631], [178.52, 64.603], [178.285, 64.672], [177.749, 64.717], [177.582, 64.778], [177.337, 64.931], [177.252, 64.954], [177.179, 65.014], [176.881, 65.082], [176.625, 65.038], [176.413, 65.071], [176.341, 65.047], [176.452, 65.025], [176.646, 65.007], [176.94, 65.016], [177.037, 65.0], [177.123, 64.947], [177.223, 64.862], [177.148, 64.805], [177.069, 64.787], [176.831, 64.849], [176.557, 64.84], [176.429, 64.855], [176.061, 64.961], [175.781, 64.844], [175.396, 64.784], [175.098, 64.777], [174.549, 64.684], [174.699, 64.681], [175.097, 64.747], [175.331, 64.747], [175.678, 64.782], [175.859, 64.825], [175.946, 64.865], [176.057, 64.905], [176.169, 64.885], [176.247, 64.843], [176.301, 64.784], [176.351, 64.705], [176.283, 64.664], [176.219, 64.642], [176.141, 64.586], [176.508, 64.682], [176.731, 64.625], [176.843, 64.634], [177.05, 64.719], [177.387, 64.774], [177.427, 64.763], [177.467, 64.737], [177.41, 64.573], [177.433, 64.444], [177.688, 64.305], [177.953, 64.222], [178.045, 64.22], [178.131, 64.235], [178.164, 64.309], [178.229, 64.364], [178.313, 64.314], [178.381, 64.261], [178.477, 64.128], [178.475, 64.089], [178.451, 64.011], [178.536, 63.976], [178.65, 63.965], [178.692, 63.842], [178.731, 63.667], [178.681, 63.651], [178.626, 63.651], [178.44, 63.606], [178.466, 63.574], [178.654, 63.557], [178.706, 63.522], [178.669, 63.44], [178.679, 63.402], [178.744, 63.395], [178.787, 63.442], [178.775, 63.51], [178.793, 63.54], [178.919, 63.4], [178.921, 63.345], [179.028, 63.282], [179.332, 63.19], [179.389, 63.147], [179.405, 63.078], [179.329, 63.058], [179.26, 63.008], [179.302, 62.94], [179.381, 62.884], [179.511, 62.863], [179.571, 62.773], [179.571, 62.688], [179.477, 62.613], [179.289, 62.51], [179.177, 62.469], [179.134, 62.396], [179.121, 62.32], [179.045, 62.324], [178.964, 62.355], [178.019, 62.547], [177.663, 62.583], [177.351, 62.587], [177.293, 62.599], [177.296, 62.644], [177.316, 62.685], [177.36, 62.737], [177.339, 62.781], [177.298, 62.784], [177.259, 62.75], [177.173, 62.75], [177.091, 62.79], [177.024, 62.777], [176.99, 62.722], [176.963, 62.693], [176.965, 62.659], [177.008, 62.627], [177.19, 62.592], [177.159, 62.561], [176.907, 62.536], [176.703, 62.506], [176.437, 62.411], [176.328, 62.346], [175.614, 62.184], [175.442, 62.128], [175.366, 62.121], [175.268, 62.102], [175.192, 62.034], [174.798, 61.939], [174.715, 61.948], [174.611, 61.868], [174.514, 61.824], [174.285, 61.818], [174.139, 61.795], [173.822, 61.679], [173.623, 61.716], [173.391, 61.557], [173.132, 61.407], [173.055, 61.406], [172.857, 61.469], [172.807, 61.436], [172.838, 61.376], [172.908, 61.312], [172.868, 61.293], [172.789, 61.311], [172.731, 61.314], [172.69, 61.295], [172.697, 61.249], [172.585, 61.19], [172.497, 61.186], [172.396, 61.167], [172.362, 61.117], [172.393, 61.062], [172.213, 60.998], [172.067, 60.916], [171.998, 60.901], [171.918, 60.864], [171.831, 60.837], [171.729, 60.843], [171.49, 60.726], [170.949, 60.523], [170.799, 60.496], [170.608, 60.435], [170.59, 60.394], [170.589, 60.343], [170.512, 60.26], [170.423, 60.048], [170.396, 60.01], [170.351, 59.966], [170.154, 59.986], [169.983, 60.067], [169.927, 60.104], [169.898, 60.148], [169.887, 60.218], [169.854, 60.25], [169.815, 60.265], [169.618, 60.438], [169.276, 60.557], [169.227, 60.596], [168.788, 60.564], [168.67, 60.563], [168.463, 60.592], [168.137, 60.574], [167.746, 60.509], [167.626, 60.469], [167.227, 60.406], [166.964, 60.307], [166.453, 59.947], [166.332, 59.872], [166.273, 59.856], [166.187, 59.849], [166.149, 59.922], [166.136, 59.979], [166.168, 60.089], [166.23, 60.178], [166.292, 60.346], [166.308, 60.414], [166.352, 60.485], [166.18, 60.48], [165.942, 60.357], [165.583, 60.236], [165.416, 60.205], [165.285, 60.135], [165.193, 60.125], [165.085, 60.099], [165.074, 59.946], [165.019, 59.861], [164.954, 59.844], [164.854, 59.841], [164.779, 59.874], [164.67, 59.997], [164.525, 60.061], [164.44, 60.073], [164.377, 60.058], [164.252, 59.974], [164.113, 59.898], [164.135, 59.984], [164.018, 60.017], [163.913, 60.037], [163.78, 60.041], [163.744, 60.028], [163.69, 59.978], [163.574, 59.914], [163.494, 59.887], [163.41, 59.835], [163.365, 59.781], [163.321, 59.705], [163.269, 59.52], [163.273, 59.303], [163.085, 59.131], [163.01, 59.148], [162.975, 59.137], [162.94, 59.114], [163.004, 59.02], [162.97, 58.986], [162.935, 58.964], [162.847, 58.939], [162.643, 58.8], [162.453, 58.709], [162.142, 58.447], [162.049, 58.273], [161.96, 58.077], [162.002, 57.981], [162.04, 57.918], [162.098, 57.875], [162.197, 57.829], [162.411, 57.778], [162.392, 57.745], [162.391, 57.717], [162.467, 57.766], [162.522, 57.904], [162.654, 57.948], [162.718, 57.946], [163.145, 57.837], [163.226, 57.79], [163.214, 57.687], [163.188, 57.637], [163.109, 57.565], [162.957, 57.477], [162.779, 57.358], [162.762, 57.284], [162.762, 57.244], [162.808, 57.103], [162.815, 57.023], [162.791, 56.875], [162.803, 56.811], [162.85, 56.757], [162.922, 56.723], [163.046, 56.741], [163.165, 56.725], [163.257, 56.688], [163.243, 56.565], [163.294, 56.448], [163.336, 56.233], [163.261, 56.174], [163.189, 56.137], [163.047, 56.045], [162.972, 56.034], [162.84, 56.066], [162.628, 56.232], [162.713, 56.331], [162.893, 56.399], [162.975, 56.449], [163.038, 56.522], [162.944, 56.508], [162.878, 56.476], [162.671, 56.49], [162.589, 56.455], [162.489, 56.399], [162.528, 56.261], [162.461, 56.235], [162.334, 56.188], [162.146, 56.128], [162.085, 56.09], [161.924, 55.84], [161.776, 55.655], [161.724, 55.496], [161.729, 55.358], [161.785, 55.205], [161.824, 55.139], [161.996, 54.998], [162.08, 54.886], [162.106, 54.752], [161.967, 54.689], [161.726, 54.533], [161.625, 54.516], [161.294, 54.521], [161.13, 54.598], [160.936, 54.578], [160.773, 54.541], [160.517, 54.431], [160.289, 54.288], [160.074, 54.189], [160.01, 54.131], [159.922, 54.008], [159.844, 53.784], [159.871, 53.673], [159.914, 53.621], [159.956, 53.552], [159.899, 53.448], [159.898, 53.381], [160.002, 53.275], [160.025, 53.13], [159.947, 53.125], [159.772, 53.23], [159.586, 53.238], [159.136, 53.117], [158.952, 53.048], [158.745, 52.909], [158.684, 52.935], [158.64, 53.015], [158.565, 53.05], [158.472, 53.032], [158.432, 52.957], [158.56, 52.922], [158.609, 52.874], [158.534, 52.688], [158.481, 52.627], [158.5, 52.46], [158.493, 52.383], [158.463, 52.305], [158.332, 52.091], [158.104, 51.81], [157.823, 51.605], [157.629, 51.535], [157.531, 51.48], [157.49, 51.409], [157.202, 51.213], [156.847, 51.007], [156.748, 50.969], [156.724, 51.047], [156.713, 51.124], [156.671, 51.227], [156.543, 51.312], [156.521, 51.38], [156.5, 51.475], [156.49, 51.913], [156.377, 52.367], [156.365, 52.509], [156.229, 52.626], [156.154, 52.747], [156.11, 52.866], [156.099, 53.006], [155.95, 53.744], [155.905, 53.928], [155.706, 54.521], [155.62, 54.865], [155.564, 55.199], [155.555, 55.348], [155.643, 55.794], [155.717, 56.072], [155.983, 56.695], [156.025, 56.752], [156.067, 56.782], [156.529, 57.021], [156.728, 57.152], [156.849, 57.29], [156.977, 57.466], [156.964, 57.561], [156.948, 57.616], [156.9, 57.677], [156.792, 57.748], [156.83, 57.78], [156.872, 57.804], [156.986, 57.83], [157.217, 57.777], [157.45, 57.799], [157.666, 58.02], [157.975, 57.986], [158.21, 58.025], [158.275, 58.009], [158.321, 58.083], [158.449, 58.163], [158.687, 58.281], [159.037, 58.424], [159.211, 58.519], [159.308, 58.611], [159.453, 58.696], [159.592, 58.804], [159.847, 59.127], [160.35, 59.394], [160.547, 59.547], [160.711, 59.602], [160.855, 59.627], [161.219, 59.846], [161.449, 60.027], [161.754, 60.152], [161.846, 60.232], [162.004, 60.42], [162.068, 60.466], [162.266, 60.537], [162.713, 60.659], [162.973, 60.783], [163.352, 60.8], [163.466, 60.85], [163.585, 60.877], [163.71, 60.917], [163.554, 61.026], [163.589, 61.084], [163.62, 61.111], [163.893, 61.24], [164.005, 61.344], [163.992, 61.388], [163.973, 61.42], [163.804, 61.461], [163.837, 61.558], [163.883, 61.64], [164.02, 61.711], [164.068, 61.874], [164.074, 62.045], [164.207, 62.292], [164.287, 62.347], [164.598, 62.471], [164.671, 62.474], [164.888, 62.432], [165.124, 62.412], [165.208, 62.374], [165.226, 62.406], [165.214, 62.448], [165.28, 62.463], [165.417, 62.447], [165.397, 62.494], [165.044, 62.517], [164.792, 62.571], [164.567, 62.675], [164.418, 62.705], [164.256, 62.697], [163.332, 62.551], [163.287, 62.511], [163.244, 62.455], [163.302, 62.373], [163.258, 62.337], [163.213, 62.313], [163.163, 62.26], [163.118, 62.153], [163.131, 62.05], [163.018, 61.891], [163.009, 61.792], [163.208, 61.737], [163.258, 61.699], [163.198, 61.645], [163.139, 61.611], [163.085, 61.571], [163.047, 61.554], [162.994, 61.544], [162.922, 61.598], [162.856, 61.705], [162.752, 61.711], [162.718, 61.695], [162.699, 61.653], [162.608, 61.65], [162.506, 61.67], [162.393, 61.662], [162.188, 61.541], [161.037, 60.963], [160.915, 60.893], [160.767, 60.753], [160.482, 60.74], [160.368, 60.709], [160.287, 60.667], [160.174, 60.638], [160.177, 60.691], [160.201, 60.73], [160.226, 60.832], [160.379, 61.025], [160.281, 61.045], [160.184, 61.048], [160.004, 61.007], [159.883, 60.943], [159.79, 60.957], [159.835, 61.014], [159.949, 61.129], [159.914, 61.234], [159.883, 61.292], [159.931, 61.324], [160.163, 61.538], [160.247, 61.648], [160.317, 61.793], [160.321, 61.839], [160.309, 61.894], [160.238, 61.904], [160.183, 61.903], [159.722, 61.758], [159.552, 61.719], [159.496, 61.781], [159.423, 61.808], [159.295, 61.914], [159.189, 61.929], [159.077, 61.922], [158.824, 61.85], [158.547, 61.811], [158.334, 61.826], [158.152, 61.765], [158.07, 61.754], [157.799, 61.795], [157.469, 61.799], [157.371, 61.747], [157.084, 61.676], [156.892, 61.565], [156.791, 61.53], [156.68, 61.481], [156.63, 61.272], [156.483, 61.206], [156.344, 61.155], [156.056, 60.996], [155.853, 60.777], [155.716, 60.682], [155.428, 60.55], [154.971, 60.377], [154.578, 60.095], [154.441, 59.884], [154.39, 59.877], [154.293, 59.833], [154.267, 59.73], [154.269, 59.658], [154.209, 59.6], [154.15, 59.529], [154.213, 59.483], [154.272, 59.475], [154.358, 59.481], [154.583, 59.54], [154.971, 59.45], [155.167, 59.36], [155.153, 59.27], [155.16, 59.19], [155.017, 59.196], [154.824, 59.188], [154.704, 59.141], [154.458, 59.217], [154.376, 59.188], [154.247, 59.109], [154.011, 59.076], [153.892, 59.114], [153.695, 59.225], [153.361, 59.215], [153.273, 59.091], [153.196, 59.094], [153.078, 59.082], [152.882, 58.939], [152.818, 58.926], [152.576, 58.954], [152.401, 59.026], [152.32, 59.031], [152.165, 58.997], [152.088, 58.91], [151.705, 58.867], [151.327, 58.875], [151.121, 59.083], [151.505, 59.164], [151.733, 59.147], [151.99, 59.16], [152.261, 59.224], [152.17, 59.278], [152.104, 59.291], [151.942, 59.284], [151.798, 59.323], [151.486, 59.524], [151.348, 59.561], [151.17, 59.583], [151.034, 59.586], [150.983, 59.571], [150.912, 59.523], [150.863, 59.475], [150.823, 59.461], [150.729, 59.469], [150.615, 59.507], [150.484, 59.494], [150.54, 59.525], [150.667, 59.556], [150.457, 59.591], [150.326, 59.639], [150.203, 59.651], [149.643, 59.77], [149.425, 59.761], [149.29, 59.728], [149.065, 59.631], [149.128, 59.559], [149.175, 59.527], [149.205, 59.488], [149.133, 59.481], [148.925, 59.475], [148.797, 59.532], [148.709, 59.449], [148.744, 59.374], [148.89, 59.4], [148.965, 59.369], [148.914, 59.283], [148.727, 59.258], [148.491, 59.262], [148.257, 59.414], [147.875, 59.388], [147.688, 59.291], [147.514, 59.269], [147.04, 59.366], [146.804, 59.373], [146.537, 59.457], [146.444, 59.43], [146.273, 59.221], [146.05, 59.171], [145.932, 59.198], [145.829, 59.33], [145.756, 59.374], [145.555, 59.414], [144.483, 59.376], [144.123, 59.408], [143.869, 59.411], [143.524, 59.344], [143.192, 59.37], [142.58, 59.24], [142.33, 59.153], [142.025, 59.0], [141.755, 58.745], [141.603, 58.649], [141.347, 58.528], [140.988, 58.417], [140.79, 58.303], [140.685, 58.212], [140.495, 57.865], [140.447, 57.814], [140.002, 57.688], [139.862, 57.549], [139.803, 57.514], [139.619, 57.456], [139.507, 57.358], [139.444, 57.33], [139.182, 57.262], [138.966, 57.088], [138.662, 56.966], [138.218, 56.629], [138.18, 56.589], [138.141, 56.499], [138.074, 56.433], [137.692, 56.139], [137.573, 56.112], [137.384, 55.975], [137.19, 55.892], [137.012, 55.795], [136.794, 55.694], [136.46, 55.577], [136.351, 55.51], [136.175, 55.352], [135.751, 55.161], [135.541, 55.114], [135.262, 54.943], [135.235, 54.903], [135.212, 54.841], [135.258, 54.731], [135.325, 54.707], [135.438, 54.692], [135.852, 54.584], [136.238, 54.614], [136.58, 54.614], [136.715, 54.624], [136.797, 54.621], [136.824, 54.561], [136.82, 54.452], [136.77, 54.353], [136.729, 54.061], [136.683, 53.931], [136.719, 53.804], [136.803, 53.782], [136.886, 53.839], [137.019, 53.848], [137.155, 53.822], [137.258, 54.025], [137.172, 54.057], [137.096, 54.129], [137.142, 54.182], [137.378, 54.282], [137.525, 54.291], [137.666, 54.283], [137.513, 54.156], [137.451, 54.13], [137.403, 54.124], [137.339, 54.101], [137.476, 54.028], [137.623, 53.97], [137.835, 53.947], [137.786, 53.903], [137.645, 53.866], [137.517, 53.707], [137.314, 53.632], [137.221, 53.579], [137.254, 53.546], [137.328, 53.539], [137.738, 53.56], [137.95, 53.604], [138.253, 53.726], [138.379, 53.909], [138.494, 53.96], [138.528, 53.96], [138.568, 53.947], [138.569, 53.819], [138.407, 53.674], [138.292, 53.592], [138.25, 53.524], [138.32, 53.523], [138.451, 53.537], [138.511, 53.57], [138.661, 53.745], [138.699, 53.87], [138.722, 54.044], [138.705, 54.148], [138.716, 54.223], [138.657, 54.298], [138.696, 54.32], [139.105, 54.218], [139.32, 54.193], [139.707, 54.277], [139.796, 54.256], [139.858, 54.205], [140.179, 54.052], [140.242, 54.001], [140.347, 53.813], [140.688, 53.596], [141.006, 53.495], [141.015, 53.454], [141.218, 53.334], [141.374, 53.293], [141.402, 53.184], [141.328, 53.097], [141.181, 53.015], [140.887, 53.092], [140.84, 53.088], [140.875, 53.04], [141.087, 52.898], [141.256, 52.84], [141.266, 52.653], [141.245, 52.55], [141.132, 52.436], [141.17, 52.368], [141.33, 52.271], [141.409, 52.234], [141.485, 52.179], [141.386, 52.057], [141.367, 51.921], [141.258, 51.861], [141.129, 51.728], [140.933, 51.62], [140.839, 51.414], [140.688, 51.232], [140.671, 51.051], [140.646, 50.987], [140.521, 50.8], [140.476, 50.546], [140.535, 50.131], [140.564, 50.107], [140.625, 50.082], [140.613, 50.054], [140.585, 50.033], [140.463, 49.911], [140.465, 49.826], [140.511, 49.762], [140.517, 49.596], [140.431, 49.331], [140.399, 49.29], [140.364, 49.221], [140.349, 49.159], [140.326, 49.12], [140.309, 49.054], [140.334, 48.995], [140.378, 48.964], [140.224, 48.773], [140.171, 48.524], [140.113, 48.423], [139.998, 48.324], [139.761, 48.181], [139.676, 48.09], [139.521, 47.975], [139.373, 47.887], [139.167, 47.635], [139.001, 47.383], [138.587, 47.057], [138.53, 46.976], [138.5, 46.89], [138.392, 46.745], [138.337, 46.543], [138.21, 46.463], [138.106, 46.251], [137.769, 45.929], [137.685, 45.818], [137.425, 45.64], [137.147, 45.394], [136.804, 45.171], [136.737, 45.08], [136.604, 44.978], [136.46, 44.822], [136.251, 44.667], [136.209, 44.562], [136.142, 44.489], [135.987, 44.44], [135.875, 44.374], [135.533, 43.971], [135.489, 43.899], [135.483, 43.835], [135.26, 43.685], [135.131, 43.526], [134.917, 43.427], [134.692, 43.291], [134.156, 43.042], [134.01, 42.947], [133.709, 42.83], [133.587, 42.828], [133.329, 42.764], [133.16, 42.697], [133.059, 42.723], [132.997, 42.808], [132.924, 42.805], [132.864, 42.794], [132.709, 42.876], [132.576, 42.872], [132.481, 42.91], [132.304, 42.883], [132.334, 43.239], [132.31, 43.314], [132.233, 43.245], [132.029, 43.119], [131.947, 43.095], [131.867, 43.095], [131.898, 43.171], [132.013, 43.28], [131.976, 43.296], [131.939, 43.302], [131.795, 43.255], [131.722, 43.203], [131.516, 42.996], [131.393, 42.822], [131.292, 42.772], [131.245, 42.697], [131.158, 42.626], [131.025, 42.645], [130.946, 42.634], [130.756, 42.673], [130.709, 42.656], [130.834, 42.523], [130.73, 42.326], [130.687, 42.303]]], [[[47.442, 80.854], [47.9, 80.813], [48.243, 80.823], [48.345, 80.819], [48.446, 80.806], [48.547, 80.779], [48.687, 80.718], [48.684, 80.633], [48.625, 80.629], [48.044, 80.668], [47.777, 80.756], [47.705, 80.765], [47.6, 80.742], [47.512, 80.688], [47.414, 80.675], [47.304, 80.606], [47.198, 80.615], [47.145, 80.609], [47.011, 80.562], [46.678, 80.561], [46.624, 80.541], [46.514, 80.476], [46.378, 80.457], [46.141, 80.447], [46.06, 80.484], [46.024, 80.541], [45.969, 80.569], [45.641, 80.537], [45.389, 80.56], [45.149, 80.599], [44.905, 80.611], [45.125, 80.652], [46.327, 80.735], [46.799, 80.755], [47.021, 80.814], [47.352, 80.853], [47.442, 80.854]]], [[[50.278, 80.927], [50.431, 80.911], [50.801, 80.914], [50.918, 80.89], [51.455, 80.745], [51.591, 80.741], [51.704, 80.688], [51.146, 80.604], [50.961, 80.54], [50.28, 80.527], [49.846, 80.498], [49.75, 80.472], [49.794, 80.425], [49.586, 80.377], [48.896, 80.369], [48.811, 80.354], [48.677, 80.3], [48.689, 80.29], [48.922, 80.277], [48.96, 80.266], [48.991, 80.242], [49.011, 80.207], [48.978, 80.163], [48.892, 80.155], [48.797, 80.161], [48.582, 80.195], [48.555, 80.183], [48.533, 80.158], [48.467, 80.11], [48.386, 80.096], [48.167, 80.133], [48.096, 80.122], [48.026, 80.099], [47.94, 80.089], [47.737, 80.082], [47.632, 80.112], [47.723, 80.151], [47.978, 80.213], [47.893, 80.239], [47.642, 80.245], [47.444, 80.23], [47.343, 80.189], [47.249, 80.18], [46.991, 80.183], [46.846, 80.237], [46.738, 80.258], [46.644, 80.3], [47.403, 80.445], [47.656, 80.501], [47.896, 80.529], [48.208, 80.544], [48.306, 80.562], [48.403, 80.569], [48.465, 80.558], [48.625, 80.508], [49.088, 80.516], [49.185, 80.559], [49.193, 80.656], [49.147, 80.712], [49.244, 80.821], [49.508, 80.865], [50.124, 80.924], [50.278, 80.927]]], [[[67.765, 76.238], [67.365, 76.161], [67.127, 76.108], [66.893, 76.072], [66.657, 76.047], [66.282, 75.984], [65.619, 75.905], [65.202, 75.839], [64.745, 75.788], [64.263, 75.72], [63.779, 75.673], [63.659, 75.669], [63.317, 75.603], [63.046, 75.576], [62.066, 75.428], [61.616, 75.32], [61.487, 75.311], [61.356, 75.315], [61.249, 75.281], [61.147, 75.223], [60.936, 75.164], [60.829, 75.111], [60.719, 75.069], [60.655, 75.055], [60.534, 75.059], [60.476, 75.055], [60.277, 75.008], [60.241, 74.971], [60.455, 74.946], [60.501, 74.905], [60.439, 74.875], [60.301, 74.837], [60.222, 74.797], [60.08, 74.756], [59.982, 74.745], [59.747, 74.746], [59.735, 74.695], [59.771, 74.664], [59.753, 74.637], [59.674, 74.61], [59.596, 74.614], [59.24, 74.693], [59.182, 74.666], [59.157, 74.611], [59.146, 74.552], [59.101, 74.508], [59.04, 74.486], [58.928, 74.463], [58.535, 74.499], [58.502, 74.464], [58.562, 74.422], [58.646, 74.328], [58.665, 74.289], [58.618, 74.227], [58.441, 74.129], [57.767, 74.014], [57.778, 73.974], [57.853, 73.898], [57.872, 73.85], [57.845, 73.805], [57.756, 73.769], [57.657, 73.768], [57.604, 73.775], [57.449, 73.826], [57.313, 73.838], [57.291, 73.815], [57.464, 73.746], [57.543, 73.658], [57.46, 73.61], [57.134, 73.504], [56.964, 73.367], [56.634, 73.304], [56.43, 73.297], [56.228, 73.314], [56.035, 73.346], [55.549, 73.357], [55.28, 73.392], [55.007, 73.454], [54.769, 73.449], [54.566, 73.419], [54.3, 73.351], [54.132, 73.481], [54.205, 73.542], [53.839, 73.697], [53.763, 73.766], [53.851, 73.801], [53.963, 73.822], [54.174, 73.886], [54.386, 73.936], [54.606, 73.951], [54.643, 73.96], [54.733, 74.034], [54.831, 74.096], [54.92, 74.129], [55.023, 74.187], [55.341, 74.42], [55.416, 74.436], [56.078, 74.481], [56.137, 74.496], [55.947, 74.542], [55.752, 74.541], [55.662, 74.556], [55.61, 74.591], [55.582, 74.628], [55.66, 74.656], [55.914, 74.796], [56.218, 74.898], [56.499, 74.957], [56.429, 74.973], [56.34, 75.013], [55.998, 75.003], [55.863, 75.059], [55.821, 75.091], [55.81, 75.125], [55.921, 75.168], [56.036, 75.194], [56.162, 75.187], [56.289, 75.164], [56.389, 75.138], [56.485, 75.096], [56.57, 75.098], [56.876, 75.244], [56.829, 75.278], [56.809, 75.328], [56.844, 75.351], [56.989, 75.375], [57.087, 75.384], [57.302, 75.373], [57.607, 75.341], [57.632, 75.356], [57.708, 75.454], [57.783, 75.507], [58.094, 75.593], [58.073, 75.619], [58.058, 75.663], [58.418, 75.72], [58.653, 75.777], [58.881, 75.855], [58.995, 75.872], [59.11, 75.874], [59.347, 75.907], [59.782, 75.946], [60.036, 75.984], [60.118, 76.067], [60.279, 76.096], [60.606, 76.109], [60.731, 76.104], [60.801, 76.069], [60.942, 76.071], [60.998, 76.089], [61.054, 76.12], [61.037, 76.169], [61.034, 76.233], [61.157, 76.274], [61.202, 76.282], [61.569, 76.298], [61.787, 76.291], [62.237, 76.242], [62.471, 76.23], [62.782, 76.245], [62.971, 76.237], [63.526, 76.31], [64.463, 76.378], [64.708, 76.426], [64.95, 76.484], [65.073, 76.497], [65.197, 76.5], [65.31, 76.518], [65.528, 76.568], [65.637, 76.579], [65.755, 76.579], [65.863, 76.613], [65.959, 76.688], [66.063, 76.746], [66.345, 76.821], [66.829, 76.924], [67.264, 76.964], [67.535, 77.008], [67.652, 77.012], [68.017, 76.991], [68.486, 76.934], [68.699, 76.871], [68.873, 76.79], [68.912, 76.761], [68.942, 76.708], [68.891, 76.66], [68.858, 76.61], [68.9, 76.573], [68.559, 76.449], [68.222, 76.313], [68.165, 76.285], [67.765, 76.238]]], [[[55.32, 73.308], [55.787, 73.269], [56.138, 73.256], [56.35, 73.226], [56.43, 73.201], [56.397, 73.139], [56.335, 73.114], [56.189, 73.033], [56.167, 72.983], [56.193, 72.905], [56.171, 72.848], [56.122, 72.807], [56.084, 72.789], [55.82, 72.79], [55.723, 72.766], [55.718, 72.722], [55.701, 72.672], [55.616, 72.599], [55.441, 72.575], [55.403, 72.549], [55.417, 72.501], [55.356, 72.465], [55.36, 72.409], [55.39, 72.378], [55.399, 72.314], [55.518, 72.221], [55.495, 72.182], [55.403, 72.107], [55.375, 72.015], [55.298, 71.935], [55.471, 71.869], [55.547, 71.783], [55.614, 71.69], [55.819, 71.508], [56.043, 71.346], [56.454, 71.107], [56.895, 70.927], [57.066, 70.876], [57.484, 70.792], [57.556, 70.766], [57.625, 70.729], [57.447, 70.661], [57.264, 70.636], [57.247, 70.605], [57.146, 70.589], [56.649, 70.647], [56.622, 70.655], [56.569, 70.697], [56.51, 70.729], [56.386, 70.734], [56.26, 70.715], [56.335, 70.677], [56.417, 70.665], [56.561, 70.594], [56.5, 70.566], [56.435, 70.563], [56.142, 70.658], [56.115, 70.646], [56.087, 70.618], [55.942, 70.649], [55.907, 70.626], [55.797, 70.616], [55.707, 70.642], [55.706, 70.675], [55.687, 70.692], [55.237, 70.666], [55.052, 70.667], [54.867, 70.678], [54.645, 70.742], [54.608, 70.713], [54.601, 70.68], [54.517, 70.693], [54.333, 70.745], [54.199, 70.765], [53.722, 70.814], [53.384, 70.874], [53.468, 70.901], [53.614, 70.915], [53.616, 70.951], [53.593, 71.001], [53.588, 71.052], [53.671, 71.087], [53.857, 71.07], [53.834, 71.127], [53.922, 71.138], [54.094, 71.105], [54.156, 71.125], [53.886, 71.196], [53.591, 71.297], [53.622, 71.333], [53.515, 71.343], [53.41, 71.34], [53.319, 71.399], [53.333, 71.477], [53.412, 71.53], [53.364, 71.542], [52.909, 71.495], [52.679, 71.506], [52.419, 71.537], [52.18, 71.49], [51.938, 71.475], [51.813, 71.491], [51.692, 71.525], [51.59, 71.571], [51.511, 71.648], [51.439, 71.777], [51.429, 71.826], [51.444, 71.934], [51.482, 71.98], [51.583, 72.071], [51.653, 72.099], [51.805, 72.142], [51.885, 72.153], [52.069, 72.131], [52.252, 72.13], [52.332, 72.154], [52.407, 72.197], [52.462, 72.252], [52.586, 72.284], [52.622, 72.301], [52.662, 72.337], [52.706, 72.391], [52.714, 72.437], [52.749, 72.483], [52.864, 72.55], [52.823, 72.591], [52.839, 72.619], [52.917, 72.669], [52.683, 72.682], [52.605, 72.704], [52.529, 72.737], [52.551, 72.769], [52.579, 72.791], [52.812, 72.875], [52.913, 72.9], [53.024, 72.914], [53.135, 72.913], [53.254, 72.904], [53.37, 72.917], [53.247, 72.973], [53.237, 73.011], [53.189, 73.104], [53.198, 73.148], [53.251, 73.183], [53.358, 73.225], [53.512, 73.238], [53.634, 73.26], [53.753, 73.293], [53.866, 73.299], [54.091, 73.276], [54.202, 73.281], [54.328, 73.299], [54.676, 73.37], [54.804, 73.388], [54.941, 73.383], [55.121, 73.357], [55.32, 73.308]]], [[[96.527, 81.076], [96.563, 81.03], [96.693, 80.994], [96.755, 80.958], [97.414, 80.842], [97.703, 80.827], [97.832, 80.798], [97.87, 80.763], [97.856, 80.698], [97.747, 80.699], [97.665, 80.678], [97.221, 80.652], [97.113, 80.614], [97.025, 80.536], [97.073, 80.52], [97.115, 80.497], [97.25, 80.363], [97.287, 80.343], [97.417, 80.323], [97.298, 80.273], [97.175, 80.241], [95.856, 80.177], [94.961, 80.15], [94.661, 80.123], [94.565, 80.126], [94.328, 80.076], [93.872, 80.01], [93.655, 80.01], [93.002, 80.102], [92.202, 80.179], [92.092, 80.223], [91.892, 80.249], [91.637, 80.27], [91.524, 80.359], [91.688, 80.419], [91.897, 80.478], [92.247, 80.499], [92.578, 80.533], [92.827, 80.619], [92.981, 80.703], [93.263, 80.791], [92.773, 80.769], [92.593, 80.781], [92.61, 80.81], [92.71, 80.872], [92.765, 80.893], [92.939, 80.926], [93.065, 80.988], [93.359, 81.032], [93.497, 81.039], [93.637, 81.038], [93.889, 81.058], [94.14, 81.089], [94.375, 81.107], [94.612, 81.115], [94.838, 81.139], [95.061, 81.188], [95.16, 81.271], [95.801, 81.28], [95.902, 81.261], [95.984, 81.211], [96.075, 81.193], [96.187, 81.184], [96.471, 81.099], [96.527, 81.076]]], [[[97.675, 80.158], [97.904, 80.095], [98.018, 80.023], [97.907, 80.004], [97.808, 79.956], [97.76, 79.896], [97.627, 79.85], [97.591, 79.775], [97.652, 79.761], [97.725, 79.781], [97.871, 79.853], [98.065, 79.901], [98.273, 79.874], [98.353, 79.884], [98.499, 79.953], [98.472, 80.009], [98.532, 80.044], [98.596, 80.052], [98.866, 80.045], [99.295, 80.016], [99.371, 79.986], [99.473, 79.97], [99.536, 79.941], [99.727, 79.92], [99.818, 79.898], [99.947, 79.849], [100.061, 79.777], [99.916, 79.738], [99.839, 79.669], [99.805, 79.653], [99.782, 79.628], [99.771, 79.568], [99.749, 79.515], [99.721, 79.492], [99.706, 79.463], [99.722, 79.385], [99.681, 79.323], [99.537, 79.277], [99.388, 79.275], [99.167, 79.306], [99.104, 79.305], [99.042, 79.293], [99.317, 79.227], [99.517, 79.13], [99.751, 79.108], [99.815, 79.096], [99.9, 79.006], [99.929, 78.961], [99.541, 78.853], [99.44, 78.834], [98.82, 78.818], [98.411, 78.788], [98.283, 78.795], [98.054, 78.821], [97.905, 78.81], [97.689, 78.827], [97.555, 78.827], [97.248, 78.868], [96.933, 78.934], [96.871, 78.964], [96.808, 78.985], [96.43, 79.003], [96.347, 79.016], [95.796, 79.001], [95.703, 79.012], [95.531, 79.098], [95.437, 79.099], [95.133, 79.05], [95.02, 79.053], [94.791, 79.087], [94.652, 79.127], [94.632, 79.141], [94.62, 79.192], [94.482, 79.219], [94.314, 79.308], [94.219, 79.402], [93.759, 79.451], [93.479, 79.463], [93.272, 79.458], [93.071, 79.495], [93.405, 79.632], [93.847, 79.702], [94.038, 79.756], [94.257, 79.83], [94.347, 79.942], [94.719, 80.011], [94.815, 80.035], [94.947, 80.089], [94.987, 80.097], [95.281, 80.031], [95.338, 80.042], [95.391, 80.073], [95.498, 80.106], [95.858, 80.11], [96.162, 80.097], [96.277, 80.11], [96.417, 80.104], [97.121, 80.153], [97.587, 80.168], [97.675, 80.158]]], [[[102.885, 79.254], [102.787, 79.176], [102.746, 79.106], [102.448, 78.877], [102.412, 78.835], [102.587, 78.871], [102.748, 78.95], [102.845, 79.014], [102.95, 79.056], [103.076, 79.056], [103.199, 79.071], [103.433, 79.126], [103.673, 79.15], [103.801, 79.149], [103.926, 79.123], [104.004, 79.063], [104.091, 79.013], [104.404, 78.977], [104.449, 78.964], [104.477, 78.923], [104.452, 78.88], [104.633, 78.835], [104.881, 78.855], [105.015, 78.843], [105.146, 78.819], [105.205, 78.78], [105.256, 78.733], [105.31, 78.666], [105.343, 78.594], [105.313, 78.5], [104.833, 78.353], [104.742, 78.34], [104.519, 78.349], [104.297, 78.335], [103.719, 78.258], [103.003, 78.256], [102.797, 78.188], [102.734, 78.19], [102.673, 78.202], [102.617, 78.225], [102.18, 78.205], [101.692, 78.194], [101.204, 78.192], [101.04, 78.143], [100.541, 78.048], [100.082, 77.975], [99.845, 77.957], [99.5, 77.976], [99.392, 78.001], [99.287, 78.038], [99.439, 78.084], [99.546, 78.179], [99.678, 78.233], [100.019, 78.339], [100.058, 78.38], [100.124, 78.47], [100.163, 78.504], [100.215, 78.536], [100.257, 78.574], [100.263, 78.631], [100.284, 78.679], [100.416, 78.753], [100.516, 78.788], [100.62, 78.797], [100.876, 78.784], [100.956, 78.788], [100.898, 78.812], [100.856, 78.898], [100.865, 78.926], [100.901, 78.98], [100.965, 79.007], [101.031, 79.023], [101.068, 79.096], [101.052, 79.123], [101.149, 79.157], [101.196, 79.204], [101.31, 79.233], [101.543, 79.254], [101.555, 79.313], [101.591, 79.35], [101.643, 79.361], [101.761, 79.372], [101.824, 79.37], [101.912, 79.312], [102.005, 79.264], [102.129, 79.252], [102.251, 79.256], [102.177, 79.313], [102.181, 79.373], [102.225, 79.413], [102.282, 79.43], [102.405, 79.433], [102.79, 79.392], [103.042, 79.332], [103.098, 79.299], [103.052, 79.283], [102.94, 79.271], [102.885, 79.254]]], [[[140.049, 75.829], [140.152, 75.81], [140.274, 75.822], [140.389, 75.796], [140.496, 75.69], [140.547, 75.663], [140.602, 75.644], [140.657, 75.634], [140.816, 75.631], [140.889, 75.652], [140.944, 75.7], [140.94, 75.75], [140.927, 75.799], [140.926, 75.867], [140.95, 75.927], [140.985, 75.965], [141.033, 75.989], [141.299, 76.064], [141.485, 76.137], [141.742, 76.108], [142.001, 76.044], [142.46, 75.904], [142.67, 75.863], [142.927, 75.827], [143.185, 75.814], [143.311, 75.822], [143.56, 75.86], [143.686, 75.864], [145.255, 75.586], [145.31, 75.564], [145.36, 75.53], [145.023, 75.49], [144.803, 75.416], [144.727, 75.366], [144.814, 75.325], [144.883, 75.269], [144.408, 75.102], [144.216, 75.059], [144.02, 75.045], [143.626, 75.084], [143.396, 75.083], [143.17, 75.117], [142.922, 75.217], [142.82, 75.268], [142.729, 75.338], [142.7, 75.449], [142.734, 75.545], [142.868, 75.572], [142.986, 75.633], [143.002, 75.66], [142.942, 75.713], [142.552, 75.721], [142.308, 75.692], [142.086, 75.661], [142.151, 75.458], [142.199, 75.393], [142.265, 75.346], [142.617, 75.133], [142.697, 75.103], [142.93, 75.062], [143.128, 74.97], [142.778, 74.868], [142.626, 74.837], [142.473, 74.82], [142.378, 74.829], [142.287, 74.85], [142.184, 74.9], [142.1, 74.951], [141.987, 74.991], [141.748, 74.983], [141.53, 74.947], [141.31, 74.923], [140.661, 74.882], [140.464, 74.856], [140.268, 74.847], [140.011, 74.895], [139.758, 74.964], [139.681, 74.964], [139.606, 74.946], [139.548, 74.904], [139.512, 74.838], [139.43, 74.749], [139.326, 74.687], [139.215, 74.66], [139.099, 74.657], [138.982, 74.674], [138.866, 74.701], [138.092, 74.797], [138.001, 74.827], [137.915, 74.871], [137.683, 75.009], [137.568, 75.041], [137.447, 75.054], [137.218, 75.124], [137.006, 75.235], [136.962, 75.27], [136.948, 75.326], [136.982, 75.365], [137.166, 75.347], [137.29, 75.349], [137.215, 75.554], [137.269, 75.749], [137.358, 75.782], [137.707, 75.76], [137.594, 75.823], [137.501, 75.91], [137.561, 75.955], [137.625, 75.988], [137.774, 76.016], [137.977, 76.028], [138.039, 76.047], [138.096, 76.081], [138.208, 76.115], [138.431, 76.13], [138.814, 76.2], [138.92, 76.197], [139.018, 76.16], [139.109, 76.108], [139.211, 76.081], [139.529, 76.013], [139.743, 75.953], [140.049, 75.829]]], [[[146.795, 75.371], [147.06, 75.364], [147.444, 75.438], [147.497, 75.441], [148.432, 75.414], [148.509, 75.387], [148.519, 75.336], [148.489, 75.309], [148.475, 75.272], [148.59, 75.236], [148.892, 75.228], [149.083, 75.262], [149.645, 75.245], [150.104, 75.219], [150.281, 75.164], [150.417, 75.134], [150.531, 75.1], [150.613, 75.12], [150.69, 75.155], [150.757, 75.162], [150.822, 75.157], [150.646, 74.945], [150.58, 74.919], [150.331, 74.867], [149.838, 74.795], [149.597, 74.773], [149.05, 74.772], [148.297, 74.8], [148.092, 74.826], [147.972, 74.857], [147.741, 74.932], [147.627, 74.959], [147.257, 74.984], [147.144, 74.998], [146.925, 75.062], [146.703, 75.114], [146.149, 75.198], [146.186, 75.296], [146.258, 75.394], [146.343, 75.481], [146.438, 75.558], [146.537, 75.582], [146.751, 75.51], [146.748, 75.429], [146.795, 75.371]]], [[[178.862, 70.826], [178.793, 70.822], [178.648, 71.001], [178.628, 71.047], [178.684, 71.106], [178.829, 71.178], [178.891, 71.231], [179.235, 71.325], [179.548, 71.448], [179.716, 71.466], [179.886, 71.523], [180, 71.538], [180, 70.993], [179.881, 70.976], [179.648, 70.899], [179.153, 70.88], [178.862, 70.826]]], [[[142.761, 54.394], [142.976, 54.141], [142.986, 54.086], [142.967, 54.029], [142.927, 53.956], [142.911, 53.878], [142.936, 53.811], [142.918, 53.794], [143.096, 53.489], [143.224, 53.296], [143.26, 53.217], [143.288, 53.134], [143.325, 52.963], [143.333, 52.7], [143.324, 52.614], [143.295, 52.529], [143.264, 52.479], [143.201, 52.443], [143.172, 52.349], [143.156, 52.084], [143.191, 51.944], [143.251, 51.848], [143.295, 51.744], [143.3, 51.632], [143.321, 51.583], [143.418, 51.521], [143.455, 51.471], [143.467, 51.402], [143.473, 51.299], [143.489, 51.277], [143.534, 51.246], [143.736, 50.507], [143.816, 50.283], [144.048, 49.896], [144.141, 49.661], [144.2, 49.55], [144.24, 49.432], [144.272, 49.311], [144.341, 49.181], [144.432, 49.051], [144.607, 48.936], [144.686, 48.871], [144.707, 48.82], [144.714, 48.64], [144.673, 48.679], [144.621, 48.815], [144.536, 48.894], [144.412, 48.986], [144.284, 49.07], [144.125, 49.209], [144.049, 49.249], [143.968, 49.276], [143.819, 49.309], [143.732, 49.312], [143.382, 49.291], [143.236, 49.263], [143.105, 49.199], [143.027, 49.105], [142.972, 48.918], [142.651, 48.247], [142.574, 48.072], [142.546, 47.885], [142.557, 47.738], [142.579, 47.684], [142.67, 47.537], [142.745, 47.452], [142.801, 47.416], [142.864, 47.392], [142.905, 47.362], [142.94, 47.323], [143.006, 47.223], [143.089, 47.001], [143.178, 46.844], [143.218, 46.795], [143.319, 46.807], [143.384, 46.806], [143.447, 46.792], [143.486, 46.752], [143.54, 46.575], [143.579, 46.406], [143.581, 46.361], [143.509, 46.23], [143.491, 46.175], [143.482, 46.116], [143.463, 46.069], [143.432, 46.029], [143.419, 46.222], [143.37, 46.358], [143.352, 46.476], [143.282, 46.559], [143.048, 46.593], [142.829, 46.605], [142.796, 46.62], [142.747, 46.671], [142.692, 46.711], [142.636, 46.716], [142.578, 46.701], [142.479, 46.644], [142.406, 46.555], [142.35, 46.459], [142.304, 46.358], [142.209, 46.089], [142.15, 45.999], [142.077, 45.917], [142.016, 45.962], [141.962, 46.013], [141.93, 46.088], [141.916, 46.171], [141.83, 46.451], [141.867, 46.694], [142.011, 47.03], [142.039, 47.14], [142.017, 47.245], [141.984, 47.348], [141.963, 47.544], [141.964, 47.587], [142.016, 47.701], [142.076, 47.808], [142.149, 47.902], [142.182, 48.013], [142.135, 48.29], [142.029, 48.477], [141.897, 48.655], [141.873, 48.702], [141.866, 48.75], [141.98, 48.972], [142.02, 49.078], [142.067, 49.312], [142.109, 49.44], [142.142, 49.569], [142.153, 50.217], [142.143, 50.312], [142.071, 50.515], [142.066, 50.63], [142.1, 50.776], [142.147, 50.89], [142.208, 50.998], [142.207, 51.223], [142.091, 51.429], [142.006, 51.521], [141.873, 51.63], [141.772, 51.69], [141.722, 51.736], [141.772, 51.752], [141.808, 51.789], [141.721, 51.847], [141.668, 51.933], [141.661, 52.273], [141.682, 52.359], [141.748, 52.455], [141.803, 52.556], [141.856, 52.794], [141.874, 53.039], [141.839, 53.138], [141.824, 53.34], [141.852, 53.389], [141.964, 53.456], [142.142, 53.496], [142.18, 53.484], [142.319, 53.405], [142.371, 53.403], [142.424, 53.411], [142.526, 53.447], [142.583, 53.537], [142.509, 53.588], [142.553, 53.653], [142.68, 53.674], [142.689, 53.73], [142.643, 53.737], [142.683, 53.816], [142.706, 53.896], [142.67, 53.968], [142.467, 54.149], [142.335, 54.281], [142.552, 54.279], [142.616, 54.304], [142.666, 54.358], [142.693, 54.416], [142.761, 54.394]]], [[[-178.876, 71.577], [-178.439, 71.541], [-178.354, 71.529], [-178.215, 71.482], [-178.134, 71.465], [-178.057, 71.438], [-177.975, 71.391], [-177.817, 71.34], [-177.584, 71.282], [-177.532, 71.263], [-177.498, 71.219], [-177.524, 71.167], [-177.822, 71.068], [-178.063, 71.042], [-178.528, 71.015], [-179.157, 70.94], [-179.416, 70.919], [-179.507, 70.923], [-179.734, 70.972], [-180.0, 70.993], [-180.0, 71.184], [-180.0, 71.4], [-180.0, 71.538], [-179.845, 71.551], [-179.691, 71.578], [-179.546, 71.582], [-179.402, 71.567], [-179.256, 71.572], [-179.112, 71.596], [-178.994, 71.593], [-178.876, 71.577]]], [[[35.816, 65.182], [35.848, 65.143], [35.858, 65.078], [35.827, 65.036], [35.842, 65.001], [35.779, 64.977], [35.68, 65.058], [35.621, 65.059], [35.559, 65.094], [35.529, 65.151], [35.586, 65.167], [35.609, 65.157], [35.729, 65.198], [35.816, 65.182]]], [[[42.714, 66.702], [42.676, 66.688], [42.477, 66.735], [42.46, 66.77], [42.469, 66.786], [42.547, 66.796], [42.631, 66.782], [42.691, 66.735], [42.714, 66.702]]], [[[52.903, 71.365], [52.994, 71.291], [53.074, 71.238], [53.141, 71.242], [53.193, 71.215], [53.205, 71.16], [53.071, 71.065], [53.048, 71.031], [53.106, 70.999], [53.121, 70.982], [53.023, 70.969], [53.004, 71.012], [52.95, 71.054], [52.835, 71.086], [52.789, 71.115], [52.738, 71.181], [52.547, 71.25], [52.425, 71.239], [52.289, 71.27], [52.25, 71.285], [52.24, 71.325], [52.297, 71.357], [52.513, 71.385], [52.617, 71.383], [52.73, 71.355], [52.72, 71.39], [52.732, 71.404], [52.777, 71.4], [52.903, 71.365]]], [[[168.039, 54.565], [168.081, 54.513], [167.677, 54.698], [167.488, 54.795], [167.442, 54.856], [167.512, 54.857], [167.592, 54.798], [167.711, 54.77], [167.883, 54.69], [168.039, 54.565]]], [[[160.719, 70.823], [160.651, 70.806], [160.505, 70.82], [160.437, 70.851], [160.44, 70.923], [160.449, 70.934], [160.566, 70.924], [160.645, 70.884], [160.719, 70.823]]], [[[161.467, 68.901], [161.422, 68.9], [161.456, 68.966], [161.461, 68.996], [161.364, 69.044], [161.183, 69.082], [161.137, 69.11], [161.125, 69.197], [161.165, 69.334], [161.083, 69.406], [161.111, 69.47], [161.323, 69.541], [161.41, 69.596], [161.505, 69.639], [161.521, 69.634], [161.618, 69.592], [161.609, 69.501], [161.54, 69.437], [161.374, 69.414], [161.351, 69.369], [161.373, 69.293], [161.378, 69.194], [161.394, 69.106], [161.495, 69.016], [161.517, 68.97], [161.507, 68.928], [161.467, 68.901]]], [[[152.886, 76.122], [152.786, 76.086], [152.559, 76.144], [152.643, 76.175], [152.799, 76.195], [152.835, 76.185], [152.864, 76.163], [152.886, 76.122]]], [[[149.15, 76.66], [148.399, 76.648], [148.448, 76.677], [148.72, 76.747], [149.406, 76.782], [149.268, 76.747], [149.205, 76.677], [149.15, 76.66]]], [[[137.96, 71.508], [137.712, 71.423], [137.613, 71.434], [137.512, 71.475], [137.458, 71.483], [137.403, 71.477], [137.344, 71.461], [137.266, 71.456], [137.079, 71.502], [137.064, 71.53], [137.082, 71.543], [137.129, 71.556], [137.168, 71.557], [137.282, 71.58], [137.817, 71.588], [137.858, 71.583], [137.934, 71.543], [137.96, 71.508]]], [[[107.696, 78.131], [107.606, 78.083], [107.482, 78.058], [107.344, 78.099], [107.002, 78.096], [106.416, 78.14], [106.583, 78.168], [107.508, 78.189], [107.573, 78.186], [107.696, 78.131]]], [[[112.478, 76.621], [112.633, 76.553], [112.661, 76.51], [112.614, 76.499], [112.587, 76.483], [112.575, 76.452], [112.532, 76.45], [112.395, 76.484], [112.297, 76.538], [112.154, 76.549], [112.003, 76.603], [111.969, 76.626], [112.011, 76.633], [112.281, 76.618], [112.394, 76.644], [112.478, 76.621]]], [[[96.532, 76.278], [96.614, 76.264], [96.59, 76.221], [96.487, 76.234], [96.351, 76.212], [96.353, 76.177], [96.301, 76.122], [96.109, 76.155], [95.845, 76.16], [95.679, 76.194], [95.311, 76.215], [95.322, 76.262], [95.38, 76.289], [95.594, 76.25], [95.786, 76.294], [96.151, 76.272], [96.271, 76.305], [96.532, 76.278]]], [[[96.285, 77.027], [96.254, 77.007], [96.21, 76.992], [96.091, 77.003], [95.855, 76.975], [95.766, 76.991], [95.681, 77.021], [95.364, 77.012], [95.27, 77.019], [95.421, 77.056], [95.854, 77.098], [96.528, 77.206], [96.562, 77.154], [96.561, 77.13], [96.424, 77.071], [96.285, 77.027]]], [[[89.514, 77.189], [89.3, 77.184], [89.179, 77.21], [89.142, 77.227], [89.2, 77.272], [89.282, 77.301], [89.616, 77.311], [89.68, 77.28], [89.666, 77.254], [89.514, 77.189]]], [[[74.661, 72.873], [74.638, 72.864], [74.588, 72.881], [74.435, 72.908], [74.181, 72.975], [74.1, 73.022], [74.142, 73.074], [74.199, 73.109], [74.409, 73.13], [74.6, 73.122], [74.725, 73.108], [74.962, 73.062], [74.743, 73.033], [74.647, 72.969], [74.66, 72.929], [74.697, 72.908], [74.661, 72.873]]], [[[75.504, 73.457], [75.344, 73.432], [75.375, 73.477], [75.57, 73.541], [75.93, 73.574], [76.039, 73.56], [76.052, 73.549], [75.901, 73.481], [75.827, 73.459], [75.504, 73.457]]], [[[83.549, 74.072], [83.496, 74.048], [83.45, 74.052], [83.411, 74.04], [83.159, 74.075], [82.818, 74.092], [82.903, 74.129], [83.15, 74.152], [83.513, 74.122], [83.618, 74.089], [83.549, 74.072]]], [[[67.345, 69.53], [67.264, 69.443], [67.098, 69.447], [67.047, 69.467], [67.026, 69.483], [67.216, 69.575], [67.329, 69.572], [67.345, 69.53]]], [[[66.561, 70.542], [66.569, 70.501], [66.516, 70.515], [66.449, 70.561], [66.408, 70.616], [66.395, 70.727], [66.418, 70.757], [66.44, 70.773], [66.463, 70.769], [66.458, 70.699], [66.561, 70.542]]], [[[70.021, 66.502], [69.845, 66.49], [69.651, 66.565], [69.469, 66.716], [69.503, 66.751], [69.616, 66.739], [69.8, 66.736], [69.918, 66.712], [70.077, 66.696], [70.058, 66.627], [70.057, 66.599], [70.11, 66.569], [70.059, 66.518], [70.021, 66.502]]], [[[50.052, 80.074], [49.971, 80.061], [49.588, 80.136], [49.556, 80.159], [49.884, 80.23], [50.251, 80.219], [50.31, 80.186], [50.319, 80.172], [50.072, 80.109], [50.052, 80.074]]], [[[51.409, 79.944], [51.435, 79.932], [51.431, 79.921], [51.076, 79.932], [50.454, 79.924], [50.091, 79.981], [50.473, 80.035], [50.676, 80.049], [50.936, 80.094], [51.254, 80.049], [51.238, 80.01], [51.243, 79.991], [51.327, 79.972], [51.409, 79.944]]], [[[50.754, 81.047], [50.616, 81.041], [50.518, 81.046], [50.412, 81.084], [50.377, 81.103], [50.368, 81.123], [50.465, 81.126], [50.506, 81.144], [50.522, 81.158], [50.592, 81.169], [50.716, 81.171], [50.879, 81.151], [50.946, 81.108], [50.789, 81.072], [50.754, 81.047]]], [[[55.48, 80.274], [55.195, 80.227], [55.048, 80.228], [54.98, 80.256], [55.092, 80.296], [55.24, 80.325], [55.353, 80.318], [55.435, 80.302], [55.48, 80.274]]], [[[54.415, 80.473], [54.276, 80.421], [53.812, 80.476], [53.85, 80.504], [53.9, 80.515], [53.902, 80.542], [53.859, 80.563], [53.877, 80.605], [54.177, 80.574], [54.205, 80.562], [54.407, 80.54], [54.437, 80.499], [54.415, 80.473]]], [[[59.689, 79.956], [59.331, 79.923], [59.203, 79.933], [59.169, 79.948], [59.1, 79.964], [58.919, 79.985], [58.946, 80.042], [59.001, 80.054], [59.545, 80.119], [59.802, 80.083], [59.911, 79.994], [59.689, 79.956]]], [[[58.622, 81.042], [58.762, 80.991], [58.815, 80.934], [58.903, 80.898], [58.931, 80.832], [58.86, 80.779], [58.642, 80.768], [58.286, 80.765], [57.938, 80.793], [57.75, 80.889], [57.405, 80.915], [57.211, 81.017], [57.41, 81.047], [57.656, 81.032], [58.05, 81.118], [58.102, 81.114], [58.19, 81.095], [58.508, 81.062], [58.622, 81.042]]], [[[47.983, 45.488], [47.968, 45.47], [47.92, 45.562], [47.918, 45.618], [47.947, 45.647], [47.987, 45.554], [47.983, 45.488]]], [[[50.265, 69.186], [50.283, 69.089], [50.221, 69.049], [50.164, 69.038], [50.141, 69.098], [50.094, 69.126], [49.921, 69.053], [49.84, 68.974], [49.626, 68.86], [49.18, 68.778], [48.91, 68.743], [48.667, 68.733], [48.439, 68.805], [48.316, 68.942], [48.294, 68.984], [48.279, 69.04], [48.28, 69.097], [48.296, 69.184], [48.32, 69.269], [48.414, 69.346], [48.631, 69.436], [48.845, 69.495], [48.953, 69.509], [49.225, 69.511], [49.996, 69.309], [50.167, 69.257], [50.265, 69.186]]], [[[63.374, 80.7], [63.188, 80.698], [63.002, 80.713], [62.76, 80.763], [62.52, 80.822], [62.593, 80.853], [62.819, 80.894], [63.116, 80.967], [63.615, 80.981], [63.856, 80.981], [64.096, 80.998], [64.166, 81.036], [64.21, 81.106], [64.256, 81.144], [64.31, 81.175], [64.575, 81.198], [64.802, 81.197], [65.028, 81.169], [65.172, 81.144], [65.31, 81.096], [65.382, 81.057], [65.36, 81.008], [65.372, 80.968], [65.437, 80.931], [64.997, 80.819], [64.548, 80.755], [63.374, 80.7]]], [[[57.956, 80.123], [57.8, 80.104], [57.392, 80.139], [57.332, 80.158], [57.281, 80.194], [57.214, 80.328], [57.212, 80.368], [57.186, 80.396], [57.083, 80.445], [57.011, 80.468], [57.075, 80.494], [57.522, 80.475], [58.48, 80.465], [58.972, 80.416], [59.116, 80.388], [59.255, 80.343], [58.398, 80.319], [58.284, 80.298], [58.286, 80.248], [58.255, 80.202], [58.163, 80.197], [57.956, 80.123]]], [[[62.168, 80.835], [62.228, 80.794], [62.192, 80.73], [62.115, 80.684], [62.076, 80.617], [61.769, 80.601], [61.681, 80.586], [61.597, 80.535], [61.285, 80.505], [61.051, 80.419], [60.722, 80.435], [60.278, 80.494], [59.9, 80.446], [59.65, 80.431], [59.346, 80.505], [59.304, 80.522], [59.288, 80.573], [59.306, 80.618], [59.387, 80.713], [59.495, 80.767], [59.549, 80.784], [59.592, 80.817], [59.716, 80.836], [60.095, 80.849], [60.235, 80.838], [60.278, 80.801], [60.482, 80.804], [60.82, 80.827], [61.313, 80.863], [61.597, 80.893], [61.851, 80.886], [62.103, 80.867], [62.168, 80.835]]], [[[61.141, 80.95], [60.827, 80.93], [60.321, 80.956], [60.058, 80.985], [60.078, 80.999], [60.148, 81.017], [60.587, 81.088], [61.457, 81.104], [61.567, 81.05], [61.472, 81.011], [61.141, 80.95]]], [[[53.521, 80.185], [52.856, 80.173], [52.636, 80.179], [52.607, 80.191], [52.55, 80.202], [52.344, 80.213], [52.213, 80.264], [52.27, 80.276], [52.577, 80.297], [52.681, 80.319], [52.716, 80.348], [52.854, 80.402], [53.186, 80.413], [53.329, 80.402], [53.346, 80.366], [53.486, 80.323], [53.852, 80.268], [53.778, 80.228], [53.653, 80.223], [53.521, 80.185]]], [[[57.079, 80.351], [57.123, 80.317], [57.119, 80.194], [57.073, 80.139], [57.08, 80.095], [56.987, 80.071], [56.201, 80.076], [55.812, 80.087], [55.724, 80.105], [55.942, 80.163], [56.012, 80.204], [55.99, 80.32], [56.024, 80.341], [56.655, 80.33], [56.707, 80.363], [56.945, 80.366], [57.079, 80.351]]], [[[57.81, 81.546], [57.863, 81.506], [58.017, 81.484], [58.436, 81.464], [58.564, 81.418], [58.372, 81.387], [57.859, 81.368], [57.912, 81.303], [58.015, 81.255], [57.913, 81.198], [57.77, 81.17], [57.451, 81.136], [57.159, 81.178], [56.822, 81.238], [56.669, 81.198], [56.513, 81.175], [56.364, 81.179], [56.192, 81.224], [55.717, 81.188], [55.573, 81.228], [55.466, 81.311], [55.782, 81.329], [56.157, 81.303], [56.405, 81.387], [56.719, 81.423], [56.973, 81.511], [57.092, 81.541], [57.365, 81.535], [57.456, 81.543], [57.717, 81.565], [57.81, 81.546]]], [[[54.719, 81.116], [55.471, 81.02], [56.17, 81.029], [56.472, 80.998], [56.91, 80.913], [57.568, 80.82], [57.694, 80.792], [57.58, 80.755], [56.815, 80.664], [56.316, 80.633], [55.883, 80.628], [55.712, 80.637], [55.541, 80.703], [55.117, 80.752], [54.668, 80.739], [54.623, 80.765], [54.533, 80.783], [54.376, 80.787], [54.067, 80.814], [54.045, 80.872], [54.241, 80.902], [54.367, 80.904], [54.417, 80.987], [54.634, 81.113], [54.719, 81.116]]], [[[63.651, 81.609], [63.529, 81.597], [62.885, 81.609], [62.573, 81.633], [62.531, 81.647], [62.515, 81.659], [62.106, 81.679], [62.284, 81.707], [62.795, 81.719], [63.71, 81.687], [63.767, 81.664], [63.782, 81.65], [63.651, 81.609]]], [[[58.295, 81.715], [57.965, 81.696], [57.921, 81.71], [57.909, 81.722], [57.945, 81.748], [57.985, 81.797], [58.135, 81.828], [59.262, 81.854], [59.408, 81.825], [59.357, 81.781], [59.356, 81.759], [58.295, 81.715]]], [[[92.683, 79.685], [92.441, 79.675], [92.154, 79.685], [91.684, 79.791], [91.376, 79.835], [91.126, 79.905], [91.07, 79.981], [91.229, 80.031], [91.426, 80.049], [91.752, 80.052], [92.173, 80.045], [92.593, 79.997], [93.482, 79.941], [93.803, 79.905], [93.604, 79.817], [93.382, 79.784], [93.155, 79.738], [92.926, 79.704], [92.683, 79.685]]], [[[91.567, 81.141], [91.223, 81.064], [89.976, 81.113], [89.919, 81.149], [89.901, 81.171], [90.07, 81.214], [91.109, 81.199], [91.478, 81.184], [91.567, 81.141]]], [[[141.01, 73.999], [140.507, 73.919], [140.409, 73.922], [140.183, 74.005], [140.102, 74.184], [140.194, 74.237], [140.3, 74.257], [140.407, 74.266], [140.849, 74.274], [140.944, 74.265], [141.039, 74.243], [141.079, 74.209], [141.097, 74.168], [141.047, 74.05], [141.01, 73.999]]], [[[142.185, 73.896], [142.435, 73.852], [142.639, 73.803], [143.344, 73.569], [143.411, 73.521], [143.464, 73.459], [143.491, 73.246], [143.451, 73.231], [143.193, 73.221], [142.842, 73.245], [142.587, 73.253], [142.342, 73.253], [142.126, 73.282], [141.597, 73.311], [141.183, 73.389], [140.754, 73.446], [140.663, 73.452], [140.392, 73.435], [140.027, 73.361], [139.925, 73.355], [139.786, 73.355], [139.686, 73.426], [139.92, 73.449], [140.155, 73.458], [140.381, 73.483], [140.594, 73.565], [140.697, 73.629], [140.884, 73.778], [140.984, 73.832], [141.085, 73.866], [141.19, 73.876], [141.312, 73.872], [141.682, 73.904], [141.932, 73.915], [142.185, 73.896]]], [[[135.949, 75.41], [135.746, 75.382], [135.452, 75.39], [135.473, 75.463], [135.523, 75.496], [135.593, 75.576], [135.561, 75.636], [135.578, 75.71], [135.614, 75.766], [135.699, 75.845], [135.788, 75.798], [135.849, 75.729], [135.905, 75.694], [136.127, 75.626], [136.169, 75.606], [135.983, 75.522], [135.965, 75.486], [136.021, 75.438], [135.949, 75.41]]], [[[136.197, 73.914], [136.122, 73.885], [136.051, 73.929], [135.715, 74.06], [135.633, 74.121], [135.449, 74.18], [135.402, 74.202], [135.387, 74.253], [135.628, 74.22], [136.037, 74.09], [136.259, 73.985], [136.197, 73.914]]], [[[137.941, 55.093], [138.031, 55.053], [138.172, 55.06], [138.206, 55.034], [138.096, 54.991], [138.017, 54.901], [137.991, 54.821], [137.959, 54.789], [137.87, 54.75], [137.79, 54.697], [137.721, 54.663], [137.661, 54.653], [137.526, 54.826], [137.463, 54.873], [137.276, 54.792], [137.233, 54.791], [137.275, 54.891], [137.384, 55.001], [137.436, 55.016], [137.544, 55.163], [137.577, 55.197], [137.91, 55.11], [137.941, 55.093]]], [[[169.201, 69.58], [168.916, 69.571], [168.348, 69.664], [168.144, 69.713], [167.993, 69.776], [167.821, 69.82], [167.789, 69.837], [167.814, 69.873], [167.865, 69.901], [168.06, 69.975], [168.196, 70.008], [168.358, 70.016], [169.375, 69.883], [169.421, 69.856], [169.434, 69.832], [169.418, 69.779], [169.332, 69.77], [169.299, 69.735], [169.263, 69.629], [169.246, 69.601], [169.201, 69.58]]], [[[163.635, 58.603], [163.471, 58.509], [163.447, 58.525], [163.432, 58.546], [163.427, 58.579], [163.577, 58.641], [163.727, 58.799], [163.784, 58.93], [163.767, 58.972], [163.761, 59.015], [164.202, 59.096], [164.517, 59.227], [164.573, 59.221], [164.629, 59.112], [164.662, 58.971], [164.616, 58.886], [164.279, 58.838], [163.96, 58.744], [163.635, 58.603]]], [[[166.65, 54.839], [166.645, 54.694], [166.521, 54.768], [166.464, 54.827], [166.382, 54.838], [166.325, 54.865], [166.23, 54.937], [166.12, 55.03], [166.082, 55.077], [166.066, 55.136], [165.992, 55.19], [165.751, 55.295], [165.83, 55.307], [165.931, 55.351], [166.212, 55.324], [166.276, 55.312], [166.23, 55.242], [166.248, 55.165], [166.404, 55.006], [166.479, 54.95], [166.577, 54.908], [166.65, 54.839]]], [[[154.81, 49.312], [154.715, 49.268], [154.611, 49.294], [154.613, 49.381], [154.825, 49.647], [154.9, 49.63], [154.883, 49.566], [154.802, 49.468], [154.83, 49.348], [154.81, 49.312]]], [[[156.405, 50.658], [156.365, 50.634], [156.326, 50.639], [156.196, 50.702], [156.168, 50.732], [156.213, 50.785], [156.376, 50.862], [156.456, 50.86], [156.488, 50.843], [156.483, 50.751], [156.405, 50.658]]], [[[155.921, 50.302], [155.792, 50.202], [155.608, 50.177], [155.516, 50.146], [155.449, 50.078], [155.397, 50.041], [155.289, 50.061], [155.243, 50.095], [155.243, 50.213], [155.195, 50.265], [155.218, 50.298], [155.327, 50.293], [155.434, 50.369], [155.68, 50.401], [155.773, 50.482], [155.885, 50.684], [156.002, 50.757], [156.097, 50.772], [156.123, 50.671], [156.101, 50.559], [156.044, 50.452], [155.921, 50.302]]], [[[154.081, 48.79], [154.043, 48.739], [154.001, 48.756], [153.992, 48.773], [154.092, 48.832], [154.126, 48.904], [154.199, 48.905], [154.228, 48.892], [154.205, 48.857], [154.081, 48.79]]], [[[155.645, 50.822], [155.554, 50.811], [155.513, 50.837], [155.483, 50.87], [155.467, 50.914], [155.569, 50.934], [155.64, 50.91], [155.654, 50.845], [155.645, 50.822]]], [[[153.101, 47.763], [153.054, 47.706], [153.004, 47.713], [152.984, 47.728], [153.049, 47.797], [153.079, 47.809], [153.101, 47.763]]], [[[152.002, 46.897], [151.816, 46.787], [151.754, 46.788], [151.723, 46.829], [151.715, 46.853], [151.864, 46.869], [152.04, 47.015], [152.166, 47.11], [152.235, 47.143], [152.289, 47.142], [152.002, 46.897]]], [[[149.688, 45.642], [149.539, 45.591], [149.447, 45.593], [149.666, 45.84], [149.796, 45.876], [149.962, 46.022], [150.309, 46.2], [150.349, 46.213], [150.553, 46.209], [150.235, 46.012], [150.195, 45.933], [150.057, 45.849], [149.954, 45.822], [149.883, 45.783], [149.688, 45.642]]], [[[148.6, 45.318], [148.415, 45.247], [148.262, 45.217], [148.005, 45.07], [147.914, 44.99], [147.784, 44.959], [147.658, 44.977], [147.622, 44.945], [147.61, 44.887], [147.563, 44.836], [147.31, 44.678], [147.207, 44.554], [147.098, 44.531], [146.897, 44.404], [146.933, 44.513], [146.974, 44.566], [147.141, 44.663], [147.155, 44.766], [147.247, 44.856], [147.43, 44.945], [147.558, 45.062], [147.658, 45.093], [147.769, 45.191], [147.886, 45.226], [147.873, 45.3], [147.924, 45.383], [147.965, 45.378], [148.056, 45.262], [148.13, 45.258], [148.324, 45.282], [148.612, 45.485], [148.707, 45.521], [148.773, 45.526], [148.812, 45.51], [148.826, 45.486], [148.825, 45.456], [148.803, 45.414], [148.837, 45.363], [148.791, 45.324], [148.6, 45.318]]], [[[146.714, 43.744], [146.683, 43.716], [146.609, 43.74], [146.613, 43.797], [146.622, 43.813], [146.825, 43.86], [146.884, 43.829], [146.899, 43.804], [146.714, 43.744]]], [[[146.208, 44.498], [146.356, 44.425], [146.568, 44.44], [146.516, 44.375], [146.437, 44.376], [146.296, 44.281], [146.173, 44.269], [146.112, 44.246], [145.914, 44.104], [145.887, 44.048], [145.767, 43.941], [145.587, 43.845], [145.556, 43.665], [145.439, 43.737], [145.426, 43.81], [145.462, 43.871], [145.666, 43.999], [145.748, 44.072], [145.773, 44.129], [145.852, 44.193], [145.89, 44.249], [145.94, 44.273], [146.112, 44.5], [146.208, 44.498]]], [[[113.387, 74.4], [113.353, 74.353], [113.299, 74.317], [113.259, 74.273], [113.19, 74.239], [112.978, 74.197], [112.811, 74.103], [112.782, 74.095], [112.196, 74.146], [112.105, 74.163], [111.912, 74.219], [111.643, 74.273], [111.503, 74.353], [111.57, 74.368], [111.638, 74.374], [111.88, 74.364], [111.949, 74.389], [111.983, 74.456], [111.989, 74.496], [112.008, 74.527], [112.084, 74.549], [112.952, 74.48], [113.286, 74.441], [113.387, 74.4]]], [[[76.249, 79.651], [76.373, 79.615], [76.467, 79.643], [77.36, 79.557], [77.549, 79.524], [77.589, 79.502], [76.81, 79.49], [76.65, 79.493], [76.637, 79.544], [76.458, 79.545], [76.154, 79.579], [76.072, 79.626], [76.052, 79.645], [76.148, 79.664], [76.249, 79.651]]], [[[80.027, 80.848], [79.099, 80.812], [79.007, 80.835], [78.978, 80.848], [79.11, 80.924], [79.217, 80.96], [79.807, 80.975], [80.28, 80.95], [80.428, 80.928], [80.373, 80.883], [80.345, 80.868], [80.027, 80.848]]], [[[70.674, 73.095], [70.38, 73.048], [70.298, 73.044], [70.119, 73.056], [70.041, 73.037], [69.92, 73.085], [69.93, 73.127], [69.986, 73.169], [70.019, 73.224], [69.996, 73.359], [70.15, 73.445], [70.35, 73.478], [70.94, 73.514], [71.023, 73.504], [71.141, 73.478], [71.232, 73.448], [71.351, 73.372], [71.445, 73.342], [71.59, 73.283], [71.63, 73.225], [71.626, 73.174], [71.356, 73.162], [70.887, 73.12], [70.674, 73.095]]], [[[77.633, 72.291], [77.146, 72.282], [76.906, 72.298], [76.871, 72.317], [76.903, 72.366], [77.15, 72.439], [77.26, 72.486], [77.378, 72.565], [77.579, 72.631], [77.749, 72.631], [78.279, 72.553], [78.353, 72.504], [78.365, 72.482], [78.154, 72.417], [78.007, 72.392], [77.781, 72.309], [77.633, 72.291]]], [[[79.501, 72.722], [79.431, 72.711], [78.881, 72.752], [78.69, 72.803], [78.633, 72.851], [78.657, 72.892], [79.164, 73.094], [79.357, 73.039], [79.412, 72.983], [79.541, 72.919], [79.538, 72.769], [79.501, 72.722]]], [[[82.172, 75.419], [82.209, 75.387], [82.222, 75.351], [82.179, 75.339], [82.05, 75.341], [81.979, 75.247], [81.905, 75.263], [81.861, 75.317], [81.698, 75.281], [81.655, 75.289], [81.579, 75.331], [81.532, 75.34], [81.501, 75.368], [81.712, 75.451], [81.842, 75.407], [81.927, 75.41], [81.91, 75.46], [81.913, 75.498], [82.022, 75.513], [82.166, 75.516], [82.172, 75.419]]], [[[60.45, 69.935], [60.481, 69.885], [60.477, 69.794], [60.44, 69.726], [60.327, 69.715], [60.216, 69.688], [60.026, 69.717], [59.92, 69.697], [59.813, 69.696], [59.725, 69.706], [59.637, 69.721], [59.578, 69.739], [59.581, 69.791], [59.503, 69.866], [59.382, 69.89], [59.268, 69.898], [59.144, 69.922], [59.083, 69.911], [59.004, 69.883], [58.953, 69.893], [58.68, 70.051], [58.634, 70.088], [58.606, 70.129], [58.568, 70.156], [58.473, 70.267], [58.52, 70.318], [58.615, 70.351], [58.678, 70.36], [58.794, 70.433], [59.005, 70.465], [59.048, 70.46], [59.088, 70.437], [59.31, 70.362], [59.426, 70.311], [59.529, 70.249], [59.636, 70.197], [59.956, 70.108], [60.172, 70.023], [60.393, 69.962], [60.45, 69.935]]], [[[20.958, 55.279], [20.859, 55.184], [20.595, 54.982], [20.678, 54.956], [20.774, 54.947], [20.887, 54.909], [20.996, 54.903], [21.189, 54.935], [21.223, 55.108], [21.236, 55.264], [21.298, 55.264], [21.389, 55.276], [21.447, 55.234], [21.555, 55.195], [21.683, 55.16], [21.874, 55.101], [22.072, 55.064], [22.138, 55.059], [22.346, 55.064], [22.567, 55.059], [22.627, 54.971], [22.737, 54.929], [22.825, 54.871], [22.831, 54.838], [22.71, 54.633], [22.684, 54.563], [22.68, 54.493], [22.724, 54.406], [22.766, 54.357], [22.732, 54.35], [22.168, 54.36], [21.634, 54.376], [21.141, 54.392], [20.665, 54.407], [20.208, 54.421], [19.924, 54.434], [19.644, 54.447], [19.604, 54.459], [19.758, 54.545], [19.859, 54.634], [19.944, 54.75], [19.953, 54.83], [19.975, 54.921], [20.108, 54.956], [20.397, 54.951], [20.52, 54.995], [20.679, 55.103], [20.846, 55.232], [20.9, 55.287], [20.958, 55.279]]], [[[33.594, 46.096], [33.654, 46.146], [33.66, 46.22], [33.807, 46.208], [34.027, 46.107], [34.128, 46.09], [34.224, 46.101], [34.354, 46.062], [34.45, 45.966], [34.523, 45.977], [34.687, 45.977], [34.794, 45.892], [34.8, 45.791], [34.946, 45.729], [35.002, 45.733], [35.023, 45.701], [35.26, 45.447], [35.374, 45.354], [35.458, 45.316], [35.558, 45.311], [35.751, 45.389], [35.833, 45.402], [36.013, 45.372], [36.077, 45.424], [36.171, 45.453], [36.29, 45.457], [36.427, 45.433], [36.575, 45.394], [36.514, 45.304], [36.451, 45.232], [36.428, 45.153], [36.393, 45.065], [36.23, 45.026], [36.055, 45.031], [35.87, 45.005], [35.804, 45.04], [35.759, 45.071], [35.678, 45.102], [35.57, 45.119], [35.473, 45.098], [35.358, 44.978], [35.155, 44.896], [35.088, 44.803], [34.888, 44.824], [34.717, 44.807], [34.47, 44.722], [34.282, 44.538], [34.074, 44.424], [33.91, 44.388], [33.756, 44.399], [33.656, 44.433], [33.451, 44.554], [33.463, 44.597], [33.491, 44.619], [33.53, 44.681], [33.612, 44.908], [33.601, 44.981], [33.555, 45.098], [33.392, 45.188], [33.262, 45.171], [33.187, 45.195], [32.919, 45.348], [32.773, 45.359], [32.611, 45.328], [32.552, 45.35], [32.508, 45.404], [32.828, 45.593], [33.142, 45.749], [33.28, 45.765], [33.466, 45.838], [33.665, 45.947], [33.637, 46.033], [33.594, 46.096]]]]}}, {"type": "Feature", "properties": {"ISO_A2": "BR", "ISO_A3": "BRA", "NAME": "Brazil", "fillColor": "#009C3B"}, "geometry": {"type": "MultiPolygon", "coordinates": [[[[-66.876, 1.223], [-66.619, 0.992], [-66.429, 0.822], [-66.347, 0.767], [-66.302, 0.752], [-66.191, 0.763], [-66.06, 0.785], [-65.996, 0.81], [-65.926, 0.863], [-65.811, 0.937], [-65.718, 0.978], [-65.681, 0.983], [-65.645, 0.97], [-65.566, 0.926], [-65.523, 0.843], [-65.563, 0.748], [-65.556, 0.688], [-65.473, 0.691], [-65.407, 0.79], [-65.361, 0.869], [-65.264, 0.932], [-65.17, 1.022], [-65.104, 1.108], [-65.027, 1.158], [-64.91, 1.22], [-64.818, 1.257], [-64.732, 1.253], [-64.667, 1.294], [-64.584, 1.37], [-64.526, 1.431], [-64.486, 1.453], [-64.405, 1.447], [-64.304, 1.455], [-64.205, 1.529], [-64.115, 1.619], [-64.067, 1.771], [-64.035, 1.904], [-64.008, 1.932], [-63.976, 1.953], [-63.937, 1.967], [-63.844, 1.977], [-63.682, 2.048], [-63.57, 2.121], [-63.464, 2.136], [-63.433, 2.156], [-63.394, 2.223], [-63.375, 2.34], [-63.389, 2.412], [-63.585, 2.434], [-63.713, 2.434], [-63.924, 2.452], [-64.025, 2.482], [-64.047, 2.502], [-64.049, 2.525], [-64.029, 2.576], [-64.009, 2.672], [-64.038, 2.802], [-64.144, 3.005], [-64.219, 3.205], [-64.229, 3.344], [-64.227, 3.491], [-64.221, 3.587], [-64.275, 3.663], [-64.568, 3.9], [-64.669, 4.012], [-64.703, 4.089], [-64.818, 4.232], [-64.789, 4.276], [-64.722, 4.274], [-64.666, 4.237], [-64.614, 4.158], [-64.576, 4.14], [-64.526, 4.14], [-64.256, 4.14], [-64.192, 4.127], [-64.154, 4.1], [-64.122, 4.067], [-64.073, 3.974], [-64.021, 3.929], [-63.915, 3.931], [-63.747, 3.933], [-63.653, 3.941], [-63.597, 3.915], [-63.527, 3.894], [-63.38, 3.943], [-63.339, 3.944], [-63.295, 3.922], [-63.136, 3.756], [-63.045, 3.686], [-62.969, 3.594], [-62.857, 3.593], [-62.765, 3.673], [-62.74, 3.94], [-62.712, 4.018], [-62.665, 4.04], [-62.61, 4.042], [-62.544, 4.084], [-62.473, 4.139], [-62.411, 4.157], [-62.153, 4.098], [-62.082, 4.126], [-61.821, 4.197], [-61.554, 4.288], [-61.479, 4.402], [-61.368, 4.433], [-61.28, 4.517], [-61.209, 4.508], [-61.102, 4.505], [-61.036, 4.519], [-61.003, 4.535], [-60.966, 4.575], [-60.906, 4.687], [-60.833, 4.729], [-60.742, 4.774], [-60.679, 4.827], [-60.628, 4.893], [-60.604, 4.949], [-60.604, 4.995], [-60.635, 5.082], [-60.672, 5.164], [-60.712, 5.192], [-60.742, 5.202], [-60.651, 5.221], [-60.576, 5.192], [-60.46, 5.188], [-60.409, 5.21], [-60.335, 5.199], [-60.242, 5.258], [-60.182, 5.239], [-60.142, 5.239], [-60.106, 5.194], [-60.078, 5.144], [-59.991, 5.083], [-59.999, 4.99], [-60.015, 4.908], [-60.027, 4.813], [-60.032, 4.741], [-60.069, 4.667], [-60.125, 4.598], [-60.141, 4.57], [-60.149, 4.533], [-60.111, 4.511], [-60.045, 4.505], [-59.962, 4.502], [-59.906, 4.48], [-59.833, 4.476], [-59.746, 4.417], [-59.703, 4.381], [-59.7, 4.354], [-59.727, 4.288], [-59.739, 4.227], [-59.717, 4.188], [-59.691, 4.16], [-59.62, 4.023], [-59.586, 3.975], [-59.558, 3.96], [-59.551, 3.934], [-59.575, 3.883], [-59.604, 3.82], [-59.67, 3.753], [-59.679, 3.7], [-59.732, 3.667], [-59.854, 3.587], [-59.833, 3.462], [-59.829, 3.399], [-59.831, 3.349], [-59.873, 3.283], [-59.946, 3.088], [-59.972, 2.99], [-59.996, 2.765], [-59.994, 2.69], [-59.961, 2.588], [-59.89, 2.363], [-59.849, 2.327], [-59.755, 2.274], [-59.744, 2.122], [-59.752, 1.962], [-59.756, 1.901], [-59.741, 1.874], [-59.699, 1.861], [-59.669, 1.842], [-59.664, 1.795], [-59.667, 1.746], [-59.597, 1.718], [-59.536, 1.7], [-59.479, 1.632], [-59.378, 1.527], [-59.337, 1.508], [-59.317, 1.465], [-59.231, 1.376], [-59.1, 1.344], [-58.969, 1.305], [-58.917, 1.249], [-58.862, 1.204], [-58.822, 1.201], [-58.787, 1.208], [-58.73, 1.248], [-58.685, 1.281], [-58.605, 1.279], [-58.512, 1.285], [-58.496, 1.312], [-58.487, 1.348], [-58.506, 1.439], [-58.473, 1.466], [-58.396, 1.482], [-58.38, 1.53], [-58.363, 1.557], [-58.341, 1.588], [-58.314, 1.592], [-58.281, 1.574], [-58.23, 1.563], [-58.173, 1.548], [-58.142, 1.517], [-58.091, 1.514], [-58.035, 1.52], [-58.012, 1.54], [-57.995, 1.574], [-57.983, 1.648], [-57.946, 1.651], [-57.873, 1.667], [-57.796, 1.7], [-57.692, 1.705], [-57.594, 1.704], [-57.546, 1.726], [-57.5, 1.774], [-57.413, 1.909], [-57.367, 1.94], [-57.317, 1.963], [-57.276, 1.959], [-57.19, 1.982], [-57.119, 2.014], [-57.093, 2.006], [-57.038, 1.936], [-57.01, 1.921], [-56.97, 1.916], [-56.837, 1.881], [-56.766, 1.892], [-56.69, 1.914], [-56.616, 1.923], [-56.564, 1.907], [-56.525, 1.927], [-56.483, 1.942], [-56.453, 1.932], [-56.386, 1.924], [-56.227, 1.885], [-56.02, 1.842], [-55.963, 1.857], [-55.93, 1.887], [-55.922, 1.977], [-55.915, 2.04], [-55.962, 2.095], [-56.02, 2.158], [-56.074, 2.237], [-56.138, 2.259], [-56.129, 2.3], [-56.088, 2.341], [-56.045, 2.364], [-56.02, 2.393], [-55.994, 2.498], [-55.976, 2.516], [-55.957, 2.52], [-55.936, 2.517], [-55.894, 2.49], [-55.731, 2.406], [-55.659, 2.419], [-55.385, 2.441], [-55.344, 2.489], [-55.286, 2.5], [-55.188, 2.548], [-55.149, 2.551], [-55.114, 2.539], [-55.07, 2.548], [-55.006, 2.593], [-54.979, 2.598], [-54.968, 2.548], [-54.927, 2.497], [-54.876, 2.45], [-54.852, 2.44], [-54.767, 2.455], [-54.722, 2.442], [-54.703, 2.398], [-54.697, 2.36], [-54.662, 2.328], [-54.616, 2.327], [-54.592, 2.314], [-54.55, 2.293], [-54.515, 2.245], [-54.433, 2.208], [-54.293, 2.154], [-54.228, 2.153], [-54.167, 2.137], [-54.13, 2.121], [-54.09, 2.15], [-53.946, 2.233], [-53.877, 2.278], [-53.83, 2.313], [-53.794, 2.346], [-53.768, 2.355], [-53.75, 2.335], [-53.735, 2.309], [-53.684, 2.293], [-53.564, 2.262], [-53.509, 2.253], [-53.432, 2.279], [-53.366, 2.324], [-53.334, 2.34], [-53.285, 2.295], [-53.252, 2.232], [-53.23, 2.205], [-53.18, 2.211], [-53.082, 2.202], [-53.01, 2.182], [-52.965, 2.184], [-52.903, 2.212], [-52.87, 2.267], [-52.783, 2.317], [-52.701, 2.364], [-52.653, 2.426], [-52.583, 2.529], [-52.559, 2.573], [-52.555, 2.648], [-52.456, 2.864], [-52.418, 2.904], [-52.396, 2.972], [-52.357, 3.052], [-52.357, 3.118], [-52.328, 3.182], [-52.271, 3.237], [-52.229, 3.272], [-52.163, 3.365], [-52.116, 3.452], [-52.0, 3.647], [-51.991, 3.702], [-51.944, 3.735], [-51.929, 3.777], [-51.879, 3.829], [-51.827, 3.87], [-51.805, 3.93], [-51.767, 3.993], [-51.683, 4.04], [-51.653, 4.061], [-51.558, 4.234], [-51.547, 4.311], [-51.462, 4.314], [-51.327, 4.225], [-51.22, 4.094], [-51.076, 3.672], [-51.052, 3.282], [-50.994, 3.078], [-50.827, 2.652], [-50.817, 2.573], [-50.79, 2.478], [-50.737, 2.377], [-50.679, 2.21], [-50.677, 2.179], [-50.714, 2.134], [-50.659, 2.131], [-50.609, 2.104], [-50.576, 1.999], [-50.534, 1.927], [-50.459, 1.83], [-50.304, 1.798], [-50.188, 1.786], [-50.055, 1.731], [-49.957, 1.66], [-49.882, 1.42], [-49.906, 1.269], [-49.899, 1.163], [-49.938, 1.121], [-50.047, 1.052], [-50.071, 1.015], [-50.294, 0.836], [-50.343, 0.751], [-50.463, 0.637], [-50.582, 0.421], [-50.755, 0.223], [-50.816, 0.173], [-50.91, 0.161], [-50.967, 0.13], [-51.102, -0.031], [-51.283, -0.085], [-51.3, -0.179], [-51.404, -0.393], [-51.496, -0.509], [-51.555, -0.549], [-51.703, -0.762], [-51.722, -0.855], [-51.721, -1.018], [-51.819, -1.118], [-51.922, -1.181], [-51.934, -1.32], [-51.981, -1.368], [-52.02, -1.399], [-52.229, -1.363], [-52.553, -1.514], [-52.664, -1.552], [-52.31, -1.56], [-52.197, -1.64], [-51.948, -1.587], [-51.646, -1.394], [-51.531, -1.354], [-51.297, -1.224], [-51.202, -1.137], [-51.029, -1.032], [-50.992, -0.986], [-50.895, -0.938], [-50.842, -1.0], [-50.838, -1.039], [-50.918, -1.115], [-50.897, -1.164], [-50.845, -1.226], [-50.826, -1.311], [-50.819, -1.376], [-50.786, -1.49], [-50.679, -1.644], [-50.675, -1.695], [-50.69, -1.762], [-50.639, -1.817], [-50.586, -1.85], [-50.403, -2.016], [-50.26, -1.923], [-50.173, -1.896], [-50.117, -1.858], [-49.999, -1.832], [-49.903, -1.871], [-49.72, -1.926], [-49.585, -1.867], [-49.314, -1.732], [-49.399, -1.972], [-49.46, -2.192], [-49.507, -2.28], [-49.553, -2.52], [-49.599, -2.584], [-49.637, -2.657], [-49.576, -2.631], [-49.524, -2.597], [-49.458, -2.505], [-49.408, -2.344], [-49.211, -1.917], [-49.155, -1.879], [-48.991, -1.83], [-48.71, -1.488], [-48.6, -1.489], [-48.53, -1.567], [-48.463, -1.614], [-48.446, -1.52], [-48.35, -1.482], [-48.451, -1.436], [-48.468, -1.394], [-48.478, -1.324], [-48.409, -1.229], [-48.45, -1.146], [-48.306, -1.04], [-48.318, -0.961], [-48.266, -0.895], [-48.202, -0.828], [-48.128, -0.795], [-48.115, -0.738], [-48.069, -0.714], [-48.033, -0.705], [-47.961, -0.77], [-47.883, -0.693], [-47.808, -0.663], [-47.774, -0.677], [-47.731, -0.71], [-47.687, -0.725], [-47.651, -0.719], [-47.557, -0.67], [-47.471, -0.749], [-47.419, -0.766], [-47.433, -0.722], [-47.46, -0.681], [-47.439, -0.648], [-47.398, -0.627], [-47.269, -0.645], [-47.201, -0.68], [-47.127, -0.745], [-47.025, -0.75], [-46.944, -0.743], [-46.894, -0.78], [-46.811, -0.78], [-46.77, -0.837], [-46.644, -0.916], [-46.617, -0.971], [-46.516, -0.997], [-46.422, -1.03], [-46.321, -1.039], [-46.219, -1.031], [-46.215, -1.1], [-46.14, -1.118], [-46.045, -1.103], [-45.972, -1.187], [-45.779, -1.251], [-45.645, -1.348], [-45.557, -1.331], [-45.459, -1.356], [-45.353, -1.567], [-45.329, -1.717], [-45.282, -1.697], [-45.239, -1.629], [-45.182, -1.507], [-45.076, -1.466], [-45.026, -1.513], [-44.92, -1.589], [-44.828, -1.672], [-44.79, -1.725], [-44.721, -1.733], [-44.779, -1.799], [-44.721, -1.792], [-44.651, -1.746], [-44.592, -1.842], [-44.547, -1.946], [-44.538, -2.053], [-44.58, -2.114], [-44.617, -2.152], [-44.659, -2.228], [-44.708, -2.241], [-44.756, -2.266], [-44.701, -2.32], [-44.662, -2.373], [-44.579, -2.23], [-44.52, -2.19], [-44.435, -2.168], [-44.391, -2.27], [-44.382, -2.366], [-44.52, -2.405], [-44.521, -2.481], [-44.562, -2.524], [-44.589, -2.573], [-44.611, -2.677], [-44.639, -2.763], [-44.721, -3.142], [-44.723, -3.205], [-44.623, -3.138], [-44.438, -2.944], [-44.381, -2.738], [-44.308, -2.535], [-44.229, -2.471], [-44.179, -2.471], [-44.106, -2.493], [-44.101, -2.56], [-44.113, -2.599], [-44.192, -2.7], [-44.225, -2.755], [-44.193, -2.81], [-44.013, -2.642], [-43.933, -2.583], [-43.864, -2.595], [-43.729, -2.518], [-43.455, -2.502], [-43.435, -2.414], [-43.38, -2.376], [-43.23, -2.386], [-42.937, -2.465], [-42.832, -2.53], [-42.676, -2.59], [-42.594, -2.661], [-42.25, -2.792], [-42.0, -2.806], [-41.876, -2.747], [-41.722, -2.809], [-41.64, -2.879], [-41.48, -2.917], [-41.318, -2.936], [-41.195, -2.886], [-40.876, -2.87], [-40.475, -2.796], [-40.235, -2.813], [-39.965, -2.862], [-39.772, -2.986], [-39.609, -3.056], [-39.511, -3.126], [-39.353, -3.197], [-39.014, -3.39], [-38.896, -3.502], [-38.686, -3.654], [-38.476, -3.717], [-38.362, -3.876], [-38.272, -3.948], [-38.049, -4.216], [-37.796, -4.404], [-37.626, -4.592], [-37.301, -4.713], [-37.175, -4.912], [-36.955, -4.937], [-36.861, -4.967], [-36.747, -5.051], [-36.591, -5.098], [-36.387, -5.084], [-36.162, -5.094], [-35.98, -5.054], [-35.549, -5.129], [-35.482, -5.166], [-35.393, -5.251], [-35.235, -5.567], [-35.142, -5.917], [-35.095, -6.185], [-34.988, -6.394], [-34.93, -6.785], [-34.88, -6.908], [-34.876, -7.003], [-34.834, -7.024], [-34.805, -7.288], [-34.817, -7.395], [-34.858, -7.533], [-34.861, -7.595], [-34.855, -7.634], [-34.873, -7.692], [-34.879, -7.747], [-34.837, -7.872], [-34.835, -7.971], [-34.891, -8.092], [-34.967, -8.408], [-35.158, -8.931], [-35.341, -9.231], [-35.597, -9.541], [-35.764, -9.703], [-35.83, -9.719], [-35.891, -9.687], [-35.848, -9.772], [-35.885, -9.848], [-36.055, -10.076], [-36.224, -10.225], [-36.398, -10.484], [-36.412, -10.49], [-36.636, -10.59], [-36.768, -10.672], [-36.938, -10.82], [-37.093, -11.055], [-37.125, -11.085], [-37.183, -11.068], [-37.181, -11.188], [-37.315, -11.376], [-37.356, -11.404], [-37.355, -11.35], [-37.332, -11.31], [-37.321, -11.267], [-37.322, -11.215], [-37.359, -11.253], [-37.438, -11.394], [-37.412, -11.497], [-37.469, -11.654], [-37.689, -12.1], [-37.957, -12.475], [-38.019, -12.591], [-38.24, -12.844], [-38.402, -12.966], [-38.447, -12.967], [-38.499, -12.957], [-38.525, -12.762], [-38.654, -12.645], [-38.691, -12.624], [-38.744, -12.749], [-38.788, -12.783], [-38.852, -12.79], [-38.784, -12.844], [-38.764, -12.907], [-38.833, -13.033], [-38.835, -13.147], [-38.959, -13.273], [-39.031, -13.365], [-39.067, -13.48], [-39.089, -13.588], [-39.035, -13.559], [-39.009, -13.581], [-38.989, -13.615], [-39.001, -13.665], [-39.041, -13.758], [-39.035, -13.991], [-39.048, -14.044], [-39.008, -14.101], [-38.967, -14.003], [-38.942, -14.031], [-39.06, -14.655], [-39.013, -14.936], [-38.996, -15.254], [-38.943, -15.564], [-38.885, -15.842], [-38.881, -15.864], [-38.961, -16.187], [-39.063, -16.504], [-39.125, -16.764], [-39.164, -17.044], [-39.203, -17.178], [-39.215, -17.316], [-39.171, -17.642], [-39.154, -17.704], [-39.278, -17.849], [-39.413, -17.92], [-39.487, -17.99], [-39.651, -18.252], [-39.74, -18.64], [-39.742, -18.846], [-39.7, -19.278], [-39.731, -19.454], [-39.783, -19.572], [-39.845, -19.649], [-40.001, -19.742], [-40.142, -19.968], [-40.203, -20.206], [-40.299, -20.293], [-40.319, -20.426], [-40.396, -20.569], [-40.597, -20.784], [-40.727, -20.846], [-40.789, -20.906], [-40.829, -21.031], [-40.955, -21.238], [-41.047, -21.506], [-41.023, -21.597], [-41.022, -21.611], [-40.988, -21.92], [-41.0, -21.999], [-41.123, -22.084], [-41.583, -22.244], [-41.706, -22.31], [-41.98, -22.581], [-41.998, -22.645], [-41.986, -22.736], [-41.941, -22.788], [-41.987, -22.845], [-42.042, -22.947], [-42.122, -22.941], [-42.581, -22.941], [-42.829, -22.973], [-42.958, -22.967], [-43.016, -22.943], [-43.081, -22.903], [-43.101, -22.85], [-43.065, -22.771], [-43.086, -22.723], [-43.154, -22.725], [-43.229, -22.748], [-43.242, -22.795], [-43.237, -22.829], [-43.209, -22.878], [-43.194, -22.939], [-43.224, -22.991], [-43.369, -22.998], [-43.533, -23.046], [-43.737, -23.067], [-43.899, -23.101], [-43.974, -23.057], [-43.899, -23.035], [-43.791, -23.046], [-43.676, -23.009], [-43.703, -22.966], [-43.866, -22.911], [-44.047, -22.945], [-44.148, -23.011], [-44.368, -23.005], [-44.637, -23.055], [-44.681, -23.107], [-44.674, -23.207], [-44.621, -23.229], [-44.57, -23.274], [-44.619, -23.316], [-44.667, -23.335], [-44.952, -23.381], [-45.215, -23.576], [-45.325, -23.6], [-45.423, -23.685], [-45.433, -23.758], [-45.464, -23.803], [-45.527, -23.805], [-45.665, -23.765], [-45.843, -23.764], [-45.972, -23.796], [-46.631, -24.11], [-46.867, -24.236], [-47.137, -24.493], [-47.592, -24.781], [-47.831, -24.953], [-47.877, -24.997], [-47.914, -25.0], [-47.989, -25.036], [-47.959, -25.065], [-47.908, -25.068], [-47.929, -25.168], [-48.024, -25.237], [-48.203, -25.417], [-48.242, -25.403], [-48.186, -25.31], [-48.273, -25.306], [-48.402, -25.272], [-48.458, -25.311], [-48.428, -25.403], [-48.476, -25.443], [-48.564, -25.447], [-48.644, -25.437], [-48.732, -25.369], [-48.692, -25.492], [-48.507, -25.521], [-48.43, -25.55], [-48.401, -25.597], [-48.545, -25.816], [-48.666, -25.844], [-48.679, -25.875], [-48.613, -25.875], [-48.576, -25.935], [-48.619, -26.179], [-48.679, -26.226], [-48.714, -26.227], [-48.748, -26.269], [-48.701, -26.348], [-48.652, -26.406], [-48.658, -26.519], [-48.677, -26.612], [-48.678, -26.703], [-48.616, -26.878], [-48.593, -27.058], [-48.568, -27.123], [-48.554, -27.196], [-48.596, -27.264], [-48.572, -27.373], [-48.643, -27.558], [-48.606, -27.825], [-48.621, -28.076], [-48.648, -28.207], [-48.693, -28.31], [-48.797, -28.443], [-48.8, -28.575], [-49.024, -28.699], [-49.271, -28.871], [-49.5, -29.075], [-49.746, -29.363], [-50.033, -29.801], [-50.3, -30.426], [-50.62, -30.898], [-50.748, -31.068], [-50.921, -31.258], [-51.152, -31.48], [-51.46, -31.702], [-51.798, -31.9], [-51.92, -31.99], [-52.039, -32.115], [-52.069, -32.063], [-52.043, -31.978], [-52.06, -31.913], [-52.063, -31.83], [-51.995, -31.815], [-51.893, -31.868], [-51.841, -31.832], [-51.803, -31.797], [-51.681, -31.775], [-51.446, -31.557], [-51.272, -31.477], [-51.174, -31.34], [-51.158, -31.267], [-51.161, -31.119], [-51.106, -31.081], [-50.98, -31.094], [-50.954, -31.052], [-50.965, -31.005], [-50.941, -30.904], [-50.77, -30.813], [-50.689, -30.704], [-50.716, -30.426], [-50.685, -30.413], [-50.615, -30.457], [-50.582, -30.439], [-50.547, -30.317], [-50.564, -30.254], [-50.646, -30.237], [-50.932, -30.374], [-51.025, -30.369], [-51.04, -30.261], [-51.179, -30.211], [-51.234, -30.121], [-51.25, -30.06], [-51.298, -30.035], [-51.295, -30.141], [-51.282, -30.244], [-51.157, -30.364], [-51.188, -30.412], [-51.247, -30.468], [-51.288, -30.591], [-51.283, -30.752], [-51.316, -30.703], [-51.359, -30.675], [-51.376, -30.847], [-51.459, -30.913], [-51.485, -30.978], [-51.464, -31.053], [-51.506, -31.104], [-51.717, -31.244], [-51.927, -31.339], [-51.972, -31.384], [-51.995, -31.49], [-52.027, -31.599], [-52.12, -31.695], [-52.194, -31.886], [-52.192, -31.968], [-52.167, -32.088], [-52.127, -32.168], [-52.19, -32.221], [-52.275, -32.324], [-52.342, -32.44], [-52.508, -32.875], [-52.652, -33.138], [-52.763, -33.266], [-52.921, -33.402], [-53.371, -33.742], [-53.398, -33.737], [-53.464, -33.71], [-53.519, -33.677], [-53.531, -33.655], [-53.538, -33.623], [-53.53, -33.5], [-53.531, -33.171], [-53.512, -33.109], [-53.483, -33.069], [-53.395, -33.01], [-53.31, -32.927], [-53.214, -32.821], [-53.126, -32.737], [-53.157, -32.68], [-53.231, -32.625], [-53.363, -32.581], [-53.489, -32.503], [-53.602, -32.403], [-53.654, -32.299], [-53.701, -32.186], [-53.747, -32.097], [-53.762, -32.057], [-53.806, -32.04], [-53.877, -31.995], [-53.921, -31.952], [-53.985, -31.928], [-54.1, -31.902], [-54.221, -31.855], [-54.37, -31.745], [-54.478, -31.623], [-54.531, -31.542], [-54.588, -31.485], [-54.896, -31.391], [-55.036, -31.279], [-55.091, -31.314], [-55.174, -31.28], [-55.255, -31.226], [-55.279, -31.184], [-55.313, -31.142], [-55.346, -31.093], [-55.366, -31.046], [-55.45, -30.964], [-55.557, -30.876], [-55.603, -30.851], [-55.627, -30.858], [-55.65, -30.892], [-55.665, -30.925], [-55.706, -30.947], [-55.756, -30.987], [-55.808, -31.037], [-55.874, -31.07], [-55.952, -31.081], [-56.005, -31.079], [-56.016, -31.06], [-56.018, -30.992], [-55.999, -30.837], [-56.045, -30.778], [-56.106, -30.714], [-56.176, -30.628], [-56.407, -30.447], [-56.722, -30.187], [-56.833, -30.107], [-56.937, -30.101], [-57.033, -30.11], [-57.121, -30.144], [-57.187, -30.265], [-57.214, -30.283], [-57.384, -30.281], [-57.552, -30.261], [-57.609, -30.188], [-57.564, -30.14], [-57.405, -30.034], [-57.317, -29.939], [-57.301, -29.857], [-57.225, -29.782], [-57.089, -29.716], [-56.939, -29.595], [-56.772, -29.418], [-56.672, -29.287], [-56.636, -29.203], [-56.571, -29.138], [-56.476, -29.092], [-56.393, -28.997], [-56.322, -28.852], [-56.226, -28.737], [-56.103, -28.652], [-56.034, -28.581], [-56.02, -28.525], [-55.985, -28.489], [-55.93, -28.473], [-55.904, -28.443], [-55.905, -28.4], [-55.891, -28.37], [-55.859, -28.354], [-55.806, -28.36], [-55.732, -28.387], [-55.687, -28.382], [-55.672, -28.345], [-55.692, -28.303], [-55.746, -28.255], [-55.725, -28.204], [-55.582, -28.121], [-55.477, -28.089], [-55.41, -28.038], [-55.346, -27.956], [-55.244, -27.899], [-55.102, -27.867], [-55.064, -27.836], [-55.069, -27.796], [-55.04, -27.768], [-54.956, -27.747], [-54.91, -27.709], [-54.903, -27.652], [-54.876, -27.599], [-54.829, -27.551], [-54.777, -27.533], [-54.72, -27.545], [-54.666, -27.527], [-54.615, -27.477], [-54.555, -27.454], [-54.484, -27.457], [-54.448, -27.446], [-54.327, -27.424], [-54.26, -27.382], [-54.205, -27.29], [-54.156, -27.254], [-54.114, -27.275], [-54.04, -27.244], [-53.935, -27.161], [-53.916, -27.16], [-53.838, -27.121], [-53.758, -26.978], [-53.717, -26.883], [-53.727, -26.805], [-53.753, -26.749], [-53.745, -26.667], [-53.718, -26.443], [-53.711, -26.352], [-53.669, -26.288], [-53.671, -26.225], [-53.747, -26.084], [-53.823, -25.96], [-53.864, -25.749], [-53.891, -25.669], [-53.955, -25.648], [-54.012, -25.578], [-54.085, -25.572], [-54.119, -25.545], [-54.155, -25.523], [-54.206, -25.53], [-54.25, -25.57], [-54.332, -25.572], [-54.383, -25.589], [-54.444, -25.625], [-54.502, -25.608], [-54.538, -25.576], [-54.616, -25.576], [-54.611, -25.433], [-54.473, -25.22], [-54.436, -25.121], [-54.454, -25.065], [-54.413, -24.867], [-54.313, -24.528], [-54.281, -24.306], [-54.317, -24.201], [-54.318, -24.128], [-54.267, -24.066], [-54.242, -24.047], [-54.371, -23.971], [-54.44, -23.902], [-54.53, -23.852], [-54.625, -23.812], [-54.672, -23.829], [-54.721, -23.852], [-54.817, -23.888], [-54.926, -23.951], [-54.983, -23.975], [-55.082, -23.998], [-55.194, -24.017], [-55.287, -24.004], [-55.366, -23.991], [-55.416, -23.951], [-55.442, -23.865], [-55.442, -23.793], [-55.459, -23.687], [-55.518, -23.627], [-55.538, -23.581], [-55.542, -23.525], [-55.535, -23.462], [-55.518, -23.416], [-55.528, -23.359], [-55.555, -23.32], [-55.548, -23.25], [-55.561, -23.154], [-55.601, -23.095], [-55.621, -23.025], [-55.621, -22.956], [-55.651, -22.886], [-55.654, -22.81], [-55.628, -22.741], [-55.618, -22.671], [-55.647, -22.622], [-55.704, -22.592], [-55.747, -22.513], [-55.753, -22.41], [-55.8, -22.354], [-55.849, -22.308], [-55.905, -22.308], [-55.991, -22.281], [-56.067, -22.284], [-56.19, -22.281], [-56.246, -22.265], [-56.276, -22.228], [-56.352, -22.179], [-56.395, -22.093], [-56.448, -22.076], [-56.524, -22.103], [-56.55, -22.136], [-56.58, -22.182], [-56.633, -22.235], [-56.702, -22.232], [-56.775, -22.261], [-56.845, -22.265], [-56.937, -22.271], [-57.03, -22.245], [-57.142, -22.215], [-57.238, -22.195], [-57.331, -22.215], [-57.394, -22.198], [-57.476, -22.189], [-57.569, -22.182], [-57.642, -22.129], [-57.721, -22.099], [-57.764, -22.109], [-57.82, -22.142], [-57.88, -22.136], [-57.956, -22.109], [-57.986, -22.046], [-57.979, -22.007], [-57.962, -21.967], [-57.933, -21.911], [-57.949, -21.851], [-57.943, -21.798], [-57.929, -21.752], [-57.916, -21.699], [-57.926, -21.65], [-57.929, -21.597], [-57.936, -21.547], [-57.946, -21.494], [-57.906, -21.418], [-57.873, -21.355], [-57.893, -21.302], [-57.886, -21.266], [-57.86, -21.206], [-57.827, -21.134], [-57.83, -20.998], [-57.86, -20.919], [-57.892, -20.897], [-57.9, -20.873], [-57.885, -20.842], [-57.902, -20.809], [-57.908, -20.776], [-57.891, -20.747], [-57.915, -20.69], [-57.962, -20.674], [-57.979, -20.657], [-57.996, -20.594], [-58.009, -20.522], [-58.002, -20.465], [-58.025, -20.416], [-58.058, -20.386], [-58.092, -20.333], [-58.125, -20.293], [-58.138, -20.237], [-58.16, -20.165], [-58.094, -20.151], [-58.068, -20.11], [-58.021, -20.055], [-57.96, -20.041], [-57.888, -20.02], [-57.861, -19.98], [-58.03, -19.833], [-58.131, -19.745], [-58.072, -19.625], [-57.972, -19.424], [-57.875, -19.229], [-57.8, -19.081], [-57.781, -19.054], [-57.717, -19.044], [-57.729, -18.967], [-57.731, -18.917], [-57.783, -18.914], [-57.725, -18.733], [-57.639, -18.475], [-57.574, -18.279], [-57.553, -18.246], [-57.506, -18.237], [-57.496, -18.215], [-57.552, -18.183], [-57.586, -18.122], [-57.662, -17.947], [-57.78, -17.672], [-57.789, -17.573], [-57.832, -17.512], [-57.905, -17.532], [-57.991, -17.513], [-58.206, -17.363], [-58.348, -17.282], [-58.396, -17.234], [-58.417, -17.081], [-58.46, -16.911], [-58.478, -16.701], [-58.471, -16.65], [-58.35, -16.491], [-58.351, -16.41], [-58.341, -16.34], [-58.346, -16.284], [-58.375, -16.284], [-58.424, -16.308], [-58.497, -16.327], [-58.538, -16.328], [-58.957, -16.313], [-59.434, -16.296], [-59.831, -16.282], [-60.176, -16.269], [-60.187, -16.132], [-60.207, -15.902], [-60.22, -15.739], [-60.242, -15.48], [-60.38, -15.318], [-60.53, -15.143], [-60.583, -15.098], [-60.402, -15.093], [-60.273, -15.089], [-60.299, -14.619], [-60.338, -14.571], [-60.373, -14.419], [-60.396, -14.333], [-60.46, -14.263], [-60.475, -14.185], [-60.463, -14.132], [-60.428, -14.1], [-60.405, -14.019], [-60.422, -13.938], [-60.46, -13.862], [-60.507, -13.79], [-60.595, -13.745], [-60.722, -13.664], [-60.915, -13.561], [-61.077, -13.49], [-61.129, -13.499], [-61.416, -13.527], [-61.512, -13.541], [-61.576, -13.525], [-61.79, -13.526], [-61.874, -13.47], [-61.945, -13.406], [-62.095, -13.242], [-62.118, -13.16], [-62.176, -13.134], [-62.264, -13.144], [-62.353, -13.132], [-62.526, -13.064], [-62.687, -12.994], [-62.765, -12.997], [-62.835, -12.954], [-62.958, -12.847], [-63.015, -12.806], [-63.041, -12.75], [-63.067, -12.669], [-63.117, -12.652], [-63.181, -12.666], [-63.25, -12.708], [-63.347, -12.68], [-63.465, -12.605], [-63.542, -12.547], [-63.586, -12.519], [-63.689, -12.478], [-63.788, -12.469], [-63.939, -12.53], [-64.062, -12.505], [-64.255, -12.483], [-64.421, -12.44], [-64.481, -12.326], [-64.513, -12.251], [-64.612, -12.204], [-64.69, -12.146], [-64.783, -12.059], [-64.83, -12.03], [-64.914, -12.006], [-64.993, -11.975], [-65.001, -11.92], [-65.03, -11.847], [-65.037, -11.829], [-65.09, -11.741], [-65.115, -11.735], [-65.143, -11.752], [-65.163, -11.765], [-65.186, -11.75], [-65.19, -11.71], [-65.175, -11.647], [-65.206, -11.581], [-65.282, -11.511], [-65.322, -11.439], [-65.325, -11.365], [-65.342, -11.315], [-65.373, -11.29], [-65.39, -11.246], [-65.394, -11.184], [-65.372, -11.11], [-65.324, -11.025], [-65.334, -10.893], [-65.402, -10.715], [-65.44, -10.586], [-65.447, -10.507], [-65.437, -10.449], [-65.395, -10.392], [-65.313, -10.253], [-65.299, -10.147], [-65.325, -10.027], [-65.328, -9.936], [-65.309, -9.873], [-65.338, -9.79], [-65.396, -9.712], [-65.437, -9.71], [-65.492, -9.732], [-65.559, -9.797], [-65.637, -9.809], [-65.707, -9.768], [-65.925, -9.785], [-66.264, -9.826], [-66.399, -9.868], [-66.479, -9.886], [-66.575, -9.9], [-66.73, -9.975], [-67.112, -10.269], [-67.19, -10.311], [-67.28, -10.317], [-67.333, -10.358], [-67.417, -10.39], [-67.582, -10.506], [-67.667, -10.599], [-67.722, -10.683], [-67.786, -10.686], [-67.835, -10.663], [-67.992, -10.674], [-68.072, -10.703], [-68.159, -10.785], [-68.267, -10.933], [-68.311, -10.975], [-68.398, -11.019], [-68.498, -11.055], [-68.623, -11.109], [-68.678, -11.113], [-68.727, -11.122], [-68.77, -11.098], [-68.784, -11.045], [-68.848, -11.011], [-69.002, -10.994], [-69.229, -10.956], [-69.463, -10.948], [-69.579, -10.952], [-69.674, -10.954], [-69.84, -10.933], [-69.96, -10.93], [-70.066, -10.982], [-70.22, -11.048], [-70.29, -11.064], [-70.342, -11.067], [-70.392, -11.059], [-70.451, -11.025], [-70.533, -10.947], [-70.597, -10.977], [-70.642, -11.01], [-70.642, -10.841], [-70.64, -10.586], [-70.639, -10.361], [-70.639, -10.182], [-70.638, -9.972], [-70.637, -9.824], [-70.594, -9.767], [-70.567, -9.705], [-70.599, -9.621], [-70.592, -9.543], [-70.57, -9.49], [-70.541, -9.438], [-70.608, -9.464], [-70.637, -9.478], [-70.672, -9.518], [-70.758, -9.572], [-70.816, -9.625], [-70.885, -9.669], [-70.971, -9.766], [-71.042, -9.819], [-71.115, -9.852], [-71.238, -9.966], [-71.339, -9.989], [-71.608, -10.006], [-71.887, -10.006], [-72.143, -10.005], [-72.182, -10.004], [-72.179, -9.91], [-72.173, -9.844], [-72.26, -9.774], [-72.266, -9.688], [-72.289, -9.629], [-72.318, -9.557], [-72.379, -9.51], [-72.465, -9.492], [-72.605, -9.452], [-72.814, -9.41], [-73.014, -9.407], [-73.209, -9.411], [-73.09, -9.266], [-72.97, -9.12], [-72.974, -8.993], [-73.071, -8.883], [-73.123, -8.814], [-73.203, -8.719], [-73.302, -8.654], [-73.357, -8.567], [-73.352, -8.514], [-73.36, -8.479], [-73.398, -8.459], [-73.436, -8.427], [-73.488, -8.392], [-73.549, -8.346], [-73.549, -8.299], [-73.572, -8.25], [-73.61, -8.192], [-73.61, -8.145], [-73.645, -8.073], [-73.683, -8.021], [-73.72, -7.986], [-73.776, -7.936], [-73.773, -7.896], [-73.732, -7.875], [-73.715, -7.829], [-73.72, -7.783], [-73.767, -7.754], [-73.822, -7.739], [-73.895, -7.655], [-73.947, -7.611], [-73.982, -7.585], [-74.002, -7.556], [-73.982, -7.536], [-73.958, -7.507], [-73.953, -7.46], [-73.964, -7.417], [-73.964, -7.379], [-73.929, -7.367], [-73.892, -7.373], [-73.854, -7.35], [-73.805, -7.341], [-73.749, -7.335], [-73.72, -7.309], [-73.723, -7.263], [-73.758, -7.173], [-73.793, -7.135], [-73.805, -7.08], [-73.776, -6.974], [-73.758, -6.906], [-73.695, -6.834], [-73.5, -6.679], [-73.325, -6.575], [-73.24, -6.564], [-73.177, -6.525], [-73.137, -6.466], [-73.126, -6.401], [-73.135, -6.344], [-73.168, -6.261], [-73.206, -6.156], [-73.236, -6.098], [-73.209, -6.029], [-73.163, -5.933], [-73.068, -5.79], [-72.98, -5.635], [-72.97, -5.59], [-72.959, -5.495], [-72.918, -5.303], [-72.896, -5.198], [-72.907, -5.158], [-72.887, -5.123], [-72.832, -5.094], [-72.699, -5.067], [-72.608, -5.01], [-72.469, -4.901], [-72.353, -4.786], [-72.257, -4.749], [-72.083, -4.642], [-71.982, -4.575], [-71.943, -4.553], [-71.845, -4.504], [-71.668, -4.487], [-71.521, -4.47], [-71.438, -4.438], [-71.317, -4.424], [-71.235, -4.388], [-71.144, -4.387], [-70.974, -4.35], [-70.916, -4.295], [-70.866, -4.23], [-70.8, -4.173], [-70.722, -4.159], [-70.635, -4.169], [-70.531, -4.168], [-70.405, -4.15], [-70.344, -4.194], [-70.317, -4.247], [-70.239, -4.301], [-70.184, -4.298], [-70.129, -4.287], [-70.053, -4.333], [-70.004, -4.327], [-69.972, -4.301], [-69.966, -4.236], [-69.948, -4.201], [-69.911, -3.997], [-69.85, -3.66], [-69.794, -3.355], [-69.733, -3.017], [-69.669, -2.668], [-69.605, -2.314], [-69.552, -2.024], [-69.506, -1.775], [-69.479, -1.622], [-69.435, -1.422], [-69.418, -1.246], [-69.4, -1.195], [-69.411, -1.152], [-69.449, -1.092], [-69.449, -1.065], [-69.444, -1.03], [-69.449, -0.999], [-69.488, -0.966], [-69.519, -0.946], [-69.544, -0.917], [-69.555, -0.877], [-69.574, -0.838], [-69.583, -0.796], [-69.612, -0.763], [-69.621, -0.721], [-69.601, -0.681], [-69.592, -0.639], [-69.601, -0.6], [-69.612, -0.553], [-69.634, -0.509], [-69.667, -0.482], [-69.747, -0.453], [-69.828, -0.381], [-69.923, -0.317], [-70.044, -0.196], [-70.071, -0.139], [-70.071, 0.019], [-70.066, 0.189], [-70.058, 0.447], [-70.054, 0.579], [-69.985, 0.586], [-69.925, 0.589], [-69.862, 0.598], [-69.807, 0.607], [-69.757, 0.626], [-69.719, 0.65], [-69.674, 0.665], [-69.639, 0.66], [-69.604, 0.68], [-69.565, 0.7], [-69.527, 0.716], [-69.472, 0.73], [-69.421, 0.698], [-69.392, 0.667], [-69.359, 0.652], [-69.327, 0.655], [-69.306, 0.652], [-69.283, 0.627], [-69.254, 0.625], [-69.213, 0.63], [-69.174, 0.635], [-69.156, 0.643], [-69.153, 0.659], [-69.163, 0.687], [-69.177, 0.713], [-69.166, 0.753], [-69.165, 0.802], [-69.163, 0.864], [-69.194, 0.898], [-69.224, 0.963], [-69.259, 1.015], [-69.312, 1.05], [-69.361, 1.064], [-69.403, 1.042], [-69.442, 1.039], [-69.47, 1.059], [-69.517, 1.059], [-69.568, 1.066], [-69.621, 1.073], [-69.717, 1.059], [-69.751, 1.077], [-69.798, 1.078], [-69.852, 1.06], [-69.851, 1.309], [-69.849, 1.544], [-69.849, 1.709], [-69.8, 1.705], [-69.74, 1.735], [-69.65, 1.739], [-69.581, 1.771], [-69.543, 1.773], [-69.47, 1.758], [-69.394, 1.726], [-69.32, 1.721], [-69.124, 1.721], [-68.913, 1.721], [-68.678, 1.721], [-68.443, 1.722], [-68.24, 1.722], [-68.177, 1.72], [-68.213, 1.775], [-68.256, 1.846], [-68.239, 1.901], [-68.218, 1.958], [-68.194, 1.987], [-68.13, 1.956], [-68.077, 1.86], [-68.033, 1.788], [-67.99, 1.753], [-67.936, 1.748], [-67.876, 1.761], [-67.815, 1.79], [-67.712, 1.922], [-67.609, 2.035], [-67.556, 2.073], [-67.5, 2.108], [-67.458, 2.121], [-67.4, 2.117], [-67.352, 2.086], [-67.321, 2.032], [-67.206, 1.845], [-67.119, 1.704], [-67.09, 1.616], [-67.088, 1.401], [-67.094, 1.21], [-67.082, 1.185], [-67.065, 1.178], [-66.876, 1.223]]], [[[-49.629, -0.229], [-49.535, -0.234], [-49.403, -0.215], [-49.314, -0.168], [-49.215, -0.159], [-49.117, -0.164], [-48.787, -0.216], [-48.588, -0.232], [-48.515, -0.248], [-48.444, -0.272], [-48.393, -0.297], [-48.38, -0.353], [-48.428, -0.442], [-48.464, -0.535], [-48.497, -0.665], [-48.523, -0.691], [-48.567, -0.684], [-48.54, -0.801], [-48.55, -0.848], [-48.571, -0.893], [-48.624, -0.987], [-48.705, -1.107], [-48.729, -1.132], [-48.79, -1.173], [-48.84, -1.227], [-48.829, -1.277], [-48.804, -1.327], [-48.834, -1.39], [-48.929, -1.482], [-48.986, -1.505], [-49.038, -1.514], [-49.087, -1.505], [-49.173, -1.413], [-49.182, -1.485], [-49.205, -1.559], [-49.234, -1.6], [-49.345, -1.595], [-49.407, -1.556], [-49.507, -1.512], [-49.526, -1.63], [-49.588, -1.712], [-49.651, -1.738], [-49.749, -1.755], [-49.805, -1.79], [-49.911, -1.763], [-50.01, -1.708], [-50.066, -1.704], [-50.109, -1.748], [-50.338, -1.756], [-50.443, -1.801], [-50.508, -1.788], [-50.602, -1.698], [-50.617, -1.638], [-50.673, -1.516], [-50.724, -1.371], [-50.76, -1.24], [-50.729, -1.127], [-50.668, -1.131], [-50.596, -1.147], [-50.581, -1.139], [-50.577, -1.103], [-50.593, -1.073], [-50.71, -1.078], [-50.783, -1.01], [-50.796, -0.906], [-50.781, -0.69], [-50.771, -0.645], [-50.72, -0.583], [-50.703, -0.529], [-50.716, -0.47], [-50.694, -0.364], [-50.646, -0.273], [-50.462, -0.157], [-50.248, -0.116], [-49.629, -0.229]]], [[[-44.129, -23.142], [-44.098, -23.169], [-44.156, -23.167], [-44.221, -23.191], [-44.32, -23.212], [-44.36, -23.172], [-44.274, -23.116], [-44.243, -23.074], [-44.22, -23.083], [-44.192, -23.113], [-44.129, -23.142]]], [[[-48.584, -26.402], [-48.603, -26.414], [-48.666, -26.29], [-48.54, -26.17], [-48.498, -26.219], [-48.531, -26.313], [-48.568, -26.38], [-48.584, -26.402]]], [[[-45.26, -23.889], [-45.261, -23.941], [-45.303, -23.915], [-45.413, -23.935], [-45.451, -23.896], [-45.302, -23.728], [-45.272, -23.752], [-45.249, -23.783], [-45.233, -23.825], [-45.25, -23.853], [-45.26, -23.889]]], [[[-44.499, -2.94], [-44.598, -3.038], [-44.565, -2.924], [-44.582, -2.846], [-44.569, -2.785], [-44.502, -2.726], [-44.481, -2.718], [-44.487, -2.79], [-44.483, -2.812], [-44.499, -2.94]]], [[[-38.744, -13.097], [-38.783, -13.119], [-38.787, -13.055], [-38.685, -12.975], [-38.668, -12.88], [-38.615, -12.924], [-38.6, -12.972], [-38.601, -12.993], [-38.744, -13.097]]], [[[-38.904, -13.473], [-38.938, -13.532], [-38.978, -13.524], [-38.993, -13.484], [-39.022, -13.446], [-39.007, -13.416], [-38.98, -13.398], [-38.907, -13.401], [-38.904, -13.473]]], [[[-44.883, -1.318], [-44.947, -1.366], [-44.968, -1.391], [-45.021, -1.372], [-45.011, -1.345], [-44.996, -1.348], [-44.979, -1.267], [-44.888, -1.277], [-44.883, -1.318]]], [[[-49.738, 0.268], [-49.697, 0.216], [-49.839, 0.007], [-49.917, -0.023], [-50.002, -0.029], [-50.113, 0.033], [-50.286, 0.029], [-50.339, 0.043], [-50.345, 0.134], [-50.273, 0.232], [-50.128, 0.227], [-49.879, 0.305], [-49.738, 0.268]]], [[[-50.299, 1.939], [-50.399, 1.893], [-50.456, 1.91], [-50.509, 2.03], [-50.491, 2.129], [-50.419, 2.161], [-50.363, 2.154], [-50.342, 2.142], [-50.292, 1.98], [-50.299, 1.939]]], [[[-50.653, -0.132], [-50.926, -0.327], [-51.019, -0.263], [-51.038, -0.226], [-51.022, -0.188], [-51.026, -0.172], [-50.995, -0.105], [-50.842, -0.05], [-50.765, -0.041], [-50.667, -0.058], [-50.651, -0.106], [-50.653, -0.132]]], [[[-49.444, -0.112], [-49.709, -0.144], [-49.83, -0.094], [-49.803, -0.052], [-49.712, 0.015], [-49.602, 0.063], [-49.503, 0.084], [-49.4, 0.057], [-49.372, 0.001], [-49.381, -0.055], [-49.444, -0.112]]], [[[-50.426, 0.139], [-50.444, -0.008], [-50.624, 0.054], [-50.61, 0.205], [-50.526, 0.247], [-50.452, 0.327], [-50.426, 0.425], [-50.425, 0.558], [-50.397, 0.581], [-50.373, 0.591], [-50.351, 0.582], [-50.343, 0.382], [-50.332, 0.259], [-50.426, 0.139]]], [[[-50.153, 0.393], [-50.261, 0.359], [-50.282, 0.391], [-50.282, 0.517], [-50.251, 0.585], [-50.113, 0.605], [-50.099, 0.625], [-50.059, 0.638], [-50.037, 0.595], [-50.04, 0.523], [-50.153, 0.393]]], [[[-51.833, -1.434], [-51.938, -1.453], [-51.802, -1.203], [-51.68, -1.086], [-51.678, -0.855], [-51.546, -0.65], [-51.424, -0.566], [-51.254, -0.541], [-51.161, -0.667], [-51.276, -1.022], [-51.31, -1.024], [-51.465, -1.211], [-51.638, -1.342], [-51.833, -1.434]]], [[[-48.486, -27.767], [-48.555, -27.812], [-48.542, -27.575], [-48.505, -27.496], [-48.465, -27.436], [-48.415, -27.4], [-48.378, -27.451], [-48.41, -27.566], [-48.497, -27.707], [-48.486, -27.767]]]]}}, {"type": "Feature", "properties": {"ISO_A2": "ZA", "ISO_A3": "ZAF", "NAME": "South Africa", "fillColor": "#007749"}, "geometry": {"type": "MultiPolygon", "coordinates": [[[[29.365, -22.194], [29.377, -22.193], [29.663, -22.146], [29.902, -22.184], [30.19, -22.291], [30.46, -22.329], [30.712, -22.298], [30.916, -22.291], [31.073, -22.308], [31.197, -22.345], [31.288, -22.402], [31.293, -22.455], [31.3, -22.479], [31.348, -22.618], [31.419, -22.825], [31.467, -23.017], [31.532, -23.279], [31.53, -23.426], [31.546, -23.482], [31.604, -23.553], [31.676, -23.674], [31.7, -23.743], [31.724, -23.795], [31.8, -23.892], [31.858, -24.04], [31.908, -24.236], [31.951, -24.33], [31.967, -24.376], [31.986, -24.461], [31.983, -24.638], [31.984, -24.844], [31.986, -25.074], [31.987, -25.263], [31.979, -25.359], [31.985, -25.632], [31.92, -25.774], [31.928, -25.885], [31.948, -25.958], [31.922, -25.969], [31.871, -25.982], [31.64, -25.867], [31.415, -25.747], [31.383, -25.743], [31.335, -25.756], [31.207, -25.843], [31.088, -25.981], [31.033, -26.098], [30.945, -26.219], [30.803, -26.413], [30.789, -26.455], [30.788, -26.614], [30.794, -26.764], [30.807, -26.785], [30.883, -26.792], [30.938, -26.916], [31.063, -27.112], [31.274, -27.238], [31.47, -27.296], [31.743, -27.31], [31.958, -27.306], [31.946, -27.174], [31.967, -26.961], [31.995, -26.817], [32.025, -26.811], [32.082, -26.825], [32.113, -26.839], [32.2, -26.833], [32.354, -26.862], [32.478, -26.858], [32.589, -26.856], [32.777, -26.851], [32.886, -26.849], [32.849, -27.08], [32.706, -27.442], [32.657, -27.607], [32.535, -28.2], [32.375, -28.498], [32.286, -28.621], [32.027, -28.84], [31.955, -28.884], [31.892, -28.912], [31.778, -28.937], [31.335, -29.378], [31.17, -29.591], [31.023, -29.901], [30.878, -30.071], [30.664, -30.434], [30.472, -30.715], [30.289, -30.97], [29.971, -31.322], [29.83, -31.424], [29.735, -31.47], [29.483, -31.675], [29.128, -32.003], [28.856, -32.294], [28.449, -32.625], [28.214, -32.769], [27.861, -33.054], [27.762, -33.096], [27.364, -33.361], [27.077, -33.521], [26.614, -33.707], [26.429, -33.76], [25.99, -33.711], [25.806, -33.737], [25.652, -33.85], [25.638, -34.011], [25.574, -34.035], [25.477, -34.028], [25.17, -33.961], [25.003, -33.974], [24.906, -34.06], [24.827, -34.169], [24.596, -34.175], [24.183, -34.062], [23.698, -33.993], [23.586, -33.985], [23.35, -34.069], [23.268, -34.081], [22.926, -34.063], [22.736, -34.01], [22.554, -34.01], [22.414, -34.054], [22.246, -34.069], [21.789, -34.373], [21.553, -34.373], [21.35, -34.408], [21.249, -34.407], [21.06, -34.365], [20.99, -34.367], [20.882, -34.387], [20.775, -34.44], [20.53, -34.463], [20.435, -34.509], [20.021, -34.786], [19.926, -34.775], [19.85, -34.757], [19.635, -34.753], [19.392, -34.606], [19.298, -34.615], [19.323, -34.571], [19.331, -34.492], [19.279, -34.437], [19.245, -34.412], [19.149, -34.417], [19.098, -34.35], [18.952, -34.344], [18.902, -34.361], [18.831, -34.364], [18.825, -34.296], [18.831, -34.254], [18.826, -34.188], [18.809, -34.108], [18.752, -34.083], [18.709, -34.072], [18.605, -34.077], [18.534, -34.086], [18.5, -34.109], [18.462, -34.168], [18.462, -34.347], [18.41, -34.296], [18.352, -34.188], [18.333, -34.074], [18.354, -33.939], [18.465, -33.888], [18.456, -33.796], [18.433, -33.717], [18.309, -33.514], [18.261, -33.422], [18.156, -33.359], [18.075, -33.207], [17.993, -33.152], [17.958, -33.046], [17.878, -32.962], [17.851, -32.827], [17.895, -32.75], [17.965, -32.709], [18.037, -32.775], [18.125, -32.749], [18.251, -32.652], [18.325, -32.505], [18.33, -32.27], [18.311, -32.122], [18.211, -31.742], [18.164, -31.655], [17.939, -31.383], [17.677, -31.019], [17.347, -30.445], [17.189, -30.1], [16.95, -29.403], [16.739, -29.009], [16.481, -28.642], [16.448, -28.618], [16.487, -28.573], [16.626, -28.488], [16.689, -28.465], [16.723, -28.475], [16.756, -28.452], [16.788, -28.395], [16.795, -28.341], [16.81, -28.265], [16.841, -28.219], [16.875, -28.128], [16.933, -28.07], [17.056, -28.031], [17.149, -28.082], [17.188, -28.133], [17.205, -28.199], [17.246, -28.231], [17.312, -28.229], [17.359, -28.269], [17.386, -28.353], [17.38, -28.414], [17.343, -28.452], [17.348, -28.501], [17.396, -28.563], [17.416, -28.621], [17.448, -28.698], [17.617, -28.743], [17.699, -28.768], [17.842, -28.777], [17.976, -28.811], [18.103, -28.872], [18.311, -28.886], [18.6, -28.855], [18.839, -28.869], [19.026, -28.928], [19.162, -28.939], [19.246, -28.902], [19.282, -28.848], [19.271, -28.778], [19.313, -28.733], [19.407, -28.714], [19.483, -28.662], [19.54, -28.575], [19.671, -28.504], [19.878, -28.449], [19.98, -28.451], [19.98, -28.31], [19.98, -27.866], [19.98, -27.421], [19.98, -26.976], [19.98, -26.531], [19.98, -26.086], [19.98, -25.642], [19.98, -25.197], [19.98, -24.777], [20.029, -24.807], [20.345, -25.03], [20.431, -25.147], [20.473, -25.221], [20.609, -25.491], [20.711, -25.733], [20.793, -25.916], [20.799, -25.999], [20.811, -26.081], [20.823, -26.121], [20.815, -26.165], [20.757, -26.264], [20.698, -26.34], [20.627, -26.444], [20.62, -26.581], [20.641, -26.742], [20.685, -26.822], [20.74, -26.849], [20.871, -26.809], [20.954, -26.821], [21.071, -26.852], [21.455, -26.833], [21.501, -26.843], [21.646, -26.854], [21.695, -26.841], [21.738, -26.807], [21.788, -26.71], [21.833, -26.678], [21.915, -26.662], [22.011, -26.636], [22.091, -26.58], [22.218, -26.389], [22.471, -26.219], [22.549, -26.178], [22.598, -26.133], [22.64, -26.071], [22.729, -25.857], [22.796, -25.679], [22.819, -25.595], [22.879, -25.458], [22.951, -25.37], [23.022, -25.324], [23.058, -25.312], [23.149, -25.289], [23.266, -25.267], [23.389, -25.291], [23.521, -25.344], [23.671, -25.434], [23.823, -25.545], [23.894, -25.601], [23.97, -25.626], [24.104, -25.635], [24.193, -25.633], [24.331, -25.743], [24.4, -25.75], [24.556, -25.783], [24.748, -25.817], [24.869, -25.813], [24.999, -25.754], [25.092, -25.751], [25.213, -25.756], [25.346, -25.74], [25.444, -25.714], [25.518, -25.663], [25.584, -25.606], [25.659, -25.438], [25.703, -25.302], [25.77, -25.146], [25.852, -24.935], [25.882, -24.788], [25.912, -24.747], [26.032, -24.702], [26.131, -24.671], [26.397, -24.614], [26.452, -24.583], [26.502, -24.513], [26.618, -24.396], [26.761, -24.297], [26.835, -24.241], [26.971, -23.763], [26.987, -23.705], [27.086, -23.578], [27.146, -23.524], [27.186, -23.523], [27.241, -23.49], [27.313, -23.424], [27.399, -23.384], [27.499, -23.368], [27.563, -23.325], [27.593, -23.253], [27.644, -23.218], [27.717, -23.22], [27.758, -23.197], [27.769, -23.149], [27.813, -23.108], [27.891, -23.074], [27.931, -23.034], [27.935, -22.987], [28.028, -22.874], [28.21, -22.694], [28.382, -22.593], [28.543, -22.573], [28.696, -22.535], [28.84, -22.481], [28.946, -22.395], [29.013, -22.278], [29.13, -22.213], [29.365, -22.194]], [[28.737, -30.102], [28.901, -30.038], [28.975, -29.999], [29.029, -29.968], [29.098, -29.919], [29.122, -29.801], [29.142, -29.701], [29.195, -29.652], [29.249, -29.619], [29.294, -29.567], [29.349, -29.442], [29.387, -29.32], [29.391, -29.27], [29.371, -29.218], [29.336, -29.164], [29.301, -29.09], [29.26, -29.078], [29.178, -29.037], [29.058, -28.954], [28.954, -28.881], [28.856, -28.776], [28.816, -28.759], [28.722, -28.688], [28.681, -28.647], [28.653, -28.598], [28.626, -28.582], [28.583, -28.594], [28.472, -28.616], [28.233, -28.701], [28.084, -28.78], [27.96, -28.873], [27.83, -28.909], [27.736, -28.94], [27.66, -29.047], [27.59, -29.146], [27.527, -29.236], [27.491, -29.277], [27.458, -29.303], [27.425, -29.36], [27.357, -29.455], [27.295, -29.519], [27.207, -29.554], [27.095, -29.599], [27.057, -29.626], [27.052, -29.664], [27.092, -29.754], [27.13, -29.84], [27.194, -29.941], [27.24, -30.015], [27.313, -30.106], [27.355, -30.159], [27.35, -30.247], [27.364, -30.279], [27.388, -30.316], [27.409, -30.325], [27.431, -30.338], [27.492, -30.364], [27.507, -30.381], [27.549, -30.411], [27.59, -30.466], [27.667, -30.542], [27.753, -30.6], [27.902, -30.624], [28.018, -30.642], [28.057, -30.631], [28.096, -30.585], [28.129, -30.525], [28.139, -30.45], [28.176, -30.41], [28.315, -30.218], [28.392, -30.148], [28.439, -30.142], [28.5, -30.129], [28.577, -30.123], [28.634, -30.129], [28.647, -30.127], [28.737, -30.102]]], [[[37.857, -46.944], [37.814, -46.963], [37.612, -46.946], [37.59, -46.908], [37.65, -46.849], [37.685, -46.824], [37.79, -46.837], [37.873, -46.885], [37.888, -46.902], [37.857, -46.944]]]]}}, {"type": "Feature", "properties": {"ISO_A2": "MY", "ISO_A3": "MYS", "NAME": "Malaysia", "fillColor": "#1B3C8C"}, "geometry": {"type": "MultiPolygon", "coordinates": [[[[100.119, 6.442], [100.138, 6.489], [100.161, 6.642], [100.177, 6.672], [100.217, 6.687], [100.261, 6.683], [100.345, 6.55], [100.564, 6.468], [100.629, 6.448], [100.716, 6.481], [100.754, 6.46], [100.794, 6.426], [100.817, 6.332], [100.874, 6.245], [100.989, 6.258], [101.029, 6.245], [101.054, 6.243], [101.076, 6.166], [101.087, 6.034], [101.076, 5.956], [100.993, 5.846], [100.982, 5.771], [101.025, 5.725], [101.082, 5.675], [101.114, 5.637], [101.148, 5.643], [101.191, 5.669], [101.23, 5.734], [101.257, 5.789], [101.404, 5.852], [101.556, 5.908], [101.577, 5.902], [101.601, 5.877], [101.65, 5.796], [101.678, 5.779], [101.72, 5.771], [101.791, 5.779], [101.874, 5.825], [101.917, 5.911], [101.936, 5.979], [102.055, 6.097], [102.068, 6.185], [102.101, 6.242], [102.274, 6.203], [102.34, 6.172], [102.534, 5.863], [102.79, 5.645], [102.899, 5.564], [102.982, 5.525], [103.097, 5.408], [103.197, 5.262], [103.416, 4.85], [103.454, 4.669], [103.469, 4.393], [103.421, 3.977], [103.362, 3.769], [103.373, 3.671], [103.454, 3.521], [103.429, 3.379], [103.445, 3.261], [103.439, 2.933], [103.485, 2.837], [103.537, 2.775], [103.812, 2.58], [103.832, 2.508], [103.968, 2.261], [104.219, 1.723], [104.288, 1.481], [104.28, 1.416], [104.25, 1.389], [104.176, 1.365], [104.115, 1.412], [104.094, 1.446], [104.101, 1.488], [104.076, 1.53], [104.016, 1.579], [103.981, 1.624], [103.991, 1.55], [103.992, 1.455], [103.915, 1.447], [103.817, 1.477], [103.695, 1.45], [103.55, 1.333], [103.48, 1.329], [103.427, 1.43], [103.4, 1.498], [103.357, 1.546], [102.897, 1.792], [102.727, 1.856], [102.548, 2.042], [102.146, 2.248], [101.89, 2.449], [101.781, 2.574], [101.52, 2.684], [101.407, 2.813], [101.351, 2.839], [101.296, 2.885], [101.354, 3.011], [101.33, 3.142], [101.3, 3.253], [101.115, 3.472], [101.025, 3.625], [100.851, 3.777], [100.782, 3.864], [100.715, 3.966], [100.757, 4.002], [100.796, 4.023], [100.76, 4.097], [100.661, 4.226], [100.615, 4.373], [100.615, 4.652], [100.473, 5.044], [100.353, 5.588], [100.374, 5.778], [100.343, 5.984], [100.263, 6.183], [100.158, 6.324], [100.119, 6.442]]], [[[117.574, 4.171], [117.537, 4.171], [117.451, 4.193], [117.278, 4.299], [117.101, 4.337], [116.844, 4.34], [116.698, 4.355], [116.639, 4.339], [116.589, 4.338], [116.553, 4.36], [116.515, 4.371], [116.415, 4.308], [116.368, 4.327], [116.32, 4.354], [116.236, 4.363], [116.134, 4.355], [116.022, 4.291], [115.896, 4.349], [115.861, 4.348], [115.837, 4.333], [115.782, 4.254], [115.679, 4.193], [115.628, 4.082], [115.596, 3.976], [115.568, 3.939], [115.561, 3.733], [115.545, 3.634], [115.571, 3.502], [115.566, 3.446], [115.52, 3.362], [115.514, 3.342], [115.49, 3.209], [115.499, 3.173], [115.493, 3.128], [115.454, 3.034], [115.384, 3.009], [115.31, 2.994], [115.247, 3.026], [115.19, 2.974], [115.118, 2.895], [115.086, 2.841], [115.087, 2.791], [115.094, 2.758], [115.079, 2.723], [115.077, 2.687], [115.081, 2.634], [115.13, 2.612], [115.181, 2.567], [115.179, 2.523], [115.151, 2.493], [115.087, 2.446], [114.969, 2.351], [114.836, 2.269], [114.786, 2.25], [114.768, 2.213], [114.759, 2.162], [114.788, 2.052], [114.816, 2.019], [114.831, 1.98], [114.813, 1.934], [114.8, 1.894], [114.751, 1.869], [114.704, 1.851], [114.686, 1.819], [114.661, 1.686], [114.632, 1.617], [114.567, 1.514], [114.546, 1.467], [114.513, 1.452], [114.387, 1.5], [114.275, 1.471], [114.126, 1.452], [114, 1.455], [113.902, 1.434], [113.835, 1.38], [113.76, 1.311], [113.682, 1.261], [113.622, 1.236], [113.513, 1.308], [113.458, 1.302], [113.359, 1.327], [113.126, 1.408], [113.069, 1.432], [113.007, 1.434], [112.988, 1.457], [112.998, 1.496], [112.988, 1.548], [112.943, 1.567], [112.476, 1.559], [112.342, 1.515], [112.251, 1.48], [112.186, 1.439], [112.167, 1.338], [112.129, 1.244], [112.079, 1.143], [111.923, 1.113], [111.809, 1.012], [111.77, 0.999], [111.691, 1.014], [111.607, 1.023], [111.547, 0.994], [111.483, 0.996], [111.287, 1.043], [111.101, 1.051], [110.996, 1.026], [110.938, 1.017], [110.615, 0.878], [110.506, 0.862], [110.461, 0.882], [110.399, 0.939], [110.315, 0.996], [110.115, 1.19], [110.041, 1.236], [109.992, 1.283], [109.945, 1.338], [109.879, 1.398], [109.818, 1.439], [109.736, 1.523], [109.654, 1.615], [109.636, 1.777], [109.571, 1.806], [109.549, 1.848], [109.539, 1.896], [109.629, 2.028], [109.694, 1.889], [109.72, 1.858], [109.865, 1.764], [109.985, 1.718], [110.114, 1.699], [110.246, 1.695], [110.298, 1.701], [110.349, 1.72], [110.4, 1.7], [110.675, 1.548], [110.782, 1.521], [110.895, 1.532], [110.94, 1.517], [111.098, 1.401], [111.145, 1.387], [111.223, 1.396], [111.123, 1.449], [111.058, 1.487], [111.029, 1.558], [111.047, 1.634], [111.11, 1.684], [111.154, 1.739], [111.17, 1.902], [111.198, 1.985], [111.251, 2.064], [111.268, 2.14], [111.209, 2.198], [111.196, 2.297], [111.209, 2.38], [111.242, 2.436], [111.296, 2.399], [111.351, 2.364], [111.406, 2.368], [111.444, 2.382], [111.451, 2.424], [111.44, 2.498], [111.443, 2.634], [111.513, 2.743], [111.623, 2.818], [111.728, 2.854], [112.119, 2.915], [112.737, 3.07], [112.921, 3.131], [112.988, 3.162], [113.045, 3.205], [113.14, 3.344], [113.32, 3.561], [113.446, 3.741], [113.712, 4.001], [113.924, 4.243], [113.953, 4.289], [113.988, 4.421], [113.99, 4.483], [113.984, 4.546], [114.013, 4.575], [114.054, 4.593], [114.064, 4.593], [114.095, 4.565], [114.169, 4.527], [114.224, 4.478], [114.261, 4.414], [114.288, 4.355], [114.29, 4.304], [114.323, 4.263], [114.417, 4.256], [114.447, 4.204], [114.512, 4.114], [114.572, 4.049], [114.608, 4.024], [114.654, 4.038], [114.725, 4.097], [114.776, 4.169], [114.81, 4.267], [114.783, 4.281], [114.831, 4.354], [114.84, 4.393], [114.818, 4.429], [114.79, 4.464], [114.779, 4.553], [114.76, 4.667], [114.747, 4.718], [114.784, 4.755], [114.865, 4.802], [114.945, 4.856], [115.027, 4.9], [115.029, 4.821], [115.027, 4.691], [115.052, 4.583], [115.107, 4.39], [115.171, 4.364], [115.247, 4.347], [115.291, 4.353], [115.319, 4.365], [115.327, 4.381], [115.279, 4.456], [115.267, 4.634], [115.228, 4.751], [115.168, 4.867], [115.14, 4.9], [115.375, 4.933], [115.428, 4.969], [115.52, 5.049], [115.554, 5.094], [115.582, 5.194], [115.467, 5.254], [115.422, 5.331], [115.419, 5.413], [115.556, 5.567], [115.604, 5.603], [115.625, 5.549], [115.685, 5.535], [115.741, 5.533], [115.797, 5.536], [115.877, 5.614], [115.918, 5.725], [116.06, 5.882], [116.11, 6.003], [116.138, 6.13], [116.495, 6.522], [116.538, 6.583], [116.75, 6.977], [116.776, 6.99], [116.833, 6.952], [116.85, 6.827], [116.842, 6.772], [116.808, 6.691], [116.788, 6.606], [116.812, 6.608], [116.913, 6.66], [117.019, 6.797], [117.078, 6.917], [117.129, 6.969], [117.23, 6.94], [117.252, 6.919], [117.245, 6.833], [117.255, 6.783], [117.294, 6.677], [117.38, 6.612], [117.499, 6.571], [117.61, 6.513], [117.646, 6.474], [117.67, 6.427], [117.694, 6.35], [117.696, 6.272], [117.616, 6.197], [117.65, 6.074], [117.645, 6.002], [117.617, 5.941], [117.501, 5.885], [117.818, 5.94], [117.896, 5.972], [118.004, 6.053], [118.062, 5.983], [118.116, 5.862], [118.072, 5.832], [117.935, 5.787], [117.928, 5.769], [117.974, 5.706], [118.031, 5.712], [118.145, 5.754], [118.249, 5.821], [118.3, 5.82], [118.353, 5.806], [118.456, 5.763], [118.514, 5.729], [118.563, 5.685], [118.595, 5.592], [118.714, 5.559], [118.957, 5.429], [119.003, 5.418], [119.05, 5.415], [119.178, 5.431], [119.223, 5.413], [119.256, 5.366], [119.266, 5.308], [119.263, 5.246], [119.25, 5.199], [119.22, 5.16], [119.132, 5.1], [118.912, 5.023], [118.672, 4.964], [118.551, 4.968], [118.382, 5.019], [118.32, 5.012], [118.261, 4.989], [118.185, 4.829], [118.324, 4.669], [118.562, 4.502], [118.595, 4.461], [118.586, 4.41], [118.548, 4.379], [118.498, 4.362], [118.364, 4.336], [118.229, 4.316], [118.117, 4.288], [118.008, 4.25], [117.896, 4.263], [117.741, 4.338], [117.696, 4.343], [117.65, 4.304], [117.604, 4.2], [117.574, 4.171]]], [[[104.222, 2.732], [104.173, 2.721], [104.147, 2.728], [104.129, 2.767], [104.17, 2.857], [104.185, 2.872], [104.223, 2.774], [104.222, 2.732]]], [[[100.289, 5.295], [100.264, 5.267], [100.191, 5.283], [100.204, 5.447], [100.246, 5.468], [100.31, 5.438], [100.339, 5.41], [100.289, 5.295]]], [[[99.848, 6.466], [99.919, 6.359], [99.883, 6.311], [99.866, 6.297], [99.823, 6.313], [99.783, 6.272], [99.744, 6.263], [99.705, 6.338], [99.657, 6.367], [99.646, 6.418], [99.711, 6.427], [99.749, 6.41], [99.822, 6.445], [99.848, 6.466]]], [[[117.142, 7.168], [117.081, 7.115], [117.06, 7.179], [117.064, 7.261], [117.147, 7.337], [117.264, 7.352], [117.281, 7.291], [117.267, 7.221], [117.239, 7.185], [117.142, 7.168]]], [[[101.319, 2.988], [101.268, 2.97], [101.265, 2.996], [101.274, 3.033], [101.311, 3.067], [101.328, 3.048], [101.319, 2.988]]], [[[111.389, 2.415], [111.359, 2.402], [111.312, 2.438], [111.3, 2.741], [111.333, 2.768], [111.355, 2.764], [111.378, 2.709], [111.376, 2.576], [111.38, 2.459], [111.389, 2.415]]], [[[117.885, 4.186], [117.745, 4.167], [117.649, 4.169], [117.667, 4.204], [117.662, 4.25], [117.708, 4.262], [117.761, 4.252], [117.885, 4.186]]]]}}, {"type": "Feature", "properties": {"ISO_A2": "LA", "ISO_A3": "LAO", "NAME": "Laos", "fillColor": "#CE1126"}, "geometry": {"type": "Polygon", "coordinates": [[[102.127, 22.379], [102.183, 22.284], [102.301, 22.178], [102.443, 22.027], [102.487, 21.958], [102.583, 21.904], [102.61, 21.852], [102.631, 21.771], [102.641, 21.711], [102.662, 21.676], [102.695, 21.662], [102.739, 21.678], [102.771, 21.71], [102.798, 21.798], [102.816, 21.807], [102.845, 21.735], [102.876, 21.722], [102.918, 21.713], [102.95, 21.681], [102.959, 21.626], [102.949, 21.57], [102.91, 21.506], [102.888, 21.44], [102.872, 21.337], [102.851, 21.266], [102.884, 21.203], [103.104, 20.892], [103.211, 20.841], [103.464, 20.78], [103.555, 20.738], [103.635, 20.697], [103.714, 20.717], [103.791, 20.81], [103.882, 20.861], [104.052, 20.941], [104.101, 20.946], [104.195, 20.914], [104.35, 20.821], [104.461, 20.734], [104.53, 20.688], [104.583, 20.647], [104.575, 20.6], [104.533, 20.555], [104.479, 20.53], [104.408, 20.486], [104.368, 20.441], [104.392, 20.425], [104.496, 20.414], [104.619, 20.375], [104.656, 20.329], [104.662, 20.289], [104.677, 20.225], [104.699, 20.205], [104.813, 20.217], [104.848, 20.202], [104.889, 20.169], [104.929, 20.083], [104.928, 20.018], [104.846, 19.947], [104.815, 19.904], [104.802, 19.836], [104.743, 19.755], [104.588, 19.619], [104.546, 19.611], [104.26, 19.685], [104.127, 19.681], [104.063, 19.678], [104.032, 19.675], [104.013, 19.646], [104.052, 19.564], [104.063, 19.483], [104.028, 19.42], [103.932, 19.366], [103.896, 19.34], [103.892, 19.305], [103.918, 19.269], [104.006, 19.231], [104.109, 19.196], [104.446, 18.984], [104.518, 18.934], [104.613, 18.861], [104.717, 18.803], [104.993, 18.728], [105.115, 18.679], [105.146, 18.651], [105.145, 18.617], [105.113, 18.573], [105.087, 18.496], [105.086, 18.45], [105.115, 18.405], [105.163, 18.339], [105.273, 18.235], [105.333, 18.19], [105.4, 18.179], [105.458, 18.154], [105.519, 18.077], [105.588, 17.984], [105.598, 17.918], [105.627, 17.834], [105.691, 17.738], [105.779, 17.644], [105.903, 17.529], [105.974, 17.447], [106.006, 17.415], [106.27, 17.217], [106.333, 17.144], [106.426, 17.003], [106.465, 16.982], [106.502, 16.954], [106.526, 16.877], [106.534, 16.821], [106.546, 16.651], [106.594, 16.6], [106.638, 16.538], [106.656, 16.493], [106.696, 16.459], [106.74, 16.453], [106.792, 16.49], [106.832, 16.526], [106.851, 16.516], [106.893, 16.397], [106.931, 16.353], [107.002, 16.312], [107.07, 16.28], [107.217, 16.136], [107.296, 16.084], [107.35, 16.067], [107.396, 16.043], [107.41, 15.998], [107.392, 15.952], [107.361, 15.922], [107.189, 15.839], [107.166, 15.802], [107.19, 15.747], [107.233, 15.678], [107.279, 15.619], [107.339, 15.56], [107.46, 15.466], [107.564, 15.392], [107.622, 15.31], [107.653, 15.255], [107.634, 15.19], [107.59, 15.118], [107.555, 15.057], [107.496, 15.021], [107.48, 14.98], [107.505, 14.916], [107.525, 14.872], [107.514, 14.817], [107.519, 14.705], [107.465, 14.665], [107.415, 14.563], [107.38, 14.555], [107.293, 14.592], [107.262, 14.572], [107.207, 14.498], [107.109, 14.417], [107.062, 14.416], [107.03, 14.426], [106.992, 14.391], [106.938, 14.327], [106.913, 14.329], [106.82, 14.315], [106.783, 14.335], [106.738, 14.388], [106.665, 14.441], [106.599, 14.479], [106.564, 14.505], [106.531, 14.549], [106.501, 14.578], [106.447, 14.515], [106.355, 14.455], [106.268, 14.466], [106.225, 14.476], [106.191, 14.388], [106.165, 14.372], [106.008, 14.357], [105.979, 14.343], [106.004, 14.263], [106.097, 14.127], [106.125, 14.049], [106.067, 13.921], [105.904, 13.925], [105.831, 13.977], [105.764, 14.049], [105.74, 14.085], [105.532, 14.156], [105.393, 14.107], [105.35, 14.11], [105.285, 14.161], [105.246, 14.201], [105.207, 14.259], [105.186, 14.319], [105.183, 14.346], [105.244, 14.368], [105.342, 14.417], [105.423, 14.472], [105.476, 14.53], [105.497, 14.591], [105.5, 14.661], [105.523, 14.843], [105.547, 14.932], [105.533, 15.042], [105.49, 15.128], [105.49, 15.257], [105.506, 15.32], [105.513, 15.361], [105.574, 15.413], [105.616, 15.488], [105.639, 15.586], [105.641, 15.657], [105.622, 15.7], [105.562, 15.741], [105.462, 15.78], [105.399, 15.83], [105.373, 15.89], [105.376, 15.942], [105.406, 15.987], [105.331, 16.038], [105.149, 16.094], [105.047, 16.16], [105.026, 16.238], [104.95, 16.34], [104.819, 16.466], [104.751, 16.648], [104.744, 16.884], [104.759, 17.077], [104.816, 17.3], [104.74, 17.462], [104.656, 17.547], [104.539, 17.609], [104.428, 17.699], [104.323, 17.816], [104.196, 17.988], [104.049, 18.217], [103.95, 18.319], [103.899, 18.295], [103.792, 18.317], [103.63, 18.383], [103.488, 18.418], [103.367, 18.423], [103.288, 18.408], [103.252, 18.373], [103.249, 18.339], [103.28, 18.305], [103.263, 18.278], [103.2, 18.259], [103.149, 18.222], [103.091, 18.138], [103.051, 18.029], [102.991, 17.986], [102.899, 17.977], [102.807, 17.946], [102.718, 17.892], [102.675, 17.852], [102.68, 17.824], [102.661, 17.818], [102.617, 17.833], [102.596, 17.87], [102.598, 17.927], [102.553, 17.965], [102.459, 17.985], [102.352, 18.046], [102.232, 18.149], [102.148, 18.204], [102.101, 18.211], [102.035, 18.17], [101.947, 18.081], [101.875, 18.046], [101.819, 18.065], [101.775, 18.033], [101.744, 17.953], [101.688, 17.889], [101.564, 17.821], [101.555, 17.812], [101.414, 17.719], [101.3, 17.625], [101.167, 17.499], [101.105, 17.48], [101.046, 17.51], [100.956, 17.541], [100.908, 17.584], [100.999, 17.797], [101.113, 18.034], [101.144, 18.143], [101.149, 18.222], [101.138, 18.287], [101.093, 18.355], [101.051, 18.407], [101.047, 18.442], [101.06, 18.479], [101.106, 18.534], [101.166, 18.618], [101.221, 18.793], [101.286, 18.977], [101.28, 19.089], [101.227, 19.212], [101.198, 19.328], [101.221, 19.487], [101.212, 19.548], [101.155, 19.579], [100.967, 19.611], [100.906, 19.605], [100.858, 19.585], [100.807, 19.542], [100.744, 19.515], [100.625, 19.5], [100.514, 19.553], [100.42, 19.644], [100.398, 19.756], [100.466, 19.889], [100.515, 19.996], [100.543, 20.089], [100.54, 20.132], [100.52, 20.178], [100.492, 20.184], [100.432, 20.241], [100.373, 20.34], [100.318, 20.386], [100.266, 20.377], [100.218, 20.34], [100.174, 20.273], [100.14, 20.245], [100.115, 20.258], [100.122, 20.317], [100.13, 20.372], [100.184, 20.589], [100.249, 20.73], [100.326, 20.796], [100.407, 20.823], [100.493, 20.813], [100.565, 20.825], [100.623, 20.86], [100.618, 20.879], [100.549, 20.884], [100.522, 20.922], [100.536, 20.992], [100.567, 21.038], [100.614, 21.059], [100.659, 21.13], [100.703, 21.251], [100.757, 21.313], [100.82, 21.314], [100.928, 21.366], [101.08, 21.469], [101.139, 21.567], [101.197, 21.522], [101.175, 21.408], [101.206, 21.383], [101.22, 21.342], [101.212, 21.278], [101.224, 21.224], [101.248, 21.197], [101.281, 21.184], [101.444, 21.231], [101.542, 21.234], [101.584, 21.204], [101.622, 21.184], [101.669, 21.17], [101.705, 21.15], [101.728, 21.156], [101.783, 21.204], [101.801, 21.213], [101.802, 21.236], [101.763, 21.279], [101.723, 21.315], [101.724, 21.395], [101.743, 21.534], [101.747, 21.606], [101.744, 21.778], [101.737, 21.827], [101.7, 21.882], [101.603, 21.99], [101.576, 22.055], [101.56, 22.121], [101.562, 22.162], [101.537, 22.21], [101.525, 22.254], [101.568, 22.276], [101.62, 22.327], [101.646, 22.405], [101.671, 22.462], [101.708, 22.487], [101.739, 22.495], [101.76, 22.49], [101.842, 22.388], [101.945, 22.439], [102.024, 22.439], [102.092, 22.412], [102.127, 22.379]]]}}, {"type": "Feature", "properties": {"ISO_A2": "KR", "ISO_A3": "KOR", "NAME": "South Korea", "fillColor": "#CD2E3A"}, "geometry": {"type": "MultiPolygon", "coordinates": [[[[126.634, 37.782], [126.665, 37.801], [126.667, 37.828], [126.667, 37.917], [126.754, 37.979], [126.879, 38.106], [126.94, 38.176], [127.01, 38.241], [127.09, 38.284], [127.17, 38.305], [127.294, 38.313], [127.533, 38.305], [127.579, 38.312], [127.746, 38.319], [127.785, 38.308], [127.905, 38.3], [128.039, 38.309], [128.106, 38.327], [128.169, 38.359], [128.223, 38.417], [128.279, 38.524], [128.339, 38.608], [128.375, 38.623], [128.619, 38.176], [128.852, 37.887], [129.052, 37.678], [129.335, 37.275], [129.418, 37.059], [129.426, 36.926], [129.473, 36.742], [129.433, 36.637], [129.445, 36.471], [129.427, 36.385], [129.393, 36.323], [129.391, 36.202], [129.402, 36.138], [129.404, 36.052], [129.426, 36.019], [129.458, 36.006], [129.51, 36.038], [129.573, 36.051], [129.562, 35.948], [129.485, 35.687], [129.419, 35.498], [129.329, 35.333], [129.214, 35.182], [129.077, 35.123], [128.98, 35.102], [128.796, 35.094], [128.643, 35.12], [128.511, 35.101], [128.458, 35.069], [128.419, 35.016], [128.448, 34.932], [128.444, 34.87], [128.388, 34.875], [128.276, 34.911], [128.152, 34.916], [128.095, 34.934], [128.036, 35.022], [127.977, 35.019], [127.873, 34.966], [127.715, 34.955], [127.659, 34.926], [127.639, 34.89], [127.662, 34.843], [127.742, 34.783], [127.715, 34.721], [127.632, 34.69], [127.565, 34.766], [127.524, 34.84], [127.477, 34.844], [127.404, 34.823], [127.39, 34.743], [127.423, 34.688], [127.479, 34.625], [127.401, 34.553], [127.381, 34.501], [127.325, 34.463], [127.173, 34.546], [127.195, 34.605], [127.261, 34.662], [127.269, 34.72], [127.247, 34.755], [127.031, 34.607], [126.897, 34.439], [126.826, 34.451], [126.796, 34.494], [126.755, 34.512], [126.611, 34.404], [126.584, 34.318], [126.531, 34.314], [126.508, 34.351], [126.506, 34.428], [126.482, 34.494], [126.333, 34.59], [126.264, 34.673], [126.301, 34.72], [126.426, 34.695], [126.525, 34.698], [126.505, 34.738], [126.473, 34.756], [126.539, 34.779], [126.593, 34.824], [126.548, 34.837], [126.479, 34.81], [126.421, 34.823], [126.398, 34.933], [126.327, 35.045], [126.291, 35.154], [126.361, 35.217], [126.396, 35.314], [126.46, 35.456], [126.493, 35.501], [126.582, 35.534], [126.614, 35.571], [126.565, 35.59], [126.487, 35.606], [126.488, 35.647], [126.542, 35.669], [126.602, 35.714], [126.717, 35.769], [126.753, 35.872], [126.72, 35.898], [126.647, 35.922], [126.664, 35.975], [126.693, 36.014], [126.682, 36.038], [126.597, 36.105], [126.54, 36.166], [126.557, 36.236], [126.544, 36.341], [126.552, 36.43], [126.548, 36.478], [126.507, 36.586], [126.488, 36.694], [126.433, 36.678], [126.389, 36.651], [126.231, 36.689], [126.181, 36.692], [126.161, 36.772], [126.217, 36.871], [126.352, 36.958], [126.429, 36.969], [126.487, 37.007], [126.578, 37.02], [126.687, 36.96], [126.784, 36.948], [126.839, 36.846], [126.872, 36.824], [126.879, 36.862], [126.958, 36.906], [126.977, 36.939], [126.96, 36.958], [126.869, 36.976], [126.787, 37.103], [126.776, 37.158], [126.746, 37.194], [126.791, 37.295], [126.696, 37.411], [126.65, 37.447], [126.657, 37.551], [126.608, 37.617], [126.58, 37.654], [126.563, 37.717], [126.578, 37.745], [126.621, 37.755], [126.634, 37.782]]], [[[128.741, 34.799], [128.647, 34.737], [128.52, 34.82], [128.489, 34.865], [128.586, 34.932], [128.668, 35.009], [128.722, 35.014], [128.741, 34.799]]], [[[128.066, 34.806], [128.055, 34.708], [127.984, 34.703], [127.942, 34.766], [127.897, 34.735], [127.873, 34.735], [127.838, 34.813], [127.832, 34.875], [127.915, 34.921], [127.966, 34.893], [128.038, 34.879], [128.066, 34.806]]], [[[126.234, 34.371], [126.17, 34.355], [126.134, 34.39], [126.109, 34.399], [126.123, 34.444], [126.227, 34.533], [126.247, 34.563], [126.344, 34.545], [126.38, 34.498], [126.335, 34.426], [126.234, 34.371]]], [[[126.521, 37.737], [126.516, 37.605], [126.461, 37.61], [126.423, 37.624], [126.407, 37.649], [126.369, 37.772], [126.412, 37.823], [126.494, 37.783], [126.521, 37.737]]], [[[126.753, 34.344], [126.77, 34.296], [126.689, 34.305], [126.646, 34.351], [126.652, 34.39], [126.7, 34.396], [126.753, 34.344]]], [[[127.799, 34.615], [127.788, 34.584], [127.737, 34.631], [127.787, 34.682], [127.799, 34.615]]], [[[126.418, 36.493], [126.404, 36.428], [126.338, 36.471], [126.319, 36.613], [126.387, 36.571], [126.418, 36.493]]], [[[126.172, 34.731], [126.159, 34.707], [126.115, 34.714], [126.071, 34.783], [126.052, 34.838], [126.008, 34.867], [126.078, 34.915], [126.169, 34.83], [126.172, 34.731]]], [[[130.916, 37.478], [130.871, 37.449], [130.817, 37.478], [130.81, 37.51], [130.838, 37.537], [130.904, 37.554], [130.934, 37.53], [130.916, 37.478]]], [[[126.327, 33.224], [126.282, 33.202], [126.24, 33.215], [126.229, 33.225], [126.179, 33.283], [126.166, 33.312], [126.199, 33.368], [126.338, 33.46], [126.696, 33.549], [126.76, 33.553], [126.901, 33.515], [126.931, 33.444], [126.905, 33.382], [126.873, 33.341], [126.709, 33.272], [126.582, 33.238], [126.327, 33.224]]]]}}, {"type": "Feature", "properties": {"ISO_A2": "TR", "ISO_A3": "TUR", "NAME": "Turkey", "fillColor": "#E30A17"}, "geometry": {"type": "MultiPolygon", "coordinates": [[[[25.97, 40.136], [25.74, 40.105], [25.669, 40.136], [25.741, 40.196], [25.875, 40.234], [25.918, 40.238], [25.977, 40.178], [25.97, 40.136]]], [[[41.51, 41.517], [41.577, 41.497], [41.702, 41.472], [41.779, 41.441], [41.824, 41.432], [41.926, 41.496], [42.078, 41.494], [42.211, 41.487], [42.28, 41.475], [42.364, 41.454], [42.466, 41.44], [42.508, 41.47], [42.567, 41.559], [42.59, 41.571], [42.607, 41.579], [42.682, 41.586], [42.754, 41.579], [42.788, 41.564], [42.822, 41.492], [42.907, 41.467], [43.057, 41.353], [43.149, 41.307], [43.171, 41.288], [43.141, 41.265], [43.153, 41.236], [43.205, 41.199], [43.279, 41.185], [43.359, 41.19], [43.402, 41.177], [43.433, 41.156], [43.442, 41.126], [43.439, 41.107], [43.455, 41.065], [43.517, 41.005], [43.592, 40.968], [43.632, 40.929], [43.696, 40.794], [43.723, 40.72], [43.713, 40.648], [43.668, 40.574], [43.569, 40.482], [43.594, 40.444], [43.616, 40.393], [43.608, 40.357], [43.678, 40.239], [43.71, 40.167], [43.683, 40.15], [43.666, 40.126], [43.792, 40.07], [43.942, 40.023], [44.005, 40.014], [44.178, 40.036], [44.289, 40.04], [44.4, 39.996], [44.56, 39.888], [44.734, 39.746], [44.768, 39.704], [44.783, 39.685], [44.817, 39.65], [44.782, 39.651], [44.725, 39.682], [44.587, 39.769], [44.517, 39.731], [44.456, 39.667], [44.389, 39.422], [44.335, 39.396], [44.24, 39.397], [44.124, 39.405], [44.044, 39.393], [44.023, 39.377], [44.034, 39.351], [44.058, 39.311], [44.074, 39.26], [44.079, 39.218], [44.121, 39.181], [44.178, 39.145], [44.181, 39.108], [44.172, 39.056], [44.159, 39.017], [44.145, 38.994], [44.171, 38.934], [44.232, 38.863], [44.272, 38.836], [44.257, 38.701], [44.28, 38.641], [44.298, 38.558], [44.291, 38.42], [44.299, 38.386], [44.32, 38.375], [44.376, 38.37], [44.431, 38.357], [44.45, 38.334], [44.45, 38.318], [44.381, 38.255], [44.373, 38.21], [44.349, 38.146], [44.329, 38.109], [44.268, 38.039], [44.229, 37.967], [44.211, 37.908], [44.223, 37.88], [44.336, 37.872], [44.398, 37.829], [44.561, 37.745], [44.59, 37.71], [44.545, 37.658], [44.546, 37.636], [44.567, 37.609], [44.577, 37.56], [44.573, 37.506], [44.574, 37.435], [44.604, 37.424], [44.715, 37.357], [44.794, 37.29], [44.797, 37.27], [44.758, 37.217], [44.767, 37.156], [44.765, 37.142], [44.731, 37.165], [44.669, 37.174], [44.606, 37.176], [44.566, 37.158], [44.496, 37.111], [44.402, 37.058], [44.326, 37.011], [44.282, 36.978], [44.246, 36.983], [44.217, 37.012], [44.202, 37.052], [44.208, 37.203], [44.192, 37.25], [44.156, 37.283], [44.114, 37.302], [44.065, 37.312], [44.013, 37.314], [43.94, 37.269], [43.836, 37.224], [43.676, 37.227], [43.568, 37.236], [43.516, 37.245], [43.307, 37.315], [43.263, 37.317], [43.185, 37.345], [43.092, 37.367], [42.937, 37.325], [42.869, 37.335], [42.775, 37.372], [42.741, 37.362], [42.635, 37.249], [42.456, 37.129], [42.359, 37.109], [42.313, 37.23], [42.269, 37.277], [42.248, 37.282], [42.203, 37.297], [42.168, 37.289], [42.06, 37.206], [41.887, 37.156], [41.744, 37.126], [41.516, 37.089], [41.34, 37.071], [41.265, 37.069], [41.102, 37.086], [40.959, 37.109], [40.816, 37.108], [40.706, 37.098], [40.45, 37.009], [40.016, 36.826], [39.687, 36.739], [39.501, 36.702], [39.357, 36.682], [39.108, 36.681], [38.906, 36.695], [38.767, 36.693], [38.689, 36.715], [38.578, 36.789], [38.444, 36.862], [38.384, 36.879], [38.306, 36.893], [38.192, 36.902], [37.907, 36.795], [37.818, 36.766], [37.72, 36.744], [37.524, 36.678], [37.436, 36.643], [37.327, 36.647], [37.187, 36.656], [37.066, 36.653], [36.985, 36.702], [36.942, 36.758], [36.777, 36.793], [36.659, 36.803], [36.628, 36.778], [36.597, 36.701], [36.547, 36.506], [36.538, 36.457], [36.641, 36.264], [36.637, 36.234], [36.562, 36.224], [36.477, 36.221], [36.421, 36.203], [36.375, 36.171], [36.348, 36.004], [36.249, 35.973], [36.202, 35.938], [36.154, 35.834], [36.127, 35.831], [35.968, 35.91], [35.893, 35.917], [35.957, 35.998], [35.887, 36.159], [35.811, 36.31], [35.883, 36.406], [36.032, 36.523], [36.188, 36.659], [36.188, 36.743], [36.18, 36.807], [36.135, 36.852], [36.049, 36.911], [35.905, 36.848], [35.802, 36.778], [35.734, 36.764], [35.661, 36.724], [35.626, 36.653], [35.537, 36.597], [35.393, 36.575], [35.176, 36.635], [34.943, 36.726], [34.811, 36.799], [34.704, 36.817], [34.601, 36.784], [34.3, 36.604], [34.023, 36.341], [33.955, 36.295], [33.695, 36.182], [33.523, 36.144], [33.442, 36.153], [33.1, 36.103], [32.929, 36.096], [32.795, 36.036], [32.534, 36.101], [32.378, 36.184], [32.284, 36.268], [32.131, 36.449], [32.022, 36.535], [31.778, 36.613], [31.353, 36.801], [31.241, 36.822], [30.95, 36.849], [30.644, 36.866], [30.582, 36.797], [30.558, 36.526], [30.506, 36.451], [30.484, 36.31], [30.446, 36.27], [30.387, 36.243], [30.295, 36.288], [30.232, 36.307], [30.083, 36.249], [29.789, 36.168], [29.689, 36.157], [29.348, 36.259], [29.224, 36.324], [29.143, 36.397], [29.116, 36.52], [29.066, 36.59], [29.058, 36.638], [29.038, 36.693], [28.97, 36.715], [28.896, 36.674], [28.817, 36.675], [28.718, 36.701], [28.484, 36.804], [28.304, 36.812], [28.196, 36.686], [28.112, 36.646], [28.019, 36.634], [28.014, 36.67], [28.084, 36.751], [27.804, 36.736], [27.656, 36.675], [27.54, 36.684], [27.454, 36.712], [27.467, 36.746], [27.555, 36.759], [27.631, 36.787], [27.934, 36.809], [28.005, 36.832], [28.083, 36.92], [28.224, 36.996], [28.242, 37.029], [28.134, 37.029], [27.668, 37.007], [27.349, 37.02], [27.311, 36.982], [27.263, 36.977], [27.25, 37.079], [27.3, 37.127], [27.368, 37.122], [27.535, 37.164], [27.52, 37.249], [27.401, 37.307], [27.376, 37.341], [27.29, 37.349], [27.219, 37.389], [27.204, 37.491], [27.148, 37.604], [27.068, 37.658], [27.078, 37.688], [27.224, 37.725], [27.255, 37.882], [27.232, 37.979], [27.159, 37.987], [26.944, 38.063], [26.879, 38.055], [26.807, 38.138], [26.683, 38.198], [26.621, 38.176], [26.582, 38.149], [26.525, 38.162], [26.428, 38.214], [26.333, 38.242], [26.291, 38.277], [26.344, 38.37], [26.416, 38.368], [26.43, 38.441], [26.372, 38.562], [26.378, 38.624], [26.441, 38.641], [26.514, 38.629], [26.587, 38.557], [26.61, 38.487], [26.595, 38.419], [26.641, 38.352], [26.674, 38.336], [26.696, 38.405], [26.727, 38.419], [26.77, 38.388], [26.861, 38.373], [27.099, 38.416], [27.144, 38.452], [26.97, 38.448], [26.907, 38.482], [26.838, 38.558], [26.795, 38.626], [26.788, 38.66], [26.764, 38.71], [26.79, 38.736], [26.909, 38.776], [27.014, 38.887], [26.97, 38.919], [26.92, 38.934], [26.866, 38.923], [26.815, 38.961], [26.808, 39.014], [26.849, 39.057], [26.854, 39.116], [26.719, 39.261], [26.682, 39.292], [26.711, 39.34], [26.813, 39.419], [26.911, 39.517], [26.899, 39.55], [26.827, 39.563], [26.484, 39.521], [26.351, 39.484], [26.113, 39.467], [26.096, 39.521], [26.101, 39.569], [26.155, 39.657], [26.15, 39.873], [26.181, 39.99], [26.313, 40.025], [26.475, 40.197], [26.738, 40.4], [27.012, 40.396], [27.122, 40.452], [27.285, 40.456], [27.314, 40.415], [27.333, 40.376], [27.476, 40.32], [27.728, 40.329], [27.789, 40.351], [27.849, 40.382], [27.732, 40.481], [27.769, 40.51], [27.875, 40.513], [27.99, 40.489], [27.995, 40.467], [27.964, 40.435], [27.929, 40.38], [27.963, 40.37], [28.289, 40.403], [28.63, 40.376], [28.739, 40.391], [29.007, 40.39], [29.055, 40.424], [28.974, 40.467], [28.895, 40.482], [28.841, 40.503], [28.788, 40.534], [28.958, 40.631], [29.054, 40.649], [29.508, 40.708], [29.845, 40.738], [29.849, 40.76], [29.801, 40.76], [29.365, 40.809], [29.26, 40.847], [29.114, 40.938], [29.082, 40.963], [29.046, 41.008], [29.067, 41.102], [29.094, 41.177], [29.148, 41.221], [29.322, 41.228], [29.919, 41.151], [30.345, 41.197], [30.81, 41.085], [31.255, 41.108], [31.347, 41.158], [31.458, 41.32], [32.086, 41.589], [32.306, 41.73], [32.542, 41.806], [32.947, 41.892], [33.285, 42.005], [33.381, 42.018], [34.193, 41.964], [34.75, 41.957], [35.006, 42.063], [35.155, 42.028], [35.141, 41.99], [35.114, 41.957], [35.122, 41.891], [35.209, 41.794], [35.298, 41.729], [35.558, 41.634], [35.92, 41.714], [35.978, 41.705], [36.052, 41.683], [36.179, 41.427], [36.278, 41.336], [36.405, 41.275], [36.51, 41.263], [36.587, 41.327], [36.647, 41.353], [36.778, 41.363], [36.992, 41.275], [37.066, 41.184], [37.431, 41.114], [37.766, 41.079], [37.91, 41.002], [38.381, 40.925], [38.557, 40.937], [38.852, 41.018], [39.426, 41.106], [39.808, 40.983], [39.911, 40.966], [40.0, 40.977], [40.128, 40.943], [40.265, 40.961], [40.688, 41.107], [40.82, 41.19], [40.959, 41.212], [41.084, 41.261], [41.414, 41.424], [41.51, 41.517]]], [[[28.014, 41.969], [27.987, 41.855], [28.05, 41.729], [28.198, 41.554], [28.346, 41.466], [28.947, 41.248], [29.057, 41.23], [29.032, 41.14], [28.996, 41.061], [28.956, 41.008], [28.78, 40.974], [28.295, 41.071], [28.172, 41.081], [28.086, 41.061], [27.925, 40.991], [27.747, 41.013], [27.499, 40.973], [27.43, 40.84], [27.258, 40.687], [26.975, 40.564], [26.772, 40.498], [26.468, 40.261], [26.33, 40.123], [26.272, 40.097], [26.203, 40.075], [26.226, 40.142], [26.26, 40.202], [26.252, 40.248], [26.254, 40.315], [26.355, 40.39], [26.447, 40.445], [26.72, 40.544], [26.792, 40.627], [26.578, 40.625], [26.361, 40.606], [26.224, 40.618], [26.105, 40.611], [26.068, 40.683], [26.039, 40.727], [26.07, 40.74], [26.109, 40.75], [26.179, 40.827], [26.241, 40.883], [26.331, 40.954], [26.354, 40.997], [26.354, 41.037], [26.333, 41.064], [26.328, 41.097], [26.326, 41.143], [26.331, 41.239], [26.536, 41.343], [26.602, 41.354], [26.625, 41.402], [26.61, 41.512], [26.581, 41.601], [26.545, 41.607], [26.495, 41.633], [26.462, 41.663], [26.411, 41.696], [26.321, 41.717], [26.318, 41.745], [26.327, 41.773], [26.36, 41.802], [26.511, 41.826], [26.529, 41.847], [26.55, 41.897], [26.58, 41.948], [26.615, 41.965], [26.679, 41.963], [26.8, 41.975], [26.885, 41.992], [26.969, 42.027], [27.012, 42.059], [27.193, 42.077], [27.244, 42.093], [27.295, 42.08], [27.363, 42.025], [27.475, 41.947], [27.535, 41.921], [27.58, 41.933], [27.661, 41.961], [27.739, 41.962], [27.802, 41.957], [27.832, 41.981], [27.879, 41.987], [28.014, 41.969]]]]}}, {"type": "Feature", "properties": {"ISO_A2": "UZ", "ISO_A3": "UZB", "NAME": "Uzbekistan", "fillColor": "#0099B5"}, "geometry": {"type": "MultiPolygon", "coordinates": [[[[70.947, 42.249], [70.979, 42.267], [71.036, 42.285], [71.13, 42.25], [71.213, 42.206], [71.232, 42.186], [71.229, 42.163], [71.032, 42.078], [70.91, 42.038], [70.857, 42.031], [70.842, 42.02], [70.803, 41.923], [70.728, 41.905], [70.631, 41.875], [70.563, 41.831], [70.455, 41.725], [70.181, 41.571], [70.177, 41.54], [70.201, 41.514], [70.29, 41.497], [70.408, 41.45], [70.471, 41.413], [70.646, 41.46], [70.689, 41.45], [70.734, 41.401], [70.782, 41.263], [70.86, 41.225], [70.963, 41.196], [71.026, 41.187], [71.111, 41.153], [71.223, 41.14], [71.299, 41.152], [71.393, 41.123], [71.408, 41.136], [71.421, 41.342], [71.5, 41.307], [71.546, 41.308], [71.586, 41.333], [71.606, 41.367], [71.62, 41.435], [71.602, 41.503], [71.638, 41.534], [71.665, 41.541], [71.685, 41.533], [71.697, 41.516], [71.701, 41.454], [71.758, 41.428], [71.792, 41.413], [71.826, 41.361], [71.858, 41.311], [71.879, 41.195], [71.958, 41.187], [72.052, 41.165], [72.115, 41.187], [72.164, 41.174], [72.181, 41.118], [72.181, 41.067], [72.187, 41.026], [72.213, 41.014], [72.295, 41.04], [72.364, 41.043], [72.427, 41.019], [72.506, 40.982], [72.62, 40.884], [72.658, 40.87], [72.831, 40.862], [72.867, 40.842], [72.926, 40.842], [72.99, 40.86], [73.132, 40.829], [73.137, 40.811], [73.113, 40.786], [72.774, 40.65], [72.749, 40.609], [72.68, 40.556], [72.604, 40.525], [72.567, 40.524], [72.402, 40.578], [72.383, 40.565], [72.369, 40.543], [72.37, 40.52], [72.406, 40.463], [72.389, 40.427], [72.358, 40.402], [72.254, 40.424], [72.235, 40.439], [72.233, 40.454], [72.193, 40.454], [72.131, 40.439], [72.013, 40.341], [71.971, 40.29], [71.956, 40.259], [71.903, 40.241], [71.845, 40.234], [71.773, 40.188], [71.692, 40.152], [71.667, 40.179], [71.651, 40.208], [71.63, 40.217], [71.58, 40.21], [71.52, 40.209], [71.457, 40.242], [71.376, 40.275], [71.305, 40.287], [71.095, 40.271], [70.991, 40.255], [70.958, 40.239], [70.899, 40.235], [70.653, 40.201], [70.603, 40.214], [70.566, 40.267], [70.534, 40.325], [70.47, 40.345], [70.398, 40.361], [70.372, 40.384], [70.37, 40.412], [70.377, 40.439], [70.383, 40.454], [70.549, 40.563], [70.698, 40.661], [70.712, 40.669], [70.726, 40.688], [70.751, 40.722], [70.751, 40.74], [70.639, 40.779], [70.635, 40.797], [70.657, 40.815], [70.657, 40.84], [70.578, 40.911], [70.442, 41.023], [70.402, 41.035], [70.373, 41.028], [70.319, 40.919], [70.292, 40.892], [70.136, 40.82], [70.006, 40.771], [69.773, 40.684], [69.713, 40.657], [69.671, 40.662], [69.628, 40.679], [69.498, 40.767], [69.414, 40.797], [69.357, 40.767], [69.309, 40.724], [69.314, 40.635], [69.26, 40.588], [69.206, 40.567], [69.304, 40.327], [69.294, 40.297], [69.22, 40.288], [69.275, 40.198], [69.228, 40.188], [69.11, 40.209], [68.952, 40.223], [68.653, 40.183], [68.631, 40.167], [68.622, 40.147], [68.64, 40.129], [68.785, 40.127], [68.927, 40.136], [68.966, 40.12], [68.972, 40.09], [68.956, 40.071], [68.908, 40.068], [68.805, 40.05], [68.793, 40.031], [68.789, 40.013], [68.824, 39.961], [68.864, 39.927], [68.869, 39.907], [68.852, 39.891], [68.832, 39.884], [68.798, 39.909], [68.778, 39.904], [68.768, 39.882], [68.758, 39.856], [68.735, 39.836], [68.687, 39.846], [68.639, 39.839], [68.61, 39.743], [68.586, 39.635], [68.507, 39.563], [68.463, 39.537], [68.399, 39.529], [68.303, 39.538], [68.245, 39.548], [68.077, 39.564], [67.909, 39.594], [67.719, 39.621], [67.542, 39.558], [67.492, 39.519], [67.46, 39.482], [67.426, 39.466], [67.35, 39.242], [67.358, 39.217], [67.4, 39.197], [67.617, 39.15], [67.648, 39.131], [67.667, 39.109], [67.677, 39.008], [67.694, 38.995], [67.769, 38.982], [67.876, 38.983], [67.96, 38.993], [68.044, 38.984], [68.104, 38.962], [68.133, 38.928], [68.149, 38.891], [68.048, 38.669], [68.056, 38.589], [68.087, 38.474], [68.144, 38.383], [68.251, 38.295], [68.333, 38.238], [68.35, 38.211], [68.354, 38.17], [68.341, 38.117], [68.294, 38.033], [68.237, 37.96], [68.174, 37.928], [68.088, 37.835], [68.011, 37.721], [67.864, 37.571], [67.814, 37.487], [67.798, 37.245], [67.759, 37.172], [67.753, 37.2], [67.7, 37.227], [67.607, 37.223], [67.546, 37.236], [67.517, 37.267], [67.442, 37.258], [67.32, 37.21], [67.196, 37.235], [67.069, 37.335], [66.828, 37.371], [66.522, 37.348], [66.511, 37.459], [66.511, 37.599], [66.526, 37.786], [66.629, 37.932], [66.626, 37.96], [66.606, 37.987], [66.575, 38.011], [66.39, 38.051], [66.335, 38.072], [66.264, 38.118], [66.173, 38.167], [66.095, 38.2], [65.971, 38.244], [65.857, 38.269], [65.79, 38.25], [65.729, 38.226], [65.671, 38.226], [65.613, 38.239], [65.4, 38.349], [65.077, 38.539], [64.821, 38.672], [64.66, 38.736], [64.622, 38.756], [64.532, 38.816], [64.31, 38.977], [64.163, 38.954], [63.953, 39.058], [63.764, 39.161], [63.721, 39.188], [63.506, 39.377], [63.292, 39.5], [63.058, 39.633], [62.907, 39.717], [62.651, 39.858], [62.525, 39.944], [62.483, 39.976], [62.442, 40.036], [62.375, 40.332], [62.298, 40.467], [62.188, 40.541], [62.095, 40.683], [62.018, 40.894], [61.954, 41.031], [61.903, 41.094], [61.8, 41.163], [61.645, 41.24], [61.497, 41.276], [61.444, 41.275], [61.417, 41.265], [61.388, 41.252], [61.329, 41.195], [61.242, 41.189], [61.179, 41.191], [61.12, 41.211], [60.933, 41.229], [60.867, 41.249], [60.755, 41.246], [60.514, 41.216], [60.455, 41.222], [60.2, 41.349], [60.09, 41.399], [60.067, 41.427], [60.069, 41.476], [60.106, 41.545], [60.138, 41.594], [60.124, 41.645], [60.076, 41.701], [60.076, 41.76], [60.109, 41.793], [60.176, 41.782], [60.201, 41.803], [60.192, 41.834], [60.156, 41.857], [60.107, 41.907], [59.963, 41.954], [59.942, 41.974], [59.949, 41.995], [59.974, 42.019], [59.979, 42.068], [59.982, 42.132], [60.001, 42.165], [60.006, 42.191], [59.985, 42.212], [59.937, 42.236], [59.858, 42.295], [59.763, 42.302], [59.451, 42.3], [59.354, 42.323], [59.277, 42.356], [59.199, 42.482], [59.16, 42.511], [59.123, 42.524], [59.036, 42.528], [58.931, 42.54], [58.877, 42.561], [58.73, 42.676], [58.589, 42.778], [58.532, 42.682], [58.477, 42.663], [58.353, 42.672], [58.26, 42.688], [58.206, 42.666], [58.152, 42.628], [58.162, 42.603], [58.204, 42.576], [58.289, 42.527], [58.418, 42.407], [58.477, 42.34], [58.486, 42.317], [58.474, 42.299], [58.457, 42.292], [58.431, 42.292], [58.397, 42.292], [58.377, 42.312], [58.371, 42.347], [58.327, 42.399], [58.283, 42.429], [58.234, 42.448], [58.166, 42.462], [58.075, 42.487], [58.029, 42.488], [57.983, 42.459], [57.946, 42.42], [57.923, 42.335], [57.856, 42.231], [57.814, 42.19], [57.686, 42.165], [57.382, 42.156], [57.291, 42.124], [57.229, 42.084], [57.114, 41.957], [57.034, 41.915], [56.964, 41.857], [56.985, 41.669], [57.018, 41.451], [57.077, 41.39], [57.114, 41.372], [57.119, 41.35], [57.095, 41.331], [57.064, 41.307], [57.018, 41.263], [56.966, 41.265], [56.861, 41.276], [56.774, 41.288], [56.48, 41.301], [56.242, 41.311], [55.977, 41.322], [55.977, 41.552], [55.977, 41.781], [55.977, 42.011], [55.977, 42.24], [55.977, 42.47], [55.977, 42.7], [55.977, 42.929], [55.977, 43.159], [55.976, 43.388], [55.976, 43.618], [55.976, 43.847], [55.976, 44.077], [55.976, 44.306], [55.976, 44.536], [55.976, 44.765], [55.976, 44.995], [56.1, 45.023], [56.258, 45.059], [56.409, 45.094], [56.589, 45.135], [56.792, 45.181], [56.965, 45.221], [57.172, 45.268], [57.329, 45.304], [57.477, 45.337], [57.667, 45.377], [57.961, 45.44], [58.125, 45.474], [58.291, 45.509], [58.449, 45.543], [58.555, 45.555], [58.669, 45.508], [58.807, 45.442], [58.945, 45.376], [59.083, 45.31], [59.221, 45.244], [59.36, 45.179], [59.498, 45.113], [59.636, 45.047], [59.774, 44.981], [59.912, 44.916], [60.05, 44.85], [60.188, 44.784], [60.327, 44.718], [60.465, 44.652], [60.603, 44.587], [60.741, 44.521], [60.879, 44.455], [61.008, 44.394], [61.065, 44.348], [61.097, 44.248], [61.161, 44.169], [61.271, 44.082], [61.385, 43.994], [61.526, 43.877], [61.624, 43.796], [61.723, 43.714], [61.888, 43.577], [61.99, 43.492], [62.072, 43.489], [62.238, 43.51], [62.459, 43.537], [62.634, 43.558], [62.846, 43.584], [63.048, 43.608], [63.207, 43.628], [63.445, 43.613], [63.68, 43.599], [63.848, 43.588], [64.013, 43.578], [64.209, 43.566], [64.318, 43.559], [64.443, 43.551], [64.496, 43.572], [64.604, 43.613], [64.706, 43.653], [64.812, 43.694], [64.905, 43.715], [65.003, 43.649], [65.085, 43.574], [65.171, 43.494], [65.271, 43.418], [65.367, 43.372], [65.496, 43.311], [65.571, 43.205], [65.67, 43.065], [65.736, 42.972], [65.803, 42.877], [65.901, 42.915], [66.006, 42.955], [66.1, 42.991], [66.089, 42.873], [66.079, 42.767], [66.063, 42.605], [66.05, 42.473], [66.016, 42.315], [66.013, 42.194], [66.011, 42.089], [66.01, 42.005], [66.193, 42.001], [66.329, 41.998], [66.499, 41.995], [66.515, 41.889], [66.538, 41.741], [66.573, 41.607], [66.602, 41.494], [66.645, 41.349], [66.669, 41.271], [66.71, 41.179], [66.75, 41.157], [66.814, 41.142], [67.039, 41.153], [67.225, 41.162], [67.372, 41.17], [67.528, 41.177], [67.735, 41.187], [67.805, 41.164], [67.866, 41.18], [67.936, 41.197], [67.991, 41.13], [68.02, 41.096], [68.059, 41.061], [68.113, 41.029], [68.09, 40.96], [68.057, 40.861], [68.048, 40.809], [68.112, 40.754], [68.16, 40.722], [68.292, 40.656], [68.415, 40.619], [68.496, 40.609], [68.573, 40.623], [68.601, 40.66], [68.594, 40.711], [68.557, 40.765], [68.559, 40.829], [68.584, 40.876], [68.663, 40.962], [68.737, 41.042], [68.851, 41.124], [68.987, 41.205], [69.043, 41.264], [69.065, 41.367], [69.154, 41.425], [69.249, 41.46], [69.368, 41.491], [69.401, 41.542], [69.565, 41.629], [69.664, 41.672], [69.788, 41.697], [69.96, 41.754], [70.096, 41.821], [70.226, 41.946], [70.329, 42.028], [70.416, 42.079], [70.489, 42.08], [70.54, 42.039], [70.584, 42.036], [70.613, 42.055], [70.662, 42.107], [70.715, 42.169], [70.765, 42.194], [70.86, 42.207], [70.947, 42.249]], [[70.653, 40.937], [70.649, 40.961], [70.618, 41.002], [70.572, 41.025], [70.55, 41.015], [70.569, 40.982], [70.623, 40.934], [70.653, 40.937]]], [[[71.206, 39.893], [71.156, 39.883], [71.064, 39.885], [71.012, 39.895], [71.044, 39.976], [71.045, 39.993], [71.041, 39.995], [71.014, 40.006], [70.974, 40.039], [70.961, 40.088], [70.976, 40.133], [71.005, 40.152], [71.024, 40.149], [71.08, 40.08], [71.13, 40.06], [71.229, 40.048], [71.179, 39.98], [71.216, 39.907], [71.206, 39.893]]], [[[71.78, 39.95], [71.753, 39.907], [71.706, 39.917], [71.669, 39.946], [71.681, 39.969], [71.737, 39.981], [71.765, 39.993], [71.79, 39.995], [71.78, 39.95]]]]}}, {"type": "Feature", "properties": {"ISO_A2": "CN", "ISO_A3": "CHN", "NAME": "China", "fillColor": "#DE2910"}, "geometry": {"type": "MultiPolygon", "coordinates": [[[[118.183, 24.496], [118.15, 24.436], [118.091, 24.446], [118.089, 24.489], [118.077, 24.501], [118.093, 24.541], [118.104, 24.552], [118.171, 24.519], [118.183, 24.496]]], [[[121.863, 31.492], [121.78, 31.464], [121.52, 31.55], [121.336, 31.644], [121.227, 31.758], [121.211, 31.805], [121.339, 31.797], [121.464, 31.756], [121.492, 31.694], [121.542, 31.674], [121.577, 31.637], [121.808, 31.552], [121.844, 31.526], [121.863, 31.492]]], [[[122.296, 29.963], [122.282, 29.944], [122.158, 30.001], [122.024, 30.013], [121.978, 30.064], [121.969, 30.143], [122.111, 30.14], [122.284, 30.068], [122.322, 30.031], [122.296, 29.963]]], [[[122.173, 29.679], [122.169, 29.66], [122.084, 29.725], [122.043, 29.736], [122.062, 29.773], [122.12, 29.782], [122.165, 29.701], [122.173, 29.679]]], [[[122.404, 29.892], [122.394, 29.846], [122.368, 29.853], [122.332, 29.935], [122.351, 29.955], [122.402, 29.95], [122.404, 29.892]]], [[[119.821, 25.457], [119.747, 25.411], [119.7, 25.433], [119.699, 25.495], [119.723, 25.551], [119.696, 25.591], [119.723, 25.639], [119.778, 25.653], [119.797, 25.623], [119.829, 25.607], [119.838, 25.591], [119.839, 25.56], [119.809, 25.508], [119.832, 25.48], [119.821, 25.457]]], [[[110.385, 21.093], [110.422, 21.059], [110.522, 21.083], [110.54, 21.039], [110.539, 21.018], [110.504, 20.968], [110.422, 21.007], [110.34, 20.998], [110.281, 21.001], [110.265, 21.025], [110.31, 21.075], [110.385, 21.093]]], [[[121.251, 28.086], [121.164, 28.062], [121.132, 28.063], [121.134, 28.135], [121.205, 28.204], [121.234, 28.181], [121.251, 28.145], [121.251, 28.086]]], [[[113.555, 22.804], [113.564, 22.758], [113.486, 22.828], [113.463, 22.832], [113.426, 22.859], [113.404, 22.903], [113.465, 22.905], [113.521, 22.852], [113.555, 22.804]]], [[[112.79, 21.602], [112.771, 21.582], [112.742, 21.618], [112.733, 21.67], [112.713, 21.698], [112.761, 21.733], [112.782, 21.772], [112.839, 21.765], [112.863, 21.753], [112.813, 21.712], [112.801, 21.695], [112.79, 21.602]]], [[[112.644, 21.64], [112.546, 21.619], [112.525, 21.623], [112.559, 21.675], [112.648, 21.71], [112.644, 21.64]]], [[[107.973, 21.508], [107.908, 21.56], [107.802, 21.645], [107.759, 21.655], [107.641, 21.614], [107.471, 21.598], [107.433, 21.642], [107.351, 21.609], [107.272, 21.711], [107.179, 21.717], [107.062, 21.794], [107.02, 21.835], [107.006, 21.893], [106.971, 21.924], [106.925, 21.92], [106.875, 21.951], [106.794, 21.982], [106.729, 22.0], [106.698, 21.986], [106.664, 21.979], [106.658, 22.018], [106.66, 22.136], [106.654, 22.241], [106.637, 22.289], [106.593, 22.325], [106.554, 22.342], [106.536, 22.395], [106.55, 22.501], [106.582, 22.573], [106.633, 22.586], [106.702, 22.638], [106.736, 22.711], [106.78, 22.779], [106.624, 22.874], [106.542, 22.908], [106.451, 22.894], [106.338, 22.863], [106.279, 22.857], [106.249, 22.869], [106.184, 22.955], [106.148, 22.97], [106.068, 22.976], [106.001, 22.975], [105.962, 22.937], [105.903, 22.925], [105.843, 22.923], [105.782, 22.969], [105.691, 23.03], [105.548, 23.073], [105.531, 23.122], [105.495, 23.181], [105.44, 23.235], [105.35, 23.308], [105.275, 23.345], [105.239, 23.322], [105.189, 23.281], [104.996, 23.194], [104.91, 23.161], [104.865, 23.136], [104.827, 23.1], [104.815, 23.011], [104.796, 22.911], [104.74, 22.86], [104.687, 22.822], [104.632, 22.818], [104.578, 22.82], [104.527, 22.804], [104.372, 22.704], [104.298, 22.712], [104.238, 22.769], [104.213, 22.809], [104.143, 22.8], [104.054, 22.752], [104.013, 22.666], [103.991, 22.586], [103.971, 22.55], [103.942, 22.54], [103.915, 22.538], [103.637, 22.77], [103.62, 22.782], [103.571, 22.734], [103.525, 22.612], [103.493, 22.588], [103.471, 22.597], [103.356, 22.755], [103.327, 22.77], [103.301, 22.764], [103.266, 22.714], [103.193, 22.639], [103.138, 22.593], [103.136, 22.542], [103.076, 22.498], [103.005, 22.453], [102.982, 22.448], [102.935, 22.466], [102.874, 22.525], [102.83, 22.587], [102.721, 22.648], [102.599, 22.7], [102.517, 22.741], [102.471, 22.751], [102.428, 22.733], [102.406, 22.708], [102.376, 22.647], [102.302, 22.546], [102.237, 22.466], [102.176, 22.415], [102.127, 22.379], [102.092, 22.412], [102.024, 22.439], [101.945, 22.439], [101.842, 22.388], [101.76, 22.49], [101.739, 22.495], [101.708, 22.487], [101.671, 22.462], [101.646, 22.405], [101.62, 22.327], [101.568, 22.276], [101.525, 22.254], [101.537, 22.21], [101.562, 22.162], [101.56, 22.121], [101.576, 22.055], [101.603, 21.99], [101.7, 21.882], [101.737, 21.827], [101.744, 21.778], [101.747, 21.606], [101.743, 21.534], [101.724, 21.395], [101.723, 21.315], [101.763, 21.279], [101.802, 21.236], [101.801, 21.213], [101.783, 21.204], [101.728, 21.156], [101.705, 21.15], [101.669, 21.17], [101.622, 21.184], [101.584, 21.204], [101.542, 21.234], [101.444, 21.231], [101.281, 21.184], [101.248, 21.197], [101.224, 21.224], [101.212, 21.278], [101.22, 21.342], [101.206, 21.383], [101.175, 21.408], [101.197, 21.522], [101.139, 21.567], [101.147, 21.582], [101.128, 21.705], [101.131, 21.736], [101.121, 21.746], [101.08, 21.756], [101.019, 21.736], [100.835, 21.655], [100.677, 21.505], [100.605, 21.472], [100.531, 21.458], [100.446, 21.484], [100.351, 21.501], [100.215, 21.463], [100.148, 21.481], [100.117, 21.511], [100.089, 21.558], [100.106, 21.617], [100.096, 21.661], [100.041, 21.683], [99.978, 21.702], [99.941, 21.759], [99.926, 21.821], [99.94, 21.902], [99.948, 21.988], [99.918, 22.028], [99.825, 22.05], [99.593, 22.089], [99.389, 22.111], [99.303, 22.101], [99.233, 22.11], [99.193, 22.126], [99.173, 22.153], [99.172, 22.192], [99.205, 22.283], [99.243, 22.37], [99.338, 22.498], [99.343, 22.587], [99.338, 22.689], [99.385, 22.825], [99.467, 22.927], [99.507, 22.959], [99.497, 23.005], [99.465, 23.046], [99.418, 23.069], [99.341, 23.096], [99.22, 23.103], [99.055, 23.131], [98.864, 23.191], [98.886, 23.307], [98.883, 23.38], [98.859, 23.44], [98.82, 23.483], [98.798, 23.52], [98.832, 23.624], [98.788, 23.738], [98.735, 23.783], [98.681, 23.842], [98.677, 23.905], [98.702, 23.964], [98.834, 24.091], [98.835, 24.121], [98.802, 24.119], [98.764, 24.116], [98.583, 24.07], [98.564, 24.099], [98.499, 24.116], [98.367, 24.119], [98.213, 24.111], [98.017, 24.065], [97.838, 23.986], [97.756, 23.932], [97.686, 23.898], [97.63, 23.887], [97.565, 23.911], [97.568, 23.988], [97.691, 24.131], [97.708, 24.229], [97.671, 24.313], [97.667, 24.38], [97.624, 24.423], [97.563, 24.444], [97.531, 24.492], [97.529, 24.631], [97.583, 24.775], [97.671, 24.82], [97.724, 24.842], [97.738, 24.87], [97.711, 24.97], [97.715, 25.034], [97.767, 25.158], [97.82, 25.252], [97.918, 25.236], [97.962, 25.259], [98.011, 25.293], [98.064, 25.349], [98.1, 25.416], [98.143, 25.571], [98.173, 25.595], [98.297, 25.569], [98.334, 25.587], [98.402, 25.678], [98.466, 25.789], [98.558, 25.823], [98.625, 25.827], [98.656, 25.864], [98.655, 25.918], [98.591, 26.004], [98.564, 26.072], [98.572, 26.114], [98.663, 26.139], [98.686, 26.189], [98.672, 26.299], [98.709, 26.43], [98.732, 26.583], [98.739, 26.698], [98.738, 26.786], [98.729, 26.877], [98.717, 27.045], [98.675, 27.191], [98.682, 27.245], [98.677, 27.422], [98.651, 27.572], [98.6, 27.599], [98.504, 27.648], [98.453, 27.657], [98.409, 27.639], [98.392, 27.587], [98.35, 27.538], [98.299, 27.55], [98.274, 27.599], [98.241, 27.663], [98.13, 27.968], [98.118, 28.055], [98.099, 28.142], [98.062, 28.186], [98.022, 28.212], [97.934, 28.314], [97.888, 28.356], [97.865, 28.364], [97.817, 28.356], [97.769, 28.356], [97.73, 28.407], [97.695, 28.469], [97.659, 28.5], [97.599, 28.517], [97.538, 28.51], [97.502, 28.456], [97.478, 28.426], [97.431, 28.354], [97.356, 28.254], [97.322, 28.218], [97.289, 28.237], [97.145, 28.34], [97.075, 28.369], [96.981, 28.338], [96.833, 28.362], [96.776, 28.367], [96.653, 28.45], [96.603, 28.46], [96.428, 28.406], [96.389, 28.368], [96.366, 28.367], [96.32, 28.387], [96.281, 28.412], [96.279, 28.428], [96.326, 28.469], [96.33, 28.497], [96.327, 28.525], [96.396, 28.607], [96.581, 28.764], [96.55, 28.83], [96.477, 28.959], [96.467, 29.022], [96.436, 29.051], [96.347, 29.027], [96.162, 28.91], [96.137, 28.923], [96.141, 28.963], [96.122, 29.082], [96.181, 29.118], [96.271, 29.161], [96.34, 29.21], [96.356, 29.249], [96.337, 29.261], [96.235, 29.246], [96.195, 29.272], [96.129, 29.381], [96.08, 29.424], [96.035, 29.447], [95.885, 29.391], [95.71, 29.314], [95.516, 29.206], [95.517, 29.151], [95.494, 29.137], [95.457, 29.102], [95.42, 29.054], [95.389, 29.037], [95.353, 29.036], [95.279, 29.05], [95.145, 29.104], [94.999, 29.149], [94.967, 29.144], [94.769, 29.176], [94.763, 29.201], [94.733, 29.252], [94.677, 29.297], [94.623, 29.312], [94.468, 29.216], [94.293, 29.145], [94.193, 29.06], [94.112, 28.976], [94.018, 28.96], [94.013, 28.908], [93.974, 28.861], [93.902, 28.803], [93.761, 28.73], [93.665, 28.69], [93.361, 28.654], [93.252, 28.629], [93.207, 28.591], [93.158, 28.493], [93.119, 28.402], [93.035, 28.328], [92.882, 28.228], [92.702, 28.147], [92.653, 28.093], [92.643, 28.062], [92.666, 28.05], [92.688, 28.026], [92.688, 27.989], [92.664, 27.949], [92.547, 27.879], [92.481, 27.846], [92.415, 27.825], [92.341, 27.821], [92.27, 27.83], [92.25, 27.842], [92.222, 27.827], [92.158, 27.812], [92.101, 27.808], [91.978, 27.73], [91.909, 27.73], [91.825, 27.746], [91.713, 27.76], [91.632, 27.76], [91.629, 27.801], [91.642, 27.923], [91.606, 27.952], [91.493, 27.982], [91.368, 28.022], [91.307, 28.064], [91.273, 28.078], [91.226, 28.071], [91.15, 28.027], [91.078, 27.974], [91.021, 27.97], [90.963, 27.995], [90.907, 28.027], [90.716, 28.072], [90.63, 28.079], [90.477, 28.071], [90.353, 28.08], [90.333, 28.094], [90.334, 28.119], [90.352, 28.168], [90.363, 28.217], [90.348, 28.244], [90.221, 28.278], [90.104, 28.302], [89.981, 28.311], [89.898, 28.294], [89.817, 28.256], [89.75, 28.188], [89.653, 28.158], [89.537, 28.107], [89.481, 28.06], [89.396, 27.958], [89.273, 27.833], [89.16, 27.711], [89.102, 27.593], [89.025, 27.518], [88.948, 27.464], [88.891, 27.316], [88.833, 27.363], [88.765, 27.43], [88.749, 27.522], [88.83, 27.767], [88.849, 27.869], [88.829, 27.907], [88.804, 28.007], [88.756, 28.04], [88.621, 28.092], [88.578, 28.093], [88.532, 28.057], [88.486, 28.034], [88.426, 28.012], [88.275, 27.969], [88.141, 27.949], [88.109, 27.933], [88.099, 27.905], [88.11, 27.871], [88.023, 27.883], [87.933, 27.891], [87.861, 27.886], [87.683, 27.821], [87.623, 27.815], [87.555, 27.822], [87.464, 27.824], [87.291, 27.822], [87.141, 27.838], [87.02, 27.929], [86.934, 27.968], [86.842, 27.999], [86.75, 28.022], [86.72, 28.071], [86.691, 28.095], [86.614, 28.103], [86.554, 28.085], [86.517, 27.964], [86.485, 27.94], [86.409, 27.929], [86.329, 27.96], [86.218, 28.022], [86.174, 28.092], [86.137, 28.114], [86.079, 28.084], [86.075, 27.995], [86.064, 27.935], [85.995, 27.91], [85.954, 27.928], [85.922, 27.99], [85.84, 28.135], [85.759, 28.221], [85.678, 28.277], [85.411, 28.276], [85.212, 28.293], [85.122, 28.316], [85.089, 28.372], [85.121, 28.484], [85.16, 28.572], [85.159, 28.592], [85.126, 28.603], [85.069, 28.61], [84.855, 28.554], [84.797, 28.56], [84.759, 28.579], [84.714, 28.596], [84.677, 28.622], [84.651, 28.66], [84.465, 28.753], [84.411, 28.804], [84.312, 28.868], [84.229, 28.912], [84.176, 29.036], [84.128, 29.156], [84.101, 29.22], [84.022, 29.254], [83.936, 29.279], [83.79, 29.227], [83.671, 29.188], [83.583, 29.184], [83.457, 29.306], [83.355, 29.439], [83.235, 29.555], [83.155, 29.613], [83.014, 29.618], [82.854, 29.683], [82.641, 29.831], [82.487, 29.942], [82.221, 30.064], [82.159, 30.115], [82.135, 30.159], [82.099, 30.245], [82.043, 30.327], [81.855, 30.362], [81.642, 30.387], [81.417, 30.338], [81.255, 30.093], [81.177, 30.04], [81.11, 30.037], [81.056, 30.099], [81.01, 30.165], [80.985, 30.237], [80.874, 30.291], [80.747, 30.36], [80.682, 30.415], [80.609, 30.449], [80.541, 30.464], [80.41, 30.509], [80.261, 30.561], [80.191, 30.568], [80.186, 30.605], [80.207, 30.684], [80.194, 30.759], [80.149, 30.79], [80.081, 30.782], [79.925, 30.889], [79.919, 30.89], [79.917, 30.894], [79.872, 30.925], [79.795, 30.968], [79.664, 30.965], [79.565, 30.949], [79.493, 30.994], [79.388, 31.064], [79.37, 31.08], [79.339, 31.106], [79.233, 31.242], [79.107, 31.403], [79.044, 31.426], [79.011, 31.414], [78.974, 31.329], [78.946, 31.337], [78.9, 31.331], [78.845, 31.302], [78.792, 31.294], [78.758, 31.302], [78.744, 31.324], [78.759, 31.437], [78.727, 31.472], [78.755, 31.55], [78.803, 31.618], [78.754, 31.668], [78.693, 31.74], [78.687, 31.806], [78.72, 31.888], [78.735, 31.958], [78.726, 31.984], [78.678, 32.023], [78.496, 32.216], [78.486, 32.236], [78.455, 32.3], [78.441, 32.397], [78.417, 32.467], [78.39, 32.52], [78.392, 32.545], [78.412, 32.558], [78.526, 32.571], [78.632, 32.579], [78.701, 32.597], [78.737, 32.558], [78.754, 32.499], [78.771, 32.468], [78.838, 32.412], [78.919, 32.358], [78.998, 32.365], [79.067, 32.388], [79.127, 32.476], [79.17, 32.497], [79.219, 32.501], [79.219, 32.508], [79.217, 32.564], [79.234, 32.703], [79.228, 32.759], [79.206, 32.809], [79.21, 32.865], [79.202, 32.946], [79.146, 33.001], [79.109, 33.023], [79.103, 33.053], [79.122, 33.108], [79.135, 33.172], [79.112, 33.226], [79.067, 33.25], [79.013, 33.291], [78.948, 33.347], [78.917, 33.387], [78.865, 33.431], [78.802, 33.5], [78.79, 33.65], [78.784, 33.809], [78.762, 33.888], [78.727, 34.013], [78.732, 34.056], [78.753, 34.088], [78.932, 34.189], [78.971, 34.228], [78.977, 34.258], [78.97, 34.303], [78.936, 34.352], [78.865, 34.39], [78.763, 34.453], [78.671, 34.518], [78.516, 34.558], [78.327, 34.606], [78.282, 34.654], [78.236, 34.77], [78.158, 34.946], [78.076, 35.135], [78.012, 35.251], [78.009, 35.307], [78.047, 35.449], [78.043, 35.48], [78.009, 35.49], [77.946, 35.472], [77.895, 35.449], [77.852, 35.461], [77.811, 35.485], [77.803, 35.493], [77.799, 35.496], [77.724, 35.481], [77.573, 35.472], [77.52, 35.473], [77.446, 35.476], [77.295, 35.508], [77.09, 35.552], [76.879, 35.613], [76.767, 35.662], [76.728, 35.679], [76.632, 35.729], [76.563, 35.773], [76.551, 35.887], [76.502, 35.878], [76.386, 35.837], [76.252, 35.811], [76.178, 35.811], [76.148, 35.829], [76.103, 35.949], [76.071, 35.983], [76.01, 35.996], [75.945, 36.018], [75.912, 36.049], [75.905, 36.088], [75.934, 36.134], [75.969, 36.169], [75.974, 36.382], [75.952, 36.458], [75.933, 36.522], [75.885, 36.601], [75.84, 36.65], [75.772, 36.695], [75.667, 36.742], [75.574, 36.759], [75.46, 36.725], [75.424, 36.738], [75.377, 36.884], [75.347, 36.913], [75.145, 36.973], [75.054, 36.987], [74.949, 36.968], [74.889, 36.952], [74.841, 36.979], [74.766, 37.013], [74.692, 37.036], [74.601, 37.037], [74.541, 37.022], [74.526, 37.031], [74.498, 37.057], [74.376, 37.137], [74.372, 37.158], [74.559, 37.237], [74.669, 37.267], [74.727, 37.291], [74.739, 37.286], [74.767, 37.249], [74.84, 37.225], [74.891, 37.232], [74.918, 37.25], [75.008, 37.294], [75.079, 37.344], [75.119, 37.386], [75.097, 37.451], [74.986, 37.53], [74.916, 37.573], [74.894, 37.601], [74.912, 37.687], [74.938, 37.773], [74.921, 37.805], [74.9, 37.833], [74.891, 37.926], [74.842, 38.038], [74.79, 38.104], [74.775, 38.192], [74.772, 38.275], [74.836, 38.404], [74.812, 38.46], [74.745, 38.51], [74.514, 38.6], [74.277, 38.66], [74.187, 38.658], [74.131, 38.661], [74.065, 38.608], [74.026, 38.54], [73.97, 38.534], [73.869, 38.563], [73.802, 38.607], [73.754, 38.699], [73.717, 38.817], [73.696, 38.854], [73.707, 38.886], [73.73, 38.915], [73.795, 38.941], [73.805, 38.969], [73.796, 39.002], [73.744, 39.045], [73.69, 39.105], [73.607, 39.229], [73.623, 39.298], [73.636, 39.397], [73.632, 39.449], [73.716, 39.462], [73.823, 39.489], [73.873, 39.533], [73.907, 39.579], [73.915, 39.606], [73.883, 39.715], [73.84, 39.763], [73.835, 39.8], [73.856, 39.829], [73.885, 39.878], [73.939, 39.979], [73.992, 40.043], [74.021, 40.059], [74.085, 40.074], [74.243, 40.092], [74.412, 40.137], [74.613, 40.272], [74.68, 40.311], [74.768, 40.33], [74.83, 40.329], [74.842, 40.345], [74.801, 40.429], [74.811, 40.459], [74.835, 40.483], [74.866, 40.494], [75.004, 40.45], [75.111, 40.454], [75.241, 40.48], [75.521, 40.628], [75.556, 40.625], [75.583, 40.605], [75.617, 40.517], [75.656, 40.329], [75.677, 40.306], [75.872, 40.303], [76.004, 40.371], [76.062, 40.388], [76.157, 40.376], [76.206, 40.408], [76.258, 40.431], [76.319, 40.352], [76.396, 40.39], [76.48, 40.45], [76.521, 40.511], [76.578, 40.578], [76.622, 40.662], [76.64, 40.742], [76.661, 40.78], [76.708, 40.818], [76.824, 40.982], [76.908, 41.024], [76.987, 41.039], [77.182, 41.011], [77.284, 41.014], [77.582, 40.993], [77.719, 41.024], [77.815, 41.056], [77.956, 41.051], [78.123, 41.076], [78.346, 41.281], [78.349, 41.325], [78.362, 41.372], [78.443, 41.418], [78.543, 41.46], [78.743, 41.56], [79.148, 41.719], [79.294, 41.783], [79.354, 41.781], [79.504, 41.821], [79.766, 41.899], [79.84, 41.996], [79.91, 42.015], [80.216, 42.032], [80.235, 42.043], [80.246, 42.06], [80.229, 42.13], [80.209, 42.19], [80.233, 42.208], [80.259, 42.235], [80.255, 42.274], [80.206, 42.399], [80.179, 42.518], [80.162, 42.626], [80.165, 42.666], [80.202, 42.734], [80.25, 42.797], [80.424, 42.856], [80.539, 42.873], [80.544, 42.912], [80.451, 42.936], [80.383, 42.974], [80.371, 42.996], [80.375, 43.02], [80.39, 43.043], [80.507, 43.086], [80.617, 43.128], [80.751, 43.102], [80.778, 43.119], [80.786, 43.162], [80.757, 43.204], [80.73, 43.274], [80.668, 43.31], [80.665, 43.353], [80.704, 43.427], [80.651, 43.564], [80.593, 43.685], [80.496, 43.892], [80.432, 43.952], [80.396, 44.047], [80.355, 44.097], [80.359, 44.171], [80.365, 44.223], [80.355, 44.327], [80.336, 44.438], [80.355, 44.552], [80.391, 44.627], [80.381, 44.655], [80.401, 44.677], [80.455, 44.684], [80.482, 44.715], [80.455, 44.746], [80.361, 44.77], [80.255, 44.808], [80.128, 44.804], [79.997, 44.797], [79.932, 44.825], [79.875, 44.861], [79.872, 44.884], [79.95, 44.944], [80.059, 45.006], [80.228, 45.034], [80.415, 45.075], [80.509, 45.105], [80.635, 45.127], [80.78, 45.136], [80.853, 45.129], [81.04, 45.169], [81.335, 45.246], [81.602, 45.311], [81.692, 45.349], [81.759, 45.311], [81.79, 45.226], [81.867, 45.182], [81.945, 45.161], [81.989, 45.162], [82.123, 45.195], [82.267, 45.219], [82.323, 45.206], [82.397, 45.162], [82.479, 45.124], [82.521, 45.125], [82.559, 45.155], [82.597, 45.216], [82.621, 45.293], [82.626, 45.374], [82.612, 45.424], [82.583, 45.443], [82.452, 45.472], [82.327, 45.52], [82.312, 45.564], [82.315, 45.595], [82.348, 45.672], [82.43, 45.812], [82.512, 46.006], [82.555, 46.159], [82.692, 46.387], [82.8, 46.624], [82.975, 46.966], [83.004, 47.033], [83.02, 47.141], [83.029, 47.186], [83.09, 47.209], [83.193, 47.187], [83.444, 47.109], [83.634, 47.043], [83.714, 47.021], [83.833, 46.998], [84.016, 46.971], [84.122, 46.979], [84.215, 46.995], [84.339, 46.996], [84.532, 46.976], [84.592, 46.975], [84.667, 46.972], [84.72, 46.939], [84.746, 46.864], [84.786, 46.831], [84.858, 46.843], [85.012, 46.909], [85.111, 46.961], [85.233, 47.036], [85.355, 47.047], [85.485, 47.064], [85.53, 47.101], [85.577, 47.188], [85.657, 47.255], [85.67, 47.338], [85.642, 47.397], [85.587, 47.494], [85.588, 47.558], [85.562, 47.746], [85.526, 47.916], [85.562, 48.052], [85.626, 48.204], [85.652, 48.251], [85.692, 48.312], [85.749, 48.385], [85.83, 48.408], [86.056, 48.424], [86.266, 48.455], [86.373, 48.486], [86.483, 48.505], [86.549, 48.529], [86.664, 48.636], [86.718, 48.697], [86.758, 48.861], [86.729, 48.939], [86.753, 49.009], [86.808, 49.05], [86.886, 49.091], [86.938, 49.098], [87.049, 49.11], [87.23, 49.106], [87.323, 49.086], [87.417, 49.077], [87.476, 49.091], [87.516, 49.122], [87.577, 49.132], [87.668, 49.147], [87.763, 49.166], [87.814, 49.162], [87.825, 49.116], [87.816, 49.08], [87.835, 49.032], [87.872, 49.0], [87.86, 48.966], [87.807, 48.946], [87.755, 48.919], [87.743, 48.882], [87.809, 48.836], [87.832, 48.792], [87.942, 48.765], [88.028, 48.736], [88.06, 48.707], [88.05, 48.675], [88.011, 48.64], [87.972, 48.603], [87.967, 48.581], [87.98, 48.555], [88.063, 48.538], [88.158, 48.509], [88.31, 48.472], [88.414, 48.403], [88.517, 48.384], [88.567, 48.317], [88.576, 48.22], [88.682, 48.171], [88.838, 48.102], [88.918, 48.089], [88.971, 48.05], [89.048, 48.003], [89.116, 47.988], [89.196, 47.981], [89.33, 48.025], [89.479, 48.029], [89.561, 48.004], [89.638, 47.909], [89.693, 47.879], [89.726, 47.852], [89.778, 47.827], [89.831, 47.823], [89.91, 47.844], [89.959, 47.886], [90.028, 47.878], [90.054, 47.85], [90.067, 47.804], [90.103, 47.745], [90.191, 47.702], [90.313, 47.676], [90.331, 47.655], [90.347, 47.597], [90.381, 47.557], [90.425, 47.504], [90.467, 47.408], [90.476, 47.329], [90.496, 47.285], [90.553, 47.214], [90.643, 47.1], [90.716, 47.004], [90.799, 46.985], [90.87, 46.954], [90.911, 46.883], [90.986, 46.749], [90.998, 46.661], [91.004, 46.596], [91.029, 46.566], [91.034, 46.529], [90.971, 46.388], [90.918, 46.324], [90.912, 46.271], [90.948, 46.177], [90.997, 46.105], [91.002, 46.036], [90.96, 45.985], [90.887, 45.922], [90.852, 45.885], [90.796, 45.854], [90.71, 45.731], [90.671, 45.595], [90.662, 45.525], [90.694, 45.475], [90.75, 45.419], [90.763, 45.371], [90.853, 45.263], [90.877, 45.196], [90.914, 45.194], [90.954, 45.216], [91.05, 45.217], [91.138, 45.194], [91.222, 45.145], [91.312, 45.118], [91.441, 45.125], [91.51, 45.098], [91.584, 45.077], [91.738, 45.069], [91.853, 45.069], [92.03, 45.069], [92.173, 45.035], [92.424, 45.009], [92.579, 45.011], [92.788, 45.036], [92.916, 45.02], [93.294, 44.983], [93.516, 44.944], [93.656, 44.901], [93.755, 44.832], [93.868, 44.724], [93.958, 44.675], [94.199, 44.645], [94.365, 44.519], [94.494, 44.473], [94.712, 44.351], [94.866, 44.303], [95.05, 44.259], [95.35, 44.278], [95.367, 44.262], [95.344, 44.195], [95.326, 44.105], [95.326, 44.039], [95.356, 44.006], [95.471, 43.986], [95.526, 43.954], [95.567, 43.892], [95.591, 43.854], [95.687, 43.664], [95.842, 43.384], [95.86, 43.276], [95.912, 43.206], [96.08, 43.096], [96.168, 43.015], [96.3, 42.929], [96.342, 42.849], [96.352, 42.747], [96.385, 42.72], [96.625, 42.744], [96.833, 42.76], [97.206, 42.79], [97.719, 42.736], [98.248, 42.685], [98.716, 42.639], [98.947, 42.616], [99.468, 42.568], [99.757, 42.629], [99.984, 42.677], [100.086, 42.671], [100.519, 42.617], [100.773, 42.588], [101.092, 42.551], [101.314, 42.538], [101.495, 42.539], [101.579, 42.524], [101.66, 42.5], [101.714, 42.466], [101.88, 42.292], [101.973, 42.216], [102.157, 42.158], [102.575, 42.092], [102.807, 42.052], [103.073, 42.006], [103.248, 41.937], [103.45, 41.856], [103.711, 41.751], [103.997, 41.797], [104.305, 41.846], [104.498, 41.877], [104.498, 41.659], [104.774, 41.641], [104.86, 41.644], [104.982, 41.596], [105.051, 41.616], [105.115, 41.663], [105.197, 41.738], [105.314, 41.771], [105.517, 41.855], [105.566, 41.875], [105.868, 41.994], [106.317, 42.141], [106.519, 42.212], [106.579, 42.227], [106.693, 42.264], [106.77, 42.289], [106.906, 42.309], [107.091, 42.322], [107.292, 42.349], [107.749, 42.401], [107.806, 42.406], [108.062, 42.427], [108.171, 42.447], [108.334, 42.437], [108.546, 42.429], [108.687, 42.416], [108.875, 42.426], [109.132, 42.441], [109.34, 42.438], [109.443, 42.456], [109.596, 42.511], [109.698, 42.554], [109.859, 42.606], [110.058, 42.661], [110.197, 42.71], [110.289, 42.743], [110.4, 42.774], [110.43, 42.814], [110.462, 42.844], [110.521, 42.895], [110.628, 42.991], [110.709, 43.074], [110.749, 43.111], [110.84, 43.194], [110.913, 43.257], [111.007, 43.341], [111.087, 43.369], [111.187, 43.392], [111.451, 43.475], [111.504, 43.493], [111.547, 43.496], [111.641, 43.563], [111.72, 43.621], [111.771, 43.665], [111.878, 43.68], [111.933, 43.711], [111.943, 43.752], [111.932, 43.815], [111.88, 43.879], [111.837, 43.935], [111.684, 44.041], [111.603, 44.107], [111.52, 44.192], [111.486, 44.272], [111.43, 44.322], [111.402, 44.367], [111.411, 44.419], [111.489, 44.512], [111.515, 44.57], [111.547, 44.673], [111.621, 44.827], [111.681, 44.899], [111.751, 44.97], [111.898, 45.064], [112.033, 45.082], [112.113, 45.063], [112.292, 45.063], [112.411, 45.058], [112.499, 45.011], [112.597, 44.918], [112.707, 44.883], [113.049, 44.81], [113.196, 44.795], [113.301, 44.792], [113.456, 44.767], [113.508, 44.762], [113.587, 44.746], [113.653, 44.763], [113.752, 44.826], [113.877, 44.896], [113.931, 44.912], [114.03, 44.943], [114.08, 44.971], [114.167, 45.05], [114.281, 45.111], [114.419, 45.203], [114.487, 45.272], [114.502, 45.316], [114.517, 45.365], [114.56, 45.39], [114.644, 45.413], [114.739, 45.42], [114.919, 45.378], [115.163, 45.39], [115.217, 45.396], [115.439, 45.42], [115.539, 45.44], [115.681, 45.458], [115.789, 45.535], [115.934, 45.626], [116.04, 45.677], [116.11, 45.687], [116.198, 45.739], [116.241, 45.796], [116.229, 45.846], [116.213, 45.887], [116.265, 45.963], [116.358, 46.097], [116.445, 46.159], [116.517, 46.209], [116.563, 46.29], [116.619, 46.313], [116.689, 46.322], [116.787, 46.377], [116.859, 46.388], [116.979, 46.362], [117.156, 46.355], [117.269, 46.352], [117.333, 46.362], [117.357, 46.391], [117.356, 46.437], [117.392, 46.538], [117.406, 46.571], [117.438, 46.586], [117.547, 46.588], [117.621, 46.552], [117.671, 46.522], [117.741, 46.518], [117.813, 46.538], [117.91, 46.619], [118.071, 46.667], [118.157, 46.679], [118.309, 46.717], [118.404, 46.703], [118.58, 46.692], [118.649, 46.702], [118.723, 46.692], [118.79, 46.747], [118.844, 46.76], [118.957, 46.735], [119.029, 46.692], [119.162, 46.639], [119.332, 46.614], [119.474, 46.627], [119.62, 46.604], [119.707, 46.606], [119.747, 46.627], [119.867, 46.672], [119.896, 46.733], [119.884, 46.791], [119.898, 46.858], [119.863, 46.907], [119.788, 46.979], [119.76, 47.027], [119.757, 47.09], [119.711, 47.15], [119.6, 47.222], [119.527, 47.256], [119.377, 47.381], [119.326, 47.41], [119.309, 47.431], [119.291, 47.473], [119.235, 47.493], [119.162, 47.525], [119.123, 47.558], [119.097, 47.616], [119.082, 47.654], [119.018, 47.685], [118.953, 47.703], [118.88, 47.725], [118.76, 47.758], [118.691, 47.822], [118.568, 47.943], [118.498, 47.984], [118.24, 48.0], [118.147, 48.029], [118.042, 48.019], [117.979, 48.0], [117.84, 48.0], [117.768, 47.988], [117.677, 47.908], [117.555, 47.805], [117.455, 47.741], [117.384, 47.676], [117.351, 47.652], [117.286, 47.666], [117.197, 47.74], [117.07, 47.806], [116.952, 47.837], [116.901, 47.853], [116.761, 47.87], [116.652, 47.865], [116.513, 47.84], [116.378, 47.844], [116.317, 47.86], [116.231, 47.858], [116.075, 47.79], [115.994, 47.711], [115.898, 47.687], [115.812, 47.738], [115.712, 47.799], [115.616, 47.875], [115.558, 47.945], [115.525, 48.131], [115.639, 48.186], [115.786, 48.248], [115.797, 48.346], [115.792, 48.456], [115.821, 48.577], [115.954, 48.689], [116.025, 48.782], [116.034, 48.84], [116.098, 48.936], [116.16, 49.037], [116.243, 49.17], [116.402, 49.406], [116.59, 49.685], [116.683, 49.824], [116.889, 49.738], [117.022, 49.693], [117.246, 49.625], [117.477, 49.609], [117.698, 49.536], [117.813, 49.514], [117.873, 49.513], [118.187, 49.693], [118.452, 49.844], [118.756, 49.963], [118.979, 49.979], [119.147, 50.013], [119.26, 50.066], [119.326, 50.155], [119.346, 50.279], [119.302, 50.354], [119.192, 50.38], [119.164, 50.406], [119.217, 50.433], [119.256, 50.484], [119.281, 50.561], [119.344, 50.634], [119.446, 50.703], [119.502, 50.779], [119.512, 50.863], [119.573, 50.947], [119.685, 51.03], [119.746, 51.108], [119.757, 51.179], [119.813, 51.267], [119.967, 51.422], [120.067, 51.601], [120.237, 51.723], [120.511, 51.849], [120.681, 51.973], [120.75, 52.097], [120.745, 52.205], [120.665, 52.3], [120.65, 52.396], [120.699, 52.494], [120.656, 52.567], [120.521, 52.615], [120.36, 52.627], [120.173, 52.602], [120.068, 52.633], [120.044, 52.718], [120.095, 52.787], [120.218, 52.84], [120.421, 52.968], [120.704, 53.172], [120.985, 53.285], [121.405, 53.317], [121.744, 53.384], [122.089, 53.451], [122.338, 53.485], [122.38, 53.462], [122.516, 53.457], [122.745, 53.469], [122.958, 53.498], [123.154, 53.545], [123.31, 53.556], [123.424, 53.531], [123.489, 53.529], [123.535, 53.526], [123.56, 53.527], [123.608, 53.547], [123.741, 53.511], [123.995, 53.406], [124.154, 53.359], [124.22, 53.37], [124.291, 53.341], [124.369, 53.271], [124.466, 53.23], [124.64, 53.211], [124.812, 53.134], [124.882, 53.13], [124.907, 53.173], [124.971, 53.197], [125.075, 53.204], [125.226, 53.166], [125.422, 53.084], [125.546, 53.048], [125.596, 53.057], [125.649, 53.042], [125.692, 53.004], [125.695, 52.956], [125.681, 52.931], [125.728, 52.891], [125.783, 52.891], [125.872, 52.872], [125.942, 52.801], [126.004, 52.768], [126.048, 52.739], [126.056, 52.716], [126.06, 52.692], [126.047, 52.673], [126.023, 52.643], [126.016, 52.61], [126.046, 52.573], [126.157, 52.547], [126.194, 52.519], [126.203, 52.484], [126.238, 52.445], [126.313, 52.4], [126.342, 52.362], [126.324, 52.332], [126.346, 52.306], [126.383, 52.287], [126.392, 52.215], [126.395, 52.173], [126.456, 52.126], [126.468, 52.031], [126.511, 51.926], [126.654, 51.781], [126.701, 51.703], [126.689, 51.61], [126.709, 51.566], [126.775, 51.545], [126.805, 51.506], [126.802, 51.448], [126.827, 51.412], [126.848, 51.374], [126.834, 51.315], [126.854, 51.261], [126.888, 51.23], [126.912, 51.172], [126.925, 51.1], [127.02, 50.986], [127.198, 50.829], [127.307, 50.708], [127.347, 50.621], [127.347, 50.55], [127.308, 50.494], [127.306, 50.454], [127.341, 50.428], [127.351, 50.394], [127.337, 50.35], [127.395, 50.299], [127.59, 50.209], [127.512, 50.072], [127.492, 49.975], [127.502, 49.873], [127.551, 49.802], [127.637, 49.76], [127.69, 49.717], [127.711, 49.672], [127.814, 49.622], [128.0, 49.569], [128.237, 49.559], [128.527, 49.594], [128.704, 49.6], [128.769, 49.577], [128.791, 49.542], [128.77, 49.495], [128.819, 49.464], [128.938, 49.449], [129.02, 49.419], [129.065, 49.375], [129.12, 49.362], [129.185, 49.381], [129.248, 49.379], [129.31, 49.354], [129.35, 49.362], [129.385, 49.389], [129.441, 49.389], [129.498, 49.389], [129.534, 49.323], [129.591, 49.287], [129.671, 49.279], [129.793, 49.199], [130.037, 48.972], [130.196, 48.892], [130.355, 48.866], [130.553, 48.861], [130.617, 48.773], [130.566, 48.68], [130.552, 48.602], [130.597, 48.575], [130.659, 48.483], [130.747, 48.43], [130.763, 48.388], [130.804, 48.342], [130.787, 48.255], [130.712, 48.128], [130.733, 48.019], [130.849, 47.929], [130.915, 47.843], [130.933, 47.76], [130.962, 47.709], [131.003, 47.691], [131.122, 47.698], [131.319, 47.728], [131.464, 47.723], [131.557, 47.682], [131.785, 47.681], [132.15, 47.718], [132.38, 47.729], [132.476, 47.715], [132.562, 47.769], [132.637, 47.89], [132.707, 47.947], [132.773, 47.94], [132.877, 47.979], [133.02, 48.064], [133.144, 48.106], [133.301, 48.102], [133.468, 48.097], [133.573, 48.133], [133.672, 48.208], [133.842, 48.274], [134.206, 48.36], [134.293, 48.373], [134.335, 48.369], [134.456, 48.355], [134.564, 48.322], [134.665, 48.254], [134.681, 48.21], [134.669, 48.153], [134.647, 48.12], [134.605, 48.083], [134.566, 48.023], [134.591, 47.975], [134.65, 47.874], [134.699, 47.801], [134.752, 47.715], [134.728, 47.684], [134.696, 47.625], [134.596, 47.524], [134.542, 47.485], [134.483, 47.447], [134.383, 47.438], [134.339, 47.429], [134.291, 47.414], [134.26, 47.378], [134.225, 47.353], [134.168, 47.302], [134.163, 47.259], [134.189, 47.194], [134.202, 47.128], [134.137, 47.069], [134.086, 46.978], [134.071, 46.951], [134.046, 46.882], [134.039, 46.858], [134.023, 46.713], [133.958, 46.614], [133.867, 46.499], [133.887, 46.431], [133.903, 46.367], [133.88, 46.336], [133.875, 46.309], [133.861, 46.248], [133.833, 46.224], [133.75, 46.186], [133.701, 46.14], [133.711, 46.07], [133.686, 46.009], [133.648, 45.955], [133.608, 45.92], [133.551, 45.898], [133.513, 45.879], [133.485, 45.81], [133.476, 45.758], [133.449, 45.705], [133.466, 45.651], [133.436, 45.605], [133.355, 45.572], [133.31, 45.553], [133.267, 45.545], [133.186, 45.495], [133.113, 45.321], [133.097, 45.22], [133.113, 45.131], [133.012, 45.075], [132.936, 45.03], [132.889, 45.046], [132.839, 45.061], [132.723, 45.081], [132.666, 45.094], [132.549, 45.123], [132.363, 45.16], [132.181, 45.203], [132.067, 45.226], [131.978, 45.244], [131.909, 45.274], [131.852, 45.327], [131.795, 45.305], [131.742, 45.243], [131.654, 45.205], [131.614, 45.137], [131.579, 45.084], [131.488, 45.013], [131.447, 44.984], [131.268, 44.936], [131.228, 44.92], [131.082, 44.91], [131.033, 44.889], [130.982, 44.844], [130.968, 44.8], [131.004, 44.753], [131.061, 44.66], [131.087, 44.596], [131.126, 44.469], [131.255, 44.072], [131.213, 44.003], [131.174, 43.705], [131.184, 43.651], [131.18, 43.567], [131.182, 43.506], [131.209, 43.49], [131.244, 43.469], [131.262, 43.433], [131.257, 43.378], [131.239, 43.338], [131.212, 43.258], [131.176, 43.142], [131.136, 43.098], [131.109, 43.062], [131.086, 43.038], [131.083, 42.956], [131.069, 42.902], [131.006, 42.883], [130.943, 42.852], [130.869, 42.863], [130.803, 42.857], [130.722, 42.836], [130.577, 42.812], [130.493, 42.779], [130.453, 42.755], [130.425, 42.727], [130.42, 42.7], [130.439, 42.686], [130.521, 42.674], [130.577, 42.623], [130.584, 42.567], [130.527, 42.535], [130.498, 42.571], [130.45, 42.582], [130.361, 42.631], [130.296, 42.685], [130.247, 42.745], [130.249, 42.873], [130.24, 42.892], [130.151, 42.918], [130.125, 42.956], [130.083, 42.974], [130.022, 42.963], [129.977, 42.975], [129.941, 42.996], [129.898, 42.998], [129.861, 42.965], [129.842, 42.894], [129.779, 42.777], [129.773, 42.705], [129.746, 42.604], [129.72, 42.475], [129.698, 42.448], [129.628, 42.444], [129.604, 42.436], [129.568, 42.392], [129.524, 42.385], [129.485, 42.41], [129.424, 42.436], [129.366, 42.439], [129.314, 42.414], [129.253, 42.358], [129.218, 42.313], [129.205, 42.271], [129.196, 42.218], [129.134, 42.169], [129.077, 42.142], [128.961, 42.069], [128.923, 42.038], [128.84, 42.038], [128.749, 42.041], [128.627, 42.021], [128.427, 42.011], [128.308, 42.026], [128.16, 42.012], [128.045, 41.987], [128.029, 41.952], [128.033, 41.898], [128.056, 41.864], [128.084, 41.841], [128.132, 41.769], [128.182, 41.7], [128.258, 41.655], [128.289, 41.607], [128.291, 41.563], [128.255, 41.507], [128.2, 41.433], [128.149, 41.388], [128.111, 41.389], [128.053, 41.416], [128.013, 41.449], [127.919, 41.461], [127.688, 41.44], [127.572, 41.455], [127.517, 41.482], [127.42, 41.484], [127.271, 41.52], [127.18, 41.531], [127.137, 41.555], [127.128, 41.607], [127.085, 41.644], [127.061, 41.687], [127.007, 41.742], [126.955, 41.769], [126.904, 41.781], [126.847, 41.748], [126.788, 41.718], [126.743, 41.725], [126.722, 41.717], [126.697, 41.692], [126.601, 41.641], [126.578, 41.594], [126.54, 41.496], [126.514, 41.394], [126.49, 41.358], [126.451, 41.352], [126.412, 41.321], [126.329, 41.226], [126.254, 41.138], [126.145, 41.078], [126.093, 41.024], [126.067, 40.974], [125.989, 40.905], [125.875, 40.892], [125.784, 40.872], [125.728, 40.867], [125.688, 40.839], [125.659, 40.796], [125.645, 40.779], [125.594, 40.779], [125.543, 40.743], [125.417, 40.66], [125.314, 40.645], [125.186, 40.589], [125.073, 40.547], [125.026, 40.524], [125.013, 40.498], [124.997, 40.465], [124.942, 40.458], [124.889, 40.46], [124.772, 40.384], [124.712, 40.319], [124.481, 40.182], [124.387, 40.104], [124.362, 40.004], [124.35, 40.012], [124.267, 39.924], [124.106, 39.841], [123.76, 39.822], [123.651, 39.882], [123.611, 39.841], [123.581, 39.786], [123.49, 39.768], [123.348, 39.763], [123.269, 39.727], [123.227, 39.687], [123.032, 39.674], [122.961, 39.62], [122.84, 39.601], [122.335, 39.366], [122.225, 39.267], [122.121, 39.152], [122.048, 39.094], [121.982, 39.053], [121.923, 39.037], [121.864, 38.996], [121.805, 38.991], [121.745, 39.01], [121.677, 39.003], [121.633, 38.955], [121.67, 38.892], [121.65, 38.865], [121.517, 38.831], [121.32, 38.808], [121.236, 38.767], [121.207, 38.744], [121.164, 38.732], [121.122, 38.813], [121.107, 38.921], [121.188, 38.947], [121.263, 38.96], [121.68, 39.109], [121.628, 39.22], [121.665, 39.269], [121.758, 39.348], [121.818, 39.387], [121.785, 39.401], [121.513, 39.375], [121.356, 39.377], [121.275, 39.385], [121.3, 39.452], [121.286, 39.519], [121.267, 39.545], [121.406, 39.621], [121.47, 39.64], [121.518, 39.639], [121.514, 39.685], [121.474, 39.755], [121.517, 39.845], [121.801, 39.951], [121.869, 40.046], [121.983, 40.136], [122.191, 40.358], [122.203, 40.396], [122.264, 40.5], [122.275, 40.542], [122.179, 40.603], [122.14, 40.688], [121.859, 40.842], [121.835, 40.974], [121.809, 40.969], [121.766, 40.876], [121.729, 40.846], [121.599, 40.843], [121.537, 40.878], [121.175, 40.901], [121.086, 40.842], [121.003, 40.749], [120.922, 40.683], [120.841, 40.649], [120.771, 40.589], [120.479, 40.231], [120.369, 40.204], [119.85, 39.987], [119.591, 39.903], [119.391, 39.752], [119.322, 39.662], [119.261, 39.561], [119.225, 39.408], [119.04, 39.222], [118.977, 39.183], [118.912, 39.166], [118.826, 39.172], [118.752, 39.16], [118.626, 39.177], [118.472, 39.118], [118.298, 39.067], [118.148, 39.195], [118.041, 39.227], [117.866, 39.191], [117.785, 39.134], [117.617, 38.853], [117.554, 38.691], [117.558, 38.625], [117.656, 38.424], [117.767, 38.312], [118.015, 38.183], [118.543, 38.095], [118.667, 38.126], [118.8, 38.127], [118.94, 38.043], [119.028, 37.904], [119.036, 37.809], [119.038, 37.777], [119.07, 37.749], [119.089, 37.701], [119.033, 37.661], [118.991, 37.641], [118.955, 37.494], [118.953, 37.331], [118.998, 37.277], [119.112, 37.201], [119.287, 37.138], [119.45, 37.125], [119.761, 37.155], [119.888, 37.253], [119.88, 37.296], [119.883, 37.351], [120.156, 37.495], [120.312, 37.623], [120.287, 37.656], [120.257, 37.679], [120.285, 37.692], [120.37, 37.701], [120.75, 37.834], [121.049, 37.725], [121.22, 37.6], [121.388, 37.579], [121.505, 37.515], [121.64, 37.46], [121.816, 37.457], [121.965, 37.445], [122.01, 37.496], [122.057, 37.529], [122.11, 37.522], [122.169, 37.456], [122.338, 37.405], [122.493, 37.408], [122.602, 37.426], [122.667, 37.403], [122.573, 37.318], [122.587, 37.181], [122.516, 37.138], [122.447, 37.068], [122.487, 37.022], [122.523, 37.003], [122.52, 36.947], [122.457, 36.915], [122.341, 36.832], [122.274, 36.834], [122.242, 36.85], [122.22, 36.88], [122.203, 36.927], [122.162, 36.959], [122.05, 36.971], [121.933, 36.959], [121.67, 36.836], [121.413, 36.738], [121.144, 36.66], [121.054, 36.611], [120.99, 36.598], [120.879, 36.635], [120.811, 36.633], [120.797, 36.607], [120.883, 36.539], [120.905, 36.485], [120.896, 36.444], [120.847, 36.426], [120.776, 36.456], [120.712, 36.413], [120.682, 36.341], [120.681, 36.168], [120.638, 36.13], [120.519, 36.109], [120.393, 36.054], [120.348, 36.079], [120.33, 36.11], [120.343, 36.189], [120.328, 36.228], [120.27, 36.226], [120.183, 36.202], [120.117, 36.15], [120.094, 36.119], [120.181, 36.017], [120.265, 36.007], [120.285, 35.984], [120.219, 35.935], [120.055, 35.861], [120.027, 35.799], [119.979, 35.74], [119.912, 35.693], [119.866, 35.644], [119.811, 35.618], [119.72, 35.589], [119.608, 35.47], [119.526, 35.359], [119.43, 35.301], [119.353, 35.114], [119.216, 35.012], [119.165, 34.849], [119.201, 34.748], [119.351, 34.749], [119.427, 34.714], [119.583, 34.582], [119.77, 34.496], [119.964, 34.448], [120.201, 34.326], [120.267, 34.274], [120.323, 34.169], [120.426, 33.866], [120.5, 33.716], [120.505, 33.638], [120.616, 33.491], [120.734, 33.237], [120.871, 33.017], [120.897, 32.843], [120.853, 32.764], [120.853, 32.661], [120.99, 32.567], [121.293, 32.457], [121.342, 32.425], [121.401, 32.372], [121.404, 32.206], [121.451, 32.153], [121.491, 32.121], [121.674, 32.051], [121.751, 31.993], [121.832, 31.9], [121.856, 31.816], [121.866, 31.704], [121.764, 31.7], [121.681, 31.712], [121.352, 31.859], [121.266, 31.863], [121.146, 31.842], [120.974, 31.869], [120.792, 32.032], [120.661, 32.081], [120.52, 32.106], [120.184, 31.966], [120.099, 31.976], [120.074, 31.96], [120.036, 31.936], [120.192, 31.906], [120.347, 31.952], [120.497, 32.02], [120.716, 31.984], [120.752, 31.923], [120.788, 31.82], [120.938, 31.75], [121.055, 31.719], [121.205, 31.628], [121.351, 31.485], [121.661, 31.32], [121.786, 31.163], [121.834, 31.062], [121.878, 30.917], [121.769, 30.87], [121.675, 30.864], [121.528, 30.841], [121.419, 30.79], [121.31, 30.7], [120.998, 30.558], [120.938, 30.47], [120.897, 30.393], [120.821, 30.355], [120.63, 30.391], [120.45, 30.388], [120.246, 30.284], [120.195, 30.241], [120.229, 30.25], [120.261, 30.263], [120.353, 30.247], [120.495, 30.303], [120.633, 30.133], [120.904, 30.161], [121.159, 30.302], [121.258, 30.304], [121.341, 30.282], [121.433, 30.227], [121.678, 29.979], [121.812, 29.952], [121.944, 29.894], [122.017, 29.888], [122.083, 29.87], [121.906, 29.78], [121.677, 29.584], [121.575, 29.537], [121.506, 29.485], [121.69, 29.511], [121.822, 29.605], [121.888, 29.628], [121.941, 29.606], [121.968, 29.491], [121.918, 29.135], [121.854, 29.129], [121.791, 29.226], [121.717, 29.256], [121.656, 29.236], [121.534, 29.237], [121.487, 29.193], [121.448, 29.131], [121.521, 29.118], [121.665, 29.011], [121.68, 28.953], [121.641, 28.916], [121.54, 28.932], [121.662, 28.851], [121.63, 28.768], [121.59, 28.735], [121.519, 28.714], [121.475, 28.641], [121.538, 28.521], [121.602, 28.367], [121.61, 28.292], [121.51, 28.324], [121.355, 28.23], [121.272, 28.222], [121.217, 28.346], [121.146, 28.327], [121.098, 28.291], [121.035, 28.157], [120.959, 28.037], [120.892, 28.004], [120.813, 28.013], [120.748, 28.01], [120.763, 27.977], [120.833, 27.938], [120.833, 27.891], [120.685, 27.745], [120.661, 27.688], [120.665, 27.639], [120.588, 27.581], [120.629, 27.482], [120.608, 27.412], [120.54, 27.318], [120.469, 27.256], [120.385, 27.156], [120.279, 27.097], [120.139, 26.886], [120.097, 26.781], [120.087, 26.672], [120.043, 26.634], [119.968, 26.586], [119.882, 26.61], [119.879, 26.683], [119.842, 26.689], [119.821, 26.737], [119.815, 26.798], [119.824, 26.846], [119.789, 26.831], [119.767, 26.775], [119.71, 26.729], [119.652, 26.747], [119.588, 26.785], [119.59, 26.73], [119.624, 26.676], [119.638, 26.621], [119.726, 26.609], [119.785, 26.547], [119.831, 26.45], [119.84, 26.414], [119.876, 26.371], [119.881, 26.334], [119.797, 26.3], [119.693, 26.236], [119.567, 26.127], [119.463, 26.055], [119.37, 26.054], [119.313, 26.063], [119.232, 26.104], [119.139, 26.122], [119.264, 25.975], [119.332, 25.949], [119.418, 25.954], [119.501, 26.009], [119.619, 26.004], [119.648, 25.919], [119.617, 25.823], [119.553, 25.699], [119.539, 25.591], [119.619, 25.437], [119.622, 25.391], [119.593, 25.368], [119.499, 25.409], [119.422, 25.46], [119.344, 25.446], [119.263, 25.468], [119.18, 25.45], [119.146, 25.414], [119.169, 25.356], [119.244, 25.307], [119.286, 25.232], [119.236, 25.206], [119.025, 25.223], [118.978, 25.209], [118.914, 25.127], [118.956, 25.005], [118.909, 24.929], [118.822, 24.911], [118.708, 24.85], [118.637, 24.836], [118.64, 24.809], [118.692, 24.782], [118.719, 24.746], [118.657, 24.621], [118.56, 24.58], [118.412, 24.601], [118.295, 24.573], [118.195, 24.626], [118.087, 24.627], [118.014, 24.56], [118.006, 24.482], [117.935, 24.474], [117.897, 24.48], [117.843, 24.474], [117.848, 24.432], [117.879, 24.396], [118.024, 24.38], [118.051, 24.327], [118.056, 24.246], [117.904, 24.106], [117.839, 24.012], [117.742, 24.015], [117.668, 23.939], [117.628, 23.837], [117.579, 23.857], [117.466, 23.841], [117.433, 23.792], [117.46, 23.771], [117.462, 23.736], [117.417, 23.621], [117.368, 23.589], [117.347, 23.636], [117.331, 23.709], [117.291, 23.714], [117.225, 23.647], [117.148, 23.599], [117.083, 23.579], [117.033, 23.623], [116.911, 23.647], [116.861, 23.453], [116.76, 23.383], [116.712, 23.36], [116.629, 23.354], [116.682, 23.327], [116.699, 23.278], [116.669, 23.228], [116.586, 23.218], [116.538, 23.18], [116.52, 23.007], [116.471, 22.946], [116.346, 22.941], [116.252, 22.981], [116.222, 22.95], [116.206, 22.919], [116.157, 22.887], [116.063, 22.879], [115.852, 22.802], [115.756, 22.824], [115.64, 22.853], [115.561, 22.825], [115.535, 22.765], [115.498, 22.719], [115.383, 22.719], [115.29, 22.776], [115.196, 22.817], [115.092, 22.782], [115.012, 22.709], [114.914, 22.685], [114.896, 22.64], [114.854, 22.617], [114.75, 22.626], [114.711, 22.739], [114.652, 22.755], [114.593, 22.698], [114.572, 22.654], [114.544, 22.621], [114.554, 22.529], [114.496, 22.527], [114.42, 22.583], [114.341, 22.593], [114.266, 22.541], [114.228, 22.554], [114.188, 22.565], [114.123, 22.565], [114.098, 22.551], [114.05, 22.543], [114.018, 22.514], [114.015, 22.512], [113.931, 22.531], [113.828, 22.607], [113.754, 22.734], [113.661, 22.802], [113.62, 22.861], [113.603, 22.969], [113.586, 23.02], [113.592, 23.077], [113.621, 23.127], [113.52, 23.102], [113.445, 23.055], [113.46, 22.996], [113.442, 22.941], [113.331, 22.912], [113.338, 22.889], [113.345, 22.865], [113.432, 22.789], [113.45, 22.726], [113.485, 22.692], [113.553, 22.594], [113.551, 22.404], [113.589, 22.35], [113.576, 22.297], [113.549, 22.225], [113.547, 22.224], [113.527, 22.246], [113.494, 22.242], [113.481, 22.217], [113.479, 22.196], [113.473, 22.194], [113.416, 22.178], [113.367, 22.165], [113.328, 22.145], [113.266, 22.089], [113.149, 22.075], [113.089, 22.208], [113.008, 22.119], [112.984, 21.938], [112.954, 21.907], [112.904, 21.881], [112.809, 21.945], [112.725, 21.902], [112.661, 21.859], [112.634, 21.82], [112.586, 21.777], [112.495, 21.818], [112.421, 21.881], [112.439, 21.927], [112.429, 21.958], [112.396, 21.981], [112.36, 21.978], [112.377, 21.917], [112.39, 21.801], [112.356, 21.768], [112.305, 21.742], [112.193, 21.763], [112.117, 21.806], [112.025, 21.843], [111.944, 21.85], [111.926, 21.776], [111.873, 21.717], [111.825, 21.71], [111.776, 21.719], [111.712, 21.655], [111.682, 21.608], [111.603, 21.559], [111.392, 21.535], [111.319, 21.486], [111.221, 21.494], [111.144, 21.482], [111.101, 21.485], [111.061, 21.511], [111.017, 21.512], [110.997, 21.43], [110.878, 21.396], [110.771, 21.387], [110.652, 21.279], [110.567, 21.214], [110.504, 21.207], [110.458, 21.231], [110.435, 21.327], [110.411, 21.338], [110.397, 21.248], [110.375, 21.172], [110.331, 21.131], [110.194, 21.038], [110.154, 20.945], [110.18, 20.859], [110.365, 20.838], [110.388, 20.791], [110.371, 20.752], [110.326, 20.72], [110.313, 20.672], [110.512, 20.518], [110.518, 20.46], [110.487, 20.427], [110.45, 20.355], [110.345, 20.295], [110.123, 20.264], [109.938, 20.295], [109.883, 20.364], [109.886, 20.413], [109.932, 20.399], [109.984, 20.403], [109.968, 20.448], [109.946, 20.474], [109.861, 20.514], [109.792, 20.622], [109.805, 20.711], [109.767, 20.781], [109.726, 20.839], [109.685, 20.874], [109.663, 20.917], [109.704, 21.053], [109.681, 21.132], [109.76, 21.228], [109.78, 21.337], [109.921, 21.376], [109.931, 21.481], [109.83, 21.484], [109.759, 21.56], [109.743, 21.528], [109.687, 21.525], [109.594, 21.672], [109.566, 21.691], [109.521, 21.693], [109.544, 21.538], [109.436, 21.479], [109.347, 21.454], [109.22, 21.443], [109.149, 21.426], [109.082, 21.44], [109.098, 21.487], [109.133, 21.544], [109.102, 21.59], [109.031, 21.627], [108.922, 21.624], [108.846, 21.634], [108.772, 21.63], [108.744, 21.651], [108.675, 21.725], [108.616, 21.77], [108.589, 21.816], [108.616, 21.869], [108.594, 21.901], [108.48, 21.905], [108.481, 21.829], [108.493, 21.739], [108.526, 21.671], [108.502, 21.633], [108.444, 21.607], [108.383, 21.679], [108.355, 21.697], [108.325, 21.694], [108.302, 21.622], [108.246, 21.558], [108.146, 21.565], [108.067, 21.526], [107.973, 21.508]]], [[[110.889, 19.992], [110.938, 19.948], [110.971, 19.883], [110.998, 19.765], [111.014, 19.655], [110.913, 19.586], [110.822, 19.558], [110.641, 19.291], [110.603, 19.207], [110.572, 19.172], [110.562, 19.135], [110.566, 19.099], [110.519, 18.97], [110.478, 18.813], [110.451, 18.748], [110.4, 18.698], [110.334, 18.673], [110.291, 18.67], [110.252, 18.656], [110.156, 18.57], [110.049, 18.505], [110.066, 18.476], [110.067, 18.448], [110.02, 18.416], [109.968, 18.422], [109.816, 18.397], [109.76, 18.348], [109.703, 18.259], [109.681, 18.247], [109.59, 18.226], [109.519, 18.218], [109.4, 18.281], [109.341, 18.3], [109.183, 18.325], [109.03, 18.368], [108.922, 18.416], [108.702, 18.535], [108.676, 18.75], [108.638, 18.866], [108.636, 18.908], [108.65, 19.265], [108.666, 19.304], [108.694, 19.338], [108.791, 19.418], [108.903, 19.481], [109.063, 19.614], [109.179, 19.674], [109.277, 19.761], [109.22, 19.757], [109.177, 19.768], [109.219, 19.843], [109.263, 19.883], [109.315, 19.904], [109.418, 19.889], [109.514, 19.904], [109.584, 19.97], [109.651, 19.984], [109.906, 19.963], [110.083, 19.993], [110.172, 20.054], [110.213, 20.056], [110.344, 20.039], [110.392, 19.976], [110.388, 20.018], [110.394, 20.059], [110.418, 20.055], [110.588, 19.976], [110.589, 20.072], [110.598, 20.098], [110.652, 20.138], [110.679, 20.137], [110.745, 20.059], [110.809, 20.014], [110.889, 19.992]]]]}}, {"type": "Feature", "properties": {"ISO_A2": "BO", "ISO_A3": "BOL", "NAME": "Bolivia", "fillColor": "#D52B1E"}, "geometry": {"type": "Polygon", "coordinates": [[[-69.511, -17.506], [-69.511, -17.505], [-69.511, -17.46], [-69.522, -17.389], [-69.564, -17.333], [-69.626, -17.294], [-69.646, -17.249], [-69.625, -17.2], [-69.503, -17.105], [-69.438, -17.088], [-69.421, -17.04], [-69.382, -17.001], [-69.267, -16.861], [-69.2, -16.768], [-69.133, -16.713], [-69.055, -16.674], [-69.021, -16.642], [-69.038, -16.543], [-69.033, -16.476], [-69.006, -16.434], [-68.928, -16.389], [-68.858, -16.355], [-68.843, -16.338], [-68.849, -16.313], [-68.913, -16.262], [-69.046, -16.218], [-69.134, -16.222], [-69.188, -16.183], [-69.218, -16.149], [-69.392, -15.737], [-69.421, -15.641], [-69.419, -15.603], [-69.302, -15.399], [-69.254, -15.333], [-69.172, -15.237], [-69.187, -15.199], [-69.331, -15.039], [-69.375, -14.963], [-69.374, -14.887], [-69.359, -14.795], [-69.276, -14.746], [-69.252, -14.671], [-69.235, -14.597], [-69.199, -14.573], [-69.163, -14.531], [-69.12, -14.47], [-69.053, -14.418], [-69.013, -14.377], [-69.004, -14.265], [-68.972, -14.234], [-68.88, -14.199], [-68.871, -14.17], [-68.892, -14.094], [-68.937, -14.015], [-68.974, -13.976], [-69.023, -13.78], [-69.074, -13.683], [-69.053, -13.644], [-69.018, -13.594], [-68.983, -13.496], [-68.972, -13.382], [-68.981, -12.963], [-68.979, -12.88], [-68.934, -12.822], [-68.868, -12.755], [-68.812, -12.73], [-68.759, -12.687], [-68.763, -12.608], [-68.728, -12.561], [-68.685, -12.502], [-68.819, -12.27], [-68.936, -12.067], [-69.046, -11.876], [-69.174, -11.654], [-69.258, -11.509], [-69.362, -11.328], [-69.454, -11.169], [-69.579, -10.952], [-69.463, -10.948], [-69.229, -10.956], [-69.002, -10.994], [-68.848, -11.011], [-68.784, -11.045], [-68.77, -11.098], [-68.727, -11.122], [-68.678, -11.113], [-68.623, -11.109], [-68.498, -11.055], [-68.398, -11.019], [-68.311, -10.975], [-68.267, -10.933], [-68.159, -10.785], [-68.072, -10.703], [-67.992, -10.674], [-67.835, -10.663], [-67.786, -10.686], [-67.722, -10.683], [-67.667, -10.599], [-67.582, -10.506], [-67.417, -10.39], [-67.333, -10.358], [-67.28, -10.317], [-67.19, -10.311], [-67.112, -10.269], [-66.73, -9.975], [-66.575, -9.9], [-66.479, -9.886], [-66.399, -9.868], [-66.264, -9.826], [-65.925, -9.785], [-65.707, -9.768], [-65.637, -9.809], [-65.559, -9.797], [-65.492, -9.732], [-65.437, -9.71], [-65.396, -9.712], [-65.338, -9.79], [-65.309, -9.873], [-65.328, -9.936], [-65.325, -10.027], [-65.299, -10.147], [-65.313, -10.253], [-65.395, -10.392], [-65.437, -10.449], [-65.447, -10.507], [-65.44, -10.586], [-65.402, -10.715], [-65.334, -10.893], [-65.324, -11.025], [-65.372, -11.11], [-65.394, -11.184], [-65.39, -11.246], [-65.373, -11.29], [-65.342, -11.315], [-65.325, -11.365], [-65.322, -11.439], [-65.282, -11.511], [-65.206, -11.581], [-65.175, -11.647], [-65.19, -11.71], [-65.186, -11.75], [-65.163, -11.765], [-65.143, -11.752], [-65.115, -11.735], [-65.09, -11.741], [-65.037, -11.829], [-65.03, -11.847], [-65.001, -11.92], [-64.993, -11.975], [-64.914, -12.006], [-64.83, -12.03], [-64.783, -12.059], [-64.69, -12.146], [-64.612, -12.204], [-64.513, -12.251], [-64.481, -12.326], [-64.421, -12.44], [-64.255, -12.483], [-64.062, -12.505], [-63.939, -12.53], [-63.788, -12.469], [-63.689, -12.478], [-63.586, -12.519], [-63.542, -12.547], [-63.465, -12.605], [-63.347, -12.68], [-63.25, -12.708], [-63.181, -12.666], [-63.117, -12.652], [-63.067, -12.669], [-63.041, -12.75], [-63.015, -12.806], [-62.958, -12.847], [-62.835, -12.954], [-62.765, -12.997], [-62.687, -12.994], [-62.526, -13.064], [-62.353, -13.132], [-62.264, -13.144], [-62.176, -13.134], [-62.118, -13.16], [-62.095, -13.242], [-61.945, -13.406], [-61.874, -13.47], [-61.79, -13.526], [-61.576, -13.525], [-61.512, -13.541], [-61.416, -13.527], [-61.129, -13.499], [-61.077, -13.49], [-60.915, -13.561], [-60.722, -13.664], [-60.595, -13.745], [-60.507, -13.79], [-60.46, -13.862], [-60.422, -13.938], [-60.405, -14.019], [-60.428, -14.1], [-60.463, -14.132], [-60.475, -14.185], [-60.46, -14.263], [-60.396, -14.333], [-60.373, -14.419], [-60.338, -14.571], [-60.299, -14.619], [-60.273, -15.089], [-60.402, -15.093], [-60.583, -15.098], [-60.53, -15.143], [-60.38, -15.318], [-60.242, -15.48], [-60.22, -15.739], [-60.207, -15.902], [-60.187, -16.132], [-60.176, -16.269], [-59.831, -16.282], [-59.434, -16.296], [-58.957, -16.313], [-58.538, -16.328], [-58.497, -16.327], [-58.424, -16.308], [-58.375, -16.284], [-58.346, -16.284], [-58.341, -16.34], [-58.351, -16.41], [-58.35, -16.491], [-58.471, -16.65], [-58.478, -16.701], [-58.46, -16.911], [-58.417, -17.081], [-58.396, -17.234], [-58.348, -17.282], [-58.206, -17.363], [-57.991, -17.513], [-57.905, -17.532], [-57.832, -17.512], [-57.789, -17.573], [-57.78, -17.672], [-57.662, -17.947], [-57.586, -18.122], [-57.552, -18.183], [-57.496, -18.215], [-57.506, -18.237], [-57.553, -18.246], [-57.574, -18.279], [-57.639, -18.475], [-57.725, -18.733], [-57.783, -18.914], [-57.731, -18.917], [-57.729, -18.967], [-57.717, -19.044], [-57.781, -19.054], [-57.8, -19.081], [-57.875, -19.229], [-57.972, -19.424], [-58.072, -19.625], [-58.131, -19.745], [-58.03, -19.833], [-57.861, -19.98], [-57.888, -20.02], [-57.96, -20.041], [-58.021, -20.055], [-58.068, -20.11], [-58.094, -20.151], [-58.16, -20.165], [-58.14, -19.999], [-58.16, -19.855], [-58.18, -19.818], [-58.474, -19.646], [-58.741, -19.49], [-59.091, -19.286], [-59.541, -19.292], [-60.007, -19.298], [-60.452, -19.389], [-60.889, -19.479], [-61.096, -19.521], [-61.512, -19.606], [-61.757, -19.645], [-61.821, -19.809], [-61.917, -20.055], [-62.012, -20.199], [-62.122, -20.35], [-62.276, -20.562], [-62.277, -20.821], [-62.277, -21.066], [-62.385, -21.412], [-62.478, -21.705], [-62.567, -21.989], [-62.629, -22.184], [-62.651, -22.234], [-62.665, -22.218], [-62.745, -22.16], [-62.815, -22.05], [-62.834, -21.999], [-62.843, -21.997], [-63.267, -22.001], [-63.675, -22.004], [-63.717, -22.028], [-63.776, -22.027], [-63.819, -22.005], [-63.861, -22.007], [-63.922, -22.029], [-63.976, -22.073], [-64.132, -22.366], [-64.209, -22.491], [-64.266, -22.603], [-64.308, -22.795], [-64.325, -22.828], [-64.374, -22.761], [-64.446, -22.585], [-64.478, -22.485], [-64.524, -22.372], [-64.606, -22.229], [-64.7, -22.186], [-64.759, -22.171], [-64.843, -22.144], [-64.993, -22.11], [-65.058, -22.103], [-65.485, -22.098], [-65.519, -22.095], [-65.686, -22.11], [-65.771, -22.1], [-65.86, -22.02], [-66.059, -21.879], [-66.099, -21.835], [-66.175, -21.806], [-66.22, -21.803], [-66.248, -21.83], [-66.282, -21.947], [-66.322, -22.053], [-66.365, -22.114], [-66.507, -22.158], [-66.639, -22.205], [-66.712, -22.216], [-66.751, -22.269], [-66.767, -22.343], [-66.8, -22.41], [-66.991, -22.51], [-67.034, -22.552], [-67.055, -22.651], [-67.162, -22.774], [-67.195, -22.822], [-67.362, -22.855], [-67.58, -22.892], [-67.707, -22.889], [-67.794, -22.879], [-67.821, -22.858], [-67.879, -22.823], [-67.889, -22.784], [-67.89, -22.729], [-67.874, -22.631], [-67.882, -22.493], [-67.95, -22.334], [-67.945, -22.282], [-67.954, -22.204], [-67.988, -22.057], [-68.077, -21.983], [-68.102, -21.861], [-68.112, -21.753], [-68.186, -21.619], [-68.199, -21.447], [-68.197, -21.3], [-68.314, -21.13], [-68.435, -20.948], [-68.534, -20.924], [-68.558, -20.902], [-68.569, -20.85], [-68.571, -20.769], [-68.563, -20.72], [-68.487, -20.641], [-68.484, -20.628], [-68.5, -20.612], [-68.696, -20.493], [-68.745, -20.459], [-68.761, -20.416], [-68.759, -20.378], [-68.712, -20.339], [-68.689, -20.31], [-68.735, -20.225], [-68.73, -20.148], [-68.759, -20.116], [-68.756, -20.091], [-68.727, -20.07], [-68.6, -20.045], [-68.561, -19.967], [-68.559, -19.902], [-68.578, -19.857], [-68.696, -19.741], [-68.698, -19.721], [-68.575, -19.56], [-68.487, -19.454], [-68.463, -19.433], [-68.47, -19.41], [-68.492, -19.382], [-68.548, -19.341], [-68.621, -19.297], [-68.681, -19.242], [-68.759, -19.162], [-68.858, -19.093], [-68.931, -19.025], [-68.968, -18.968], [-68.969, -18.91], [-68.979, -18.813], [-69.027, -18.656], [-69.039, -18.55], [-69.06, -18.433], [-69.081, -18.357], [-69.092, -18.282], [-69.126, -18.202], [-69.145, -18.144], [-69.118, -18.103], [-69.09, -18.071], [-69.094, -18.05], [-69.282, -17.965], [-69.313, -17.943], [-69.358, -17.772], [-69.495, -17.62], [-69.511, -17.506]]]}}, {"type": "Feature", "properties": {"ISO_A2": "FR", "ISO_A3": "FRA", "NAME": "France", "fillColor": "#0055A4"}, "geometry": {"type": "MultiPolygon", "coordinates": [[[[9.48, 42.805], [9.454, 42.659], [9.473, 42.616], [9.509, 42.586], [9.526, 42.553], [9.556, 42.161], [9.551, 42.13], [9.428, 41.972], [9.401, 41.926], [9.395, 41.731], [9.374, 41.679], [9.331, 41.627], [9.253, 41.46], [9.186, 41.385], [9.003, 41.477], [8.895, 41.516], [8.842, 41.559], [8.808, 41.588], [8.83, 41.628], [8.879, 41.669], [8.887, 41.701], [8.771, 41.737], [8.718, 41.761], [8.719, 41.804], [8.759, 41.87], [8.74, 41.925], [8.674, 41.922], [8.622, 41.931], [8.615, 41.959], [8.653, 41.996], [8.703, 42.043], [8.701, 42.096], [8.642, 42.118], [8.588, 42.161], [8.566, 42.219], [8.608, 42.258], [8.675, 42.284], [8.626, 42.343], [8.592, 42.345], [8.566, 42.358], [8.588, 42.385], [8.64, 42.427], [8.713, 42.55], [8.815, 42.608], [8.995, 42.645], [9.044, 42.662], [9.088, 42.705], [9.138, 42.733], [9.198, 42.729], [9.254, 42.712], [9.288, 42.695], [9.313, 42.713], [9.338, 42.767], [9.323, 42.814], [9.331, 42.944], [9.363, 43.017], [9.415, 43.021], [9.463, 42.981], [9.461, 42.945], [9.479, 42.86], [9.48, 42.805]]], [[[7.616, 47.593], [7.495, 47.547], [7.467, 47.508], [7.42, 47.455], [7.343, 47.433], [7.266, 47.426], [7.203, 47.433], [7.167, 47.454], [7.169, 47.473], [7.136, 47.49], [7.053, 47.489], [6.968, 47.453], [6.9, 47.394], [6.921, 47.361], [6.984, 47.353], [7.001, 47.339], [7.001, 47.323], [6.979, 47.302], [6.952, 47.267], [6.821, 47.163], [6.688, 47.058], [6.667, 47.027], [6.625, 47.004], [6.456, 46.948], [6.439, 46.926], [6.429, 46.832], [6.41, 46.755], [6.285, 46.683], [6.161, 46.611], [6.13, 46.567], [6.107, 46.516], [6.068, 46.459], [6.06, 46.428], [6.123, 46.379], [6.116, 46.338], [6.096, 46.279], [6.036, 46.238], [5.97, 46.215], [5.971, 46.151], [6.007, 46.142], [6.087, 46.147], [6.199, 46.193], [6.273, 46.252], [6.23, 46.308], [6.224, 46.319], [6.235, 46.333], [6.322, 46.394], [6.429, 46.431], [6.578, 46.437], [6.758, 46.416], [6.776, 46.407], [6.767, 46.369], [6.784, 46.314], [6.817, 46.275], [6.772, 46.165], [6.806, 46.131], [6.858, 46.089], [6.897, 46.052], [6.954, 46.017], [7.004, 45.959], [7.021, 45.926], [6.941, 45.868], [6.804, 45.815], [6.789, 45.78], [6.791, 45.741], [6.806, 45.71], [6.881, 45.67], [6.962, 45.581], [7.014, 45.5], [7.126, 45.424], [7.153, 45.401], [7.146, 45.382], [7.117, 45.349], [7.078, 45.24], [7.032, 45.223], [6.981, 45.216], [6.842, 45.136], [6.78, 45.145], [6.692, 45.144], [6.628, 45.118], [6.635, 45.068], [6.691, 45.023], [6.725, 44.973], [6.738, 44.921], [6.801, 44.883], [6.889, 44.86], [6.94, 44.859], [6.973, 44.845], [6.993, 44.827], [7.031, 44.717], [7.008, 44.689], [6.96, 44.677], [6.932, 44.632], [6.875, 44.565], [6.843, 44.511], [6.879, 44.463], [6.894, 44.428], [6.875, 44.392], [6.9, 44.336], [6.967, 44.28], [7.149, 44.202], [7.319, 44.138], [7.371, 44.127], [7.599, 44.168], [7.637, 44.165], [7.665, 44.116], [7.677, 44.083], [7.651, 44.034], [7.59, 43.965], [7.523, 43.911], [7.482, 43.865], [7.491, 43.823], [7.493, 43.767], [7.439, 43.75], [7.437, 43.761], [7.414, 43.771], [7.395, 43.765], [7.38, 43.753], [7.378, 43.732], [7.262, 43.696], [7.181, 43.659], [6.865, 43.438], [6.717, 43.374], [6.687, 43.335], [6.657, 43.262], [6.57, 43.199], [6.494, 43.169], [6.305, 43.139], [6.116, 43.072], [6.031, 43.101], [5.809, 43.098], [5.672, 43.178], [5.407, 43.229], [5.32, 43.345], [5.2, 43.352], [5.12, 43.349], [5.073, 43.367], [5.061, 43.406], [5.06, 43.445], [4.976, 43.427], [4.912, 43.427], [4.874, 43.412], [4.844, 43.394], [4.808, 43.405], [4.787, 43.401], [4.789, 43.379], [4.712, 43.373], [4.629, 43.387], [4.41, 43.447], [4.376, 43.456], [4.224, 43.48], [4.163, 43.504], [4.113, 43.563], [4.075, 43.582], [4.053, 43.593], [3.911, 43.563], [3.862, 43.516], [3.785, 43.462], [3.259, 43.193], [3.163, 43.081], [3.052, 42.915], [3.043, 42.838], [3.091, 42.591], [3.198, 42.461], [3.211, 42.431], [3.152, 42.431], [3.053, 42.447], [2.97, 42.467], [2.891, 42.456], [2.816, 42.429], [2.749, 42.413], [2.702, 42.408], [2.67, 42.393], [2.655, 42.362], [2.652, 42.34], [2.568, 42.346], [2.374, 42.39], [2.2, 42.421], [2.098, 42.386], [2.033, 42.354], [1.987, 42.358], [1.951, 42.393], [1.928, 42.426], [1.86, 42.457], [1.706, 42.503], [1.714, 42.526], [1.74, 42.557], [1.739, 42.576], [1.71, 42.604], [1.568, 42.635], [1.501, 42.643], [1.459, 42.622], [1.428, 42.596], [1.349, 42.691], [1.293, 42.71], [1.208, 42.713], [1.111, 42.742], [1.01, 42.779], [0.764, 42.838], [0.697, 42.845], [0.67, 42.836], [0.652, 42.8], [0.642, 42.701], [0.632, 42.69], [0.518, 42.686], [0.377, 42.7], [0.313, 42.693], [0.255, 42.693], [0.201, 42.719], [-0.041, 42.689], [-0.081, 42.704], [-0.14, 42.749], [-0.205, 42.785], [-0.256, 42.804], [-0.299, 42.825], [-0.339, 42.829], [-0.398, 42.808], [-0.481, 42.799], [-0.55, 42.802], [-0.586, 42.799], [-0.74, 42.91], [-0.763, 42.94], [-0.839, 42.948], [-0.934, 42.95], [-1.175, 43.021], [-1.285, 43.06], [-1.302, 43.082], [-1.3, 43.101], [-1.319, 43.097], [-1.353, 43.064], [-1.371, 43.038], [-1.394, 43.033], [-1.429, 43.037], [-1.461, 43.052], [-1.48, 43.071], [-1.459, 43.105], [-1.423, 43.149], [-1.407, 43.197], [-1.411, 43.24], [-1.472, 43.268], [-1.561, 43.279], [-1.627, 43.282], [-1.713, 43.307], [-1.753, 43.325], [-1.793, 43.373], [-1.794, 43.407], [-1.631, 43.438], [-1.485, 43.564], [-1.346, 44.02], [-1.246, 44.56], [-1.171, 44.662], [-1.077, 44.69], [-1.153, 44.764], [-1.2, 44.726], [-1.22, 44.687], [-1.245, 44.667], [-1.189, 45.161], [-1.149, 45.343], [-1.081, 45.532], [-0.942, 45.457], [-0.826, 45.381], [-0.767, 45.314], [-0.691, 45.093], [-0.634, 45.047], [-0.548, 45.001], [-0.582, 45.051], [-0.641, 45.09], [-0.733, 45.385], [-0.791, 45.468], [-0.881, 45.538], [-1.17, 45.686], [-1.196, 45.714], [-1.21, 45.771], [-1.114, 45.769], [-1.032, 45.741], [-1.042, 45.773], [-1.066, 45.806], [-1.104, 45.925], [-1.136, 46.205], [-1.132, 46.253], [-1.146, 46.311], [-1.239, 46.325], [-1.313, 46.327], [-1.392, 46.35], [-1.787, 46.515], [-1.921, 46.685], [-2.059, 46.81], [-2.092, 46.865], [-2.09, 46.921], [-2.019, 47.038], [-2.082, 47.112], [-2.144, 47.126], [-2.197, 47.163], [-2.149, 47.224], [-2.108, 47.263], [-2.028, 47.274], [-1.922, 47.261], [-1.821, 47.225], [-1.743, 47.216], [-1.975, 47.311], [-2.353, 47.279], [-2.434, 47.291], [-2.503, 47.312], [-2.53, 47.382], [-2.476, 47.413], [-2.428, 47.471], [-2.483, 47.512], [-2.554, 47.527], [-2.666, 47.526], [-2.77, 47.514], [-2.797, 47.537], [-2.733, 47.602], [-2.787, 47.626], [-2.859, 47.614], [-2.964, 47.601], [-3.064, 47.621], [-3.159, 47.695], [-3.222, 47.694], [-3.265, 47.685], [-3.329, 47.713], [-3.396, 47.72], [-3.444, 47.711], [-3.508, 47.753], [-3.901, 47.838], [-4.071, 47.848], [-4.226, 47.81], [-4.312, 47.823], [-4.375, 47.877], [-4.428, 47.969], [-4.679, 48.04], [-4.629, 48.086], [-4.512, 48.097], [-4.378, 48.129], [-4.329, 48.17], [-4.435, 48.218], [-4.512, 48.23], [-4.544, 48.247], [-4.577, 48.29], [-4.531, 48.31], [-4.498, 48.299], [-4.403, 48.293], [-4.241, 48.304], [-4.302, 48.347], [-4.364, 48.357], [-4.393, 48.368], [-4.525, 48.372], [-4.585, 48.358], [-4.719, 48.363], [-4.749, 48.41], [-4.763, 48.45], [-4.721, 48.54], [-4.531, 48.62], [-4.059, 48.708], [-3.856, 48.695], [-3.715, 48.71], [-3.546, 48.766], [-3.471, 48.813], [-3.231, 48.841], [-3.003, 48.791], [-2.793, 48.601], [-2.692, 48.537], [-2.446, 48.648], [-2.079, 48.645], [-2.004, 48.582], [-1.973, 48.635], [-1.906, 48.697], [-1.852, 48.669], [-1.825, 48.631], [-1.438, 48.641], [-1.376, 48.653], [-1.48, 48.698], [-1.565, 48.806], [-1.583, 49.202], [-1.69, 49.313], [-1.813, 49.49], [-1.87, 49.595], [-1.875, 49.631], [-1.856, 49.684], [-1.705, 49.681], [-1.588, 49.668], [-1.366, 49.707], [-1.259, 49.68], [-1.265, 49.598], [-1.232, 49.495], [-1.195, 49.445], [-1.139, 49.388], [-0.959, 49.393], [-0.766, 49.36], [-0.521, 49.355], [-0.163, 49.297], [-0.011, 49.33], [0.136, 49.402], [0.417, 49.448], [0.439, 49.473], [0.278, 49.463], [0.129, 49.508], [0.109, 49.558], [0.127, 49.602], [0.187, 49.703], [0.616, 49.863], [0.924, 49.91], [1.246, 49.998], [1.407, 50.089], [1.514, 50.205], [1.548, 50.231], [1.593, 50.252], [1.552, 50.294], [1.579, 50.739], [1.61, 50.819], [1.672, 50.885], [1.768, 50.936], [1.913, 50.991], [2.446, 51.067], [2.525, 51.097], [2.536, 51.05], [2.575, 50.989], [2.601, 50.955], [2.579, 50.912], [2.597, 50.876], [2.669, 50.811], [2.759, 50.751], [2.84, 50.712], [2.862, 50.716], [2.922, 50.727], [3.023, 50.767], [3.107, 50.779], [3.155, 50.749], [3.182, 50.732], [3.235, 50.663], [3.25, 50.591], [3.273, 50.532], [3.316, 50.507], [3.477, 50.499], [3.595, 50.477], [3.627, 50.457], [3.667, 50.325], [3.689, 50.306], [3.719, 50.322], [3.748, 50.344], [3.789, 50.347], [3.858, 50.339], [3.95, 50.336], [4.044, 50.321], [4.175, 50.246], [4.17, 50.222], [4.144, 50.178], [4.135, 50.144], [4.158, 50.13], [4.192, 50.094], [4.184, 50.053], [4.15, 50.024], [4.137, 50], [4.137, 49.984], [4.149, 49.972], [4.176, 49.96], [4.369, 49.945], [4.545, 49.96], [4.656, 50.002], [4.675, 50.047], [4.707, 50.097], [4.773, 50.139], [4.819, 50.153], [4.861, 50.136], [4.79, 49.96], [4.842, 49.915], [4.849, 49.847], [4.868, 49.788], [4.931, 49.789], [5.007, 49.778], [5.061, 49.757], [5.124, 49.721], [5.215, 49.689], [5.279, 49.678], [5.302, 49.651], [5.354, 49.62], [5.435, 49.554], [5.507, 49.511], [5.542, 49.511], [5.61, 49.528], [5.71, 49.539], [5.79, 49.538], [5.823, 49.505], [5.901, 49.49], [5.929, 49.478], [5.959, 49.455], [6.011, 49.445], [6.074, 49.455], [6.12, 49.485], [6.181, 49.499], [6.242, 49.494], [6.277, 49.478], [6.344, 49.453], [6.382, 49.458], [6.458, 49.443], [6.534, 49.395], [6.566, 49.346], [6.575, 49.32], [6.608, 49.291], [6.735, 49.161], [6.776, 49.154], [6.821, 49.174], [6.85, 49.202], [6.891, 49.208], [6.958, 49.195], [7.001, 49.18], [7.022, 49.123], [7.037, 49.113], [7.066, 49.125], [7.117, 49.128], [7.2, 49.114], [7.313, 49.13], [7.404, 49.153], [7.451, 49.152], [7.525, 49.086], [7.611, 49.062], [7.799, 49.042], [8.001, 49.011], [8.081, 48.986], [8.135, 48.974], [8.14, 48.886], [8.124, 48.873], [7.923, 48.699], [7.838, 48.636], [7.795, 48.547], [7.765, 48.41], [7.706, 48.28], [7.617, 48.157], [7.584, 48.064], [7.608, 48.003], [7.593, 47.906], [7.539, 47.774], [7.529, 47.674], [7.565, 47.607], [7.616, 47.593]]], [[[-1.178, 45.904], [-1.214, 45.817], [-1.28, 45.897], [-1.369, 45.968], [-1.389, 46.033], [-1.389, 46.05], [-1.285, 46.003], [-1.178, 45.904]]], [[[45.18, -12.977], [45.118, -12.985], [45.088, -12.958], [45.069, -12.896], [45.088, -12.835], [45.094, -12.786], [45.043, -12.701], [45.092, -12.653], [45.135, -12.709], [45.159, -12.713], [45.223, -12.752], [45.204, -12.824], [45.209, -12.848], [45.179, -12.92], [45.18, -12.977]]], [[[55.797, -21.339], [55.656, -21.369], [55.558, -21.358], [55.363, -21.274], [55.31, -21.217], [55.233, -21.058], [55.25, -21.002], [55.311, -20.904], [55.45, -20.865], [55.596, -20.88], [55.662, -20.906], [55.739, -21.021], [55.839, -21.139], [55.822, -21.278], [55.797, -21.339]]], [[[-60.826, 14.494], [-60.837, 14.437], [-60.862, 14.426], [-60.899, 14.474], [-61.064, 14.467], [-61.089, 14.51], [-61.09, 14.53], [-61.011, 14.602], [-61.104, 14.621], [-61.141, 14.652], [-61.22, 14.804], [-61.213, 14.849], [-61.181, 14.872], [-61.127, 14.875], [-61.027, 14.826], [-60.953, 14.756], [-60.927, 14.755], [-60.919, 14.735], [-60.934, 14.686], [-60.889, 14.645], [-60.87, 14.614], [-60.826, 14.494]]], [[[-61.327, 16.23], [-61.445, 16.219], [-61.522, 16.228], [-61.54, 16.3], [-61.501, 16.36], [-61.529, 16.434], [-61.511, 16.478], [-61.471, 16.507], [-61.406, 16.468], [-61.396, 16.413], [-61.355, 16.363], [-61.173, 16.256], [-61.327, 16.23]]], [[[-61.59, 16.007], [-61.67, 15.962], [-61.71, 15.976], [-61.759, 16.062], [-61.794, 16.301], [-61.767, 16.34], [-61.748, 16.355], [-61.642, 16.326], [-61.597, 16.292], [-61.552, 16.271], [-61.575, 16.227], [-61.564, 16.048], [-61.59, 16.007]]], [[[-61.23, 15.89], [-61.286, 15.886], [-61.311, 15.895], [-61.318, 15.955], [-61.275, 15.996], [-61.25, 16.006], [-61.212, 15.96], [-61.203, 15.921], [-61.23, 15.89]]], [[[-54.616, 2.327], [-54.605, 2.336], [-54.568, 2.343], [-54.536, 2.343], [-54.486, 2.416], [-54.402, 2.462], [-54.257, 2.714], [-54.196, 2.818], [-54.188, 2.875], [-54.171, 2.994], [-54.203, 3.138], [-54.188, 3.179], [-54.063, 3.353], [-54.01, 3.449], [-54.006, 3.531], [-53.99, 3.59], [-54.006, 3.62], [-54.034, 3.629], [-54.082, 3.706], [-54.113, 3.769], [-54.197, 3.834], [-54.256, 3.901], [-54.351, 4.054], [-54.342, 4.14], [-54.369, 4.171], [-54.398, 4.202], [-54.396, 4.241], [-54.416, 4.338], [-54.441, 4.428], [-54.45, 4.485], [-54.426, 4.583], [-54.44, 4.692], [-54.471, 4.749], [-54.48, 4.837], [-54.473, 4.915], [-54.447, 4.959], [-54.452, 5.013], [-54.332, 5.187], [-54.24, 5.288], [-54.156, 5.359], [-54.085, 5.412], [-53.99, 5.676], [-53.92, 5.769], [-53.847, 5.782], [-53.454, 5.563], [-53.27, 5.543], [-52.899, 5.425], [-52.765, 5.273], [-52.454, 5.021], [-52.291, 4.942], [-52.289, 4.876], [-52.325, 4.771], [-52.22, 4.863], [-52.058, 4.717], [-52.012, 4.646], [-51.962, 4.514], [-51.979, 4.43], [-52.002, 4.386], [-52.003, 4.352], [-51.955, 4.399], [-51.928, 4.436], [-51.92, 4.524], [-51.88, 4.634], [-51.828, 4.636], [-51.786, 4.571], [-51.699, 4.287], [-51.666, 4.229], [-51.653, 4.139], [-51.658, 4.098], [-51.653, 4.061], [-51.683, 4.04], [-51.767, 3.993], [-51.805, 3.93], [-51.827, 3.87], [-51.879, 3.829], [-51.929, 3.777], [-51.944, 3.735], [-51.991, 3.702], [-52.0, 3.647], [-52.116, 3.452], [-52.163, 3.365], [-52.229, 3.272], [-52.271, 3.237], [-52.328, 3.182], [-52.357, 3.118], [-52.357, 3.052], [-52.396, 2.972], [-52.418, 2.904], [-52.456, 2.864], [-52.555, 2.648], [-52.559, 2.573], [-52.583, 2.529], [-52.653, 2.426], [-52.701, 2.364], [-52.783, 2.317], [-52.87, 2.267], [-52.903, 2.212], [-52.965, 2.184], [-53.01, 2.182], [-53.082, 2.202], [-53.18, 2.211], [-53.23, 2.205], [-53.252, 2.232], [-53.285, 2.295], [-53.334, 2.34], [-53.366, 2.324], [-53.432, 2.279], [-53.509, 2.253], [-53.564, 2.262], [-53.684, 2.293], [-53.735, 2.309], [-53.75, 2.335], [-53.768, 2.355], [-53.794, 2.346], [-53.83, 2.313], [-53.877, 2.278], [-53.946, 2.233], [-54.09, 2.15], [-54.13, 2.121], [-54.167, 2.137], [-54.228, 2.153], [-54.293, 2.154], [-54.433, 2.208], [-54.515, 2.245], [-54.55, 2.293], [-54.592, 2.314], [-54.616, 2.327]]]]}}, {"type": "Feature", "properties": {"ISO_A2": "MM", "ISO_A3": "MMR", "NAME": "Myanmar", "fillColor": "#FECB00"}, "geometry": {"type": "MultiPolygon", "coordinates": [[[[100.122, 20.317], [100.004, 20.38], [99.954, 20.415], [99.89, 20.424], [99.825, 20.384], [99.773, 20.341], [99.72, 20.325], [99.639, 20.32], [99.532, 20.343], [99.459, 20.363], [99.448, 20.352], [99.487, 20.261], [99.502, 20.188], [99.486, 20.15], [99.452, 20.118], [99.399, 20.093], [99.338, 20.079], [99.284, 20.08], [99.197, 20.115], [99.131, 20.117], [99.074, 20.099], [99.04, 20.074], [99.021, 20.042], [98.987, 19.861], [98.958, 19.805], [98.917, 19.773], [98.876, 19.77], [98.82, 19.778], [98.761, 19.771], [98.494, 19.701], [98.455, 19.694], [98.371, 19.689], [98.294, 19.687], [98.239, 19.691], [98.111, 19.762], [98.049, 19.77], [98.015, 19.75], [97.991, 19.654], [97.916, 19.593], [97.817, 19.46], [97.794, 19.266], [97.804, 19.13], [97.714, 18.996], [97.706, 18.932], [97.754, 18.621], [97.746, 18.588], [97.728, 18.572], [97.672, 18.561], [97.577, 18.529], [97.515, 18.498], [97.485, 18.494], [97.397, 18.518], [97.374, 18.518], [97.381, 18.494], [97.451, 18.36], [97.524, 18.296], [97.599, 18.303], [97.632, 18.29], [97.622, 18.258], [97.652, 18.174], [97.72, 18.037], [97.74, 17.935], [97.699, 17.834], [97.706, 17.797], [97.729, 17.776], [97.793, 17.681], [97.929, 17.533], [98.063, 17.373], [98.175, 17.24], [98.257, 17.148], [98.439, 16.976], [98.471, 16.895], [98.478, 16.732], [98.523, 16.638], [98.565, 16.571], [98.594, 16.515], [98.661, 16.33], [98.689, 16.305], [98.835, 16.418], [98.869, 16.394], [98.888, 16.352], [98.888, 16.298], [98.866, 16.237], [98.818, 16.181], [98.592, 16.051], [98.574, 15.939], [98.558, 15.769], [98.554, 15.56], [98.565, 15.404], [98.557, 15.368], [98.537, 15.351], [98.452, 15.357], [98.329, 15.279], [98.286, 15.272], [98.232, 15.241], [98.191, 15.204], [98.178, 15.147], [98.202, 14.976], [98.246, 14.815], [98.332, 14.696], [98.4, 14.603], [98.495, 14.473], [98.57, 14.36], [98.721, 14.236], [98.934, 14.05], [99.015, 13.947], [99.086, 13.823], [99.137, 13.717], [99.156, 13.576], [99.172, 13.497], [99.176, 13.233], [99.137, 13.173], [99.107, 13.104], [99.124, 13.031], [99.174, 12.961], [99.174, 12.882], [99.22, 12.74], [99.297, 12.653], [99.372, 12.594], [99.405, 12.548], [99.394, 12.474], [99.416, 12.395], [99.432, 12.309], [99.463, 12.19], [99.523, 12.09], [99.615, 11.781], [99.612, 11.75], [99.573, 11.687], [99.515, 11.631], [99.478, 11.613], [99.443, 11.554], [99.359, 11.389], [99.19, 11.105], [99.025, 10.92], [98.887, 10.788], [98.787, 10.708], [98.757, 10.661], [98.757, 10.624], [98.775, 10.557], [98.768, 10.431], [98.747, 10.351], [98.718, 10.266], [98.703, 10.19], [98.658, 10.179], [98.563, 10.035], [98.521, 10.107], [98.497, 10.183], [98.523, 10.353], [98.465, 10.676], [98.501, 10.719], [98.536, 10.741], [98.599, 10.864], [98.676, 10.987], [98.683, 11.133], [98.745, 11.24], [98.73, 11.33], [98.733, 11.435], [98.746, 11.521], [98.741, 11.592], [98.791, 11.665], [98.876, 11.72], [98.84, 11.739], [98.805, 11.779], [98.694, 11.718], [98.636, 11.738], [98.625, 11.801], [98.639, 11.869], [98.645, 11.91], [98.689, 11.957], [98.686, 12.047], [98.664, 12.127], [98.696, 12.225], [98.631, 12.225], [98.6, 12.245], [98.619, 12.3], [98.679, 12.348], [98.624, 12.441], [98.665, 12.54], [98.663, 12.662], [98.636, 12.771], [98.637, 12.848], [98.595, 12.986], [98.576, 13.162], [98.487, 13.293], [98.421, 13.484], [98.245, 13.733], [98.248, 13.84], [98.239, 13.934], [98.2, 13.98], [98.15, 13.648], [98.111, 13.713], [98.098, 13.898], [98.073, 13.986], [98.1, 14.162], [97.998, 14.335], [97.977, 14.461], [97.91, 14.653], [97.929, 14.696], [98.019, 14.653], [97.937, 14.764], [97.869, 14.739], [97.812, 14.859], [97.8, 15.185], [97.744, 15.307], [97.774, 15.431], [97.71, 15.876], [97.584, 16.02], [97.609, 16.144], [97.641, 16.254], [97.634, 16.458], [97.665, 16.52], [97.726, 16.569], [97.668, 16.552], [97.62, 16.537], [97.505, 16.525], [97.376, 16.523], [97.331, 16.672], [97.267, 16.743], [97.212, 16.893], [97.178, 17.062], [97.2, 17.095], [97.1, 17.165], [97.075, 17.207], [96.97, 17.317], [96.851, 17.401], [96.878, 17.342], [96.91, 17.305], [96.851, 17.203], [96.909, 17.031], [96.858, 16.921], [96.811, 16.778], [96.765, 16.71], [96.622, 16.564], [96.507, 16.514], [96.431, 16.505], [96.364, 16.521], [96.282, 16.596], [96.262, 16.659], [96.249, 16.765], [96.22, 16.781], [96.189, 16.768], [96.238, 16.631], [96.237, 16.567], [96.324, 16.444], [96.293, 16.41], [96.135, 16.343], [96.081, 16.353], [96.043, 16.34], [96.032, 16.285], [96.012, 16.254], [95.763, 16.169], [95.711, 16.073], [95.679, 15.977], [95.556, 15.838], [95.39, 15.723], [95.348, 15.729], [95.301, 15.756], [95.308, 15.88], [95.365, 15.985], [95.347, 16.098], [95.333, 16.033], [95.226, 15.877], [95.177, 15.826], [95.078, 15.839], [94.943, 15.818], [94.891, 15.979], [94.892, 16.038], [94.882, 16.088], [94.898, 16.141], [94.893, 16.183], [94.86, 16.102], [94.848, 16.033], [94.798, 15.971], [94.662, 15.904], [94.656, 15.989], [94.651, 16.065], [94.681, 16.133], [94.677, 16.242], [94.72, 16.399], [94.717, 16.452], [94.703, 16.512], [94.679, 16.426], [94.665, 16.336], [94.638, 16.309], [94.588, 16.289], [94.496, 16.186], [94.442, 16.094], [94.299, 16.008], [94.224, 16.016], [94.214, 16.127], [94.271, 16.517], [94.327, 16.572], [94.353, 16.64], [94.4, 16.868], [94.452, 16.954], [94.473, 17.135], [94.494, 17.167], [94.564, 17.309], [94.589, 17.569], [94.56, 17.699], [94.494, 17.825], [94.431, 18.202], [94.266, 18.507], [94.252, 18.609], [94.171, 18.732], [94.246, 18.741], [94.091, 18.849], [94.07, 18.893], [94.039, 19.146], [94.045, 19.287], [94.022, 19.269], [94.002, 19.182], [93.941, 19.146], [93.968, 18.995], [93.961, 18.958], [93.929, 18.9], [93.8, 18.961], [93.705, 19.027], [93.598, 19.188], [93.493, 19.369], [93.531, 19.398], [93.579, 19.401], [93.728, 19.267], [93.825, 19.238], [93.886, 19.272], [93.962, 19.329], [93.998, 19.441], [93.961, 19.482], [93.888, 19.504], [93.84, 19.534], [93.77, 19.61], [93.761, 19.648], [93.74, 19.697], [93.669, 19.732], [93.612, 19.776], [93.66, 19.854], [93.707, 19.912], [93.582, 19.91], [93.439, 20.009], [93.41, 20.038], [93.362, 20.058], [93.25, 20.07], [93.157, 20.041], [93.199, 19.898], [93.191, 19.851], [93.129, 19.858], [93.002, 20.075], [93.04, 20.13], [93.096, 20.181], [93.068, 20.189], [93.015, 20.185], [93.067, 20.378], [93.035, 20.406], [93.019, 20.346], [92.991, 20.288], [92.882, 20.152], [92.828, 20.178], [92.791, 20.211], [92.844, 20.283], [92.872, 20.302], [92.891, 20.34], [92.851, 20.415], [92.787, 20.469], [92.736, 20.563], [92.709, 20.564], [92.733, 20.453], [92.723, 20.296], [92.608, 20.47], [92.378, 20.718], [92.324, 20.792], [92.312, 20.864], [92.286, 20.932], [92.268, 21.005], [92.264, 21.061], [92.215, 21.113], [92.192, 21.202], [92.18, 21.293], [92.208, 21.358], [92.28, 21.428], [92.331, 21.44], [92.373, 21.409], [92.472, 21.363], [92.539, 21.32], [92.569, 21.263], [92.6, 21.27], [92.632, 21.306], [92.625, 21.351], [92.593, 21.467], [92.584, 21.609], [92.583, 21.94], [92.575, 21.978], [92.63, 22.011], [92.653, 22.049], [92.675, 22.106], [92.689, 22.131], [92.721, 22.132], [92.771, 22.105], [92.854, 22.01], [92.909, 21.989], [92.965, 22.004], [93.022, 22.146], [93.043, 22.184], [93.071, 22.209], [93.121, 22.205], [93.151, 22.231], [93.162, 22.292], [93.162, 22.36], [93.105, 22.547], [93.088, 22.633], [93.079, 22.718], [93.114, 22.806], [93.162, 22.908], [93.151, 22.997], [93.164, 23.032], [93.204, 23.037], [93.254, 23.015], [93.308, 23.03], [93.349, 23.085], [93.366, 23.133], [93.391, 23.339], [93.408, 23.528], [93.415, 23.682], [93.373, 23.774], [93.307, 24.022], [93.326, 24.064], [93.356, 24.074], [93.452, 23.987], [93.494, 23.973], [93.564, 23.986], [93.633, 24.005], [93.683, 24.007], [93.756, 23.977], [93.855, 23.944], [94.011, 23.903], [94.075, 23.872], [94.128, 23.876], [94.17, 23.973], [94.22, 24.113], [94.293, 24.322], [94.377, 24.474], [94.399, 24.514], [94.493, 24.638], [94.584, 24.767], [94.663, 24.931], [94.708, 25.049], [94.704, 25.098], [94.675, 25.139], [94.616, 25.165], [94.567, 25.192], [94.553, 25.216], [94.554, 25.243], [94.58, 25.32], [94.623, 25.41], [94.668, 25.459], [94.786, 25.519], [94.861, 25.597], [94.946, 25.7], [94.992, 25.77], [95.015, 25.913], [95.041, 25.941], [95.093, 25.987], [95.132, 26.041], [95.129, 26.07], [95.108, 26.091], [95.069, 26.191], [95.051, 26.347], [95.06, 26.474], [95.089, 26.525], [95.129, 26.597], [95.201, 26.641], [95.305, 26.672], [95.464, 26.756], [95.738, 26.95], [95.837, 27.014], [95.905, 27.047], [95.971, 27.128], [96.061, 27.217], [96.191, 27.261], [96.274, 27.278], [96.666, 27.339], [96.732, 27.331], [96.798, 27.296], [96.88, 27.178], [96.953, 27.133], [97.038, 27.102], [97.102, 27.115], [97.104, 27.163], [96.902, 27.44], [96.884, 27.515], [96.877, 27.587], [96.9, 27.644], [96.963, 27.698], [97.05, 27.76], [97.158, 27.837], [97.226, 27.89], [97.306, 27.907], [97.335, 27.938], [97.344, 27.982], [97.339, 28.031], [97.303, 28.086], [97.31, 28.155], [97.322, 28.218], [97.356, 28.254], [97.431, 28.354], [97.478, 28.426], [97.502, 28.456], [97.538, 28.51], [97.599, 28.517], [97.659, 28.5], [97.695, 28.469], [97.73, 28.407], [97.769, 28.356], [97.817, 28.356], [97.865, 28.364], [97.888, 28.356], [97.934, 28.314], [98.022, 28.212], [98.062, 28.186], [98.099, 28.142], [98.118, 28.055], [98.13, 27.968], [98.241, 27.663], [98.274, 27.599], [98.299, 27.55], [98.35, 27.538], [98.392, 27.587], [98.409, 27.639], [98.453, 27.657], [98.504, 27.648], [98.6, 27.599], [98.651, 27.572], [98.677, 27.422], [98.682, 27.245], [98.675, 27.191], [98.717, 27.045], [98.729, 26.877], [98.738, 26.786], [98.739, 26.698], [98.732, 26.583], [98.709, 26.43], [98.672, 26.299], [98.686, 26.189], [98.663, 26.139], [98.572, 26.114], [98.564, 26.072], [98.591, 26.004], [98.655, 25.918], [98.656, 25.864], [98.625, 25.827], [98.558, 25.823], [98.466, 25.789], [98.402, 25.678], [98.334, 25.587], [98.297, 25.569], [98.173, 25.595], [98.143, 25.571], [98.1, 25.416], [98.064, 25.349], [98.011, 25.293], [97.962, 25.259], [97.918, 25.236], [97.82, 25.252], [97.767, 25.158], [97.715, 25.034], [97.711, 24.97], [97.738, 24.87], [97.724, 24.842], [97.671, 24.82], [97.583, 24.775], [97.529, 24.631], [97.531, 24.492], [97.563, 24.444], [97.624, 24.423], [97.667, 24.38], [97.671, 24.313], [97.708, 24.229], [97.691, 24.131], [97.568, 23.988], [97.565, 23.911], [97.63, 23.887], [97.686, 23.898], [97.756, 23.932], [97.838, 23.986], [98.017, 24.065], [98.213, 24.111], [98.367, 24.119], [98.499, 24.116], [98.564, 24.099], [98.583, 24.07], [98.764, 24.116], [98.802, 24.119], [98.835, 24.121], [98.834, 24.091], [98.702, 23.964], [98.677, 23.905], [98.681, 23.842], [98.735, 23.783], [98.788, 23.738], [98.832, 23.624], [98.798, 23.52], [98.82, 23.483], [98.859, 23.44], [98.883, 23.38], [98.886, 23.307], [98.864, 23.191], [99.055, 23.131], [99.22, 23.103], [99.341, 23.096], [99.418, 23.069], [99.465, 23.046], [99.497, 23.005], [99.507, 22.959], [99.467, 22.927], [99.385, 22.825], [99.338, 22.689], [99.343, 22.587], [99.338, 22.498], [99.243, 22.37], [99.205, 22.283], [99.172, 22.192], [99.173, 22.153], [99.193, 22.126], [99.233, 22.11], [99.303, 22.101], [99.389, 22.111], [99.593, 22.089], [99.825, 22.05], [99.918, 22.028], [99.948, 21.988], [99.94, 21.902], [99.926, 21.821], [99.941, 21.759], [99.978, 21.702], [100.041, 21.683], [100.096, 21.661], [100.106, 21.617], [100.089, 21.558], [100.117, 21.511], [100.148, 21.481], [100.215, 21.463], [100.351, 21.501], [100.446, 21.484], [100.531, 21.458], [100.605, 21.472], [100.677, 21.505], [100.835, 21.655], [101.019, 21.736], [101.08, 21.756], [101.121, 21.746], [101.131, 21.736], [101.128, 21.705], [101.147, 21.582], [101.139, 21.567], [101.08, 21.469], [100.928, 21.366], [100.82, 21.314], [100.757, 21.313], [100.703, 21.251], [100.659, 21.13], [100.614, 21.059], [100.567, 21.038], [100.536, 20.992], [100.522, 20.922], [100.549, 20.884], [100.618, 20.879], [100.623, 20.86], [100.565, 20.825], [100.493, 20.813], [100.407, 20.823], [100.326, 20.796], [100.249, 20.73], [100.184, 20.589], [100.13, 20.372], [100.122, 20.317]]], [[[98.21, 10.953], [98.293, 10.78], [98.284, 10.753], [98.271, 10.74], [98.252, 10.744], [98.218, 10.838], [98.155, 10.898], [98.08, 10.887], [98.143, 10.963], [98.167, 10.98], [98.21, 10.953]]], [[[98.183, 9.933], [98.134, 9.875], [98.118, 9.878], [98.14, 9.975], [98.221, 10.045], [98.292, 10.051], [98.283, 10.008], [98.231, 9.954], [98.183, 9.933]]], [[[98.222, 11.478], [98.216, 11.456], [98.209, 11.457], [98.187, 11.472], [98.201, 11.567], [98.239, 11.645], [98.278, 11.758], [98.3, 11.783], [98.308, 11.723], [98.284, 11.594], [98.263, 11.524], [98.222, 11.478]]], [[[98.516, 11.905], [98.474, 11.899], [98.454, 12.061], [98.466, 12.084], [98.525, 12.005], [98.61, 11.957], [98.576, 11.925], [98.516, 11.905]]], [[[98.554, 11.745], [98.528, 11.539], [98.465, 11.567], [98.435, 11.567], [98.397, 11.684], [98.4, 11.715], [98.376, 11.792], [98.524, 11.805], [98.554, 11.745]]], [[[98.414, 12.598], [98.436, 12.571], [98.468, 12.571], [98.459, 12.474], [98.381, 12.354], [98.334, 12.336], [98.314, 12.336], [98.331, 12.511], [98.303, 12.612], [98.312, 12.678], [98.396, 12.647], [98.414, 12.598]]], [[[98.137, 12.15], [98.125, 12.145], [98.108, 12.148], [98.075, 12.164], [98.037, 12.232], [98.057, 12.28], [98.071, 12.292], [98.105, 12.288], [98.122, 12.279], [98.128, 12.261], [98.118, 12.223], [98.12, 12.191], [98.137, 12.15]]], [[[94.477, 15.946], [94.412, 15.848], [94.388, 15.994], [94.494, 16.075], [94.546, 16.153], [94.601, 16.206], [94.619, 16.141], [94.566, 16.019], [94.477, 15.946]]], [[[97.575, 16.253], [97.537, 16.24], [97.48, 16.306], [97.469, 16.461], [97.516, 16.497], [97.542, 16.505], [97.579, 16.486], [97.593, 16.461], [97.6, 16.43], [97.589, 16.397], [97.575, 16.253]]], [[[93.691, 18.684], [93.674, 18.676], [93.57, 18.76], [93.487, 18.868], [93.618, 18.889], [93.745, 18.866], [93.746, 18.808], [93.718, 18.716], [93.691, 18.684]]], [[[93.492, 19.893], [93.513, 19.755], [93.445, 19.806], [93.42, 19.878], [93.413, 19.95], [93.492, 19.893]]], [[[93.715, 19.558], [93.829, 19.475], [93.875, 19.481], [93.946, 19.429], [93.947, 19.408], [93.934, 19.365], [93.902, 19.332], [93.815, 19.299], [93.756, 19.326], [93.732, 19.416], [93.662, 19.459], [93.644, 19.495], [93.688, 19.544], [93.715, 19.558]]], [[[98.542, 10.962], [98.519, 10.959], [98.498, 10.964], [98.477, 10.98], [98.527, 11.087], [98.542, 10.962]]], [[[98.075, 11.692], [98.084, 11.637], [98.021, 11.696], [98.01, 11.86], [98.06, 11.757], [98.081, 11.733], [98.075, 11.692]]], [[[98.066, 12.39], [98.06, 12.354], [98.002, 12.279], [97.952, 12.322], [97.939, 12.346], [97.99, 12.394], [98.045, 12.387], [98.06, 12.398], [98.066, 12.39]]], [[[98.315, 13.099], [98.309, 12.935], [98.259, 13.014], [98.251, 13.104], [98.255, 13.189], [98.265, 13.202], [98.269, 13.189], [98.299, 13.152], [98.315, 13.099]]], [[[94.805, 15.819], [94.784, 15.794], [94.743, 15.812], [94.733, 15.823], [94.828, 15.933], [94.838, 15.892], [94.805, 15.819]]], [[[93.01, 19.924], [93.023, 19.829], [92.975, 19.868], [92.913, 20.0], [92.915, 20.086], [92.96, 20.046], [93.01, 19.924]]]]}}, {"type": "Feature", "properties": {"ISO_A2": "VN", "ISO_A3": "VNM", "NAME": "Vietnam", "fillColor": "#DA251D"}, "geometry": {"type": "MultiPolygon", "coordinates": [[[[104.064, 10.391], [104.083, 10.341], [104.076, 10.225], [104.037, 10.111], [104.048, 10.061], [104.018, 10.029], [103.952, 10.243], [103.868, 10.335], [103.85, 10.371], [103.898, 10.369], [103.986, 10.427], [104.028, 10.428], [104.064, 10.391]]], [[[107.973, 21.508], [107.926, 21.499], [107.809, 21.497], [107.707, 21.406], [107.637, 21.368], [107.527, 21.336], [107.41, 21.285], [107.376, 21.194], [107.373, 21.128], [107.354, 21.055], [107.165, 20.949], [107.112, 20.96], [107.075, 20.999], [107.019, 20.991], [106.981, 20.971], [106.936, 20.974], [106.886, 20.95], [106.821, 20.958], [106.76, 20.991], [106.725, 21.0], [106.683, 21.0], [106.675, 20.96], [106.737, 20.806], [106.753, 20.735], [106.551, 20.527], [106.573, 20.392], [106.518, 20.289], [106.396, 20.206], [106.166, 19.992], [106.062, 19.987], [105.984, 19.939], [105.814, 19.587], [105.812, 19.467], [105.785, 19.379], [105.791, 19.294], [105.716, 19.128], [105.639, 19.057], [105.622, 18.966], [105.732, 18.779], [105.744, 18.746], [105.808, 18.646], [105.839, 18.574], [105.888, 18.502], [106.066, 18.316], [106.145, 18.259], [106.24, 18.221], [106.412, 18.053], [106.499, 17.946], [106.459, 17.874], [106.479, 17.72], [106.356, 17.765], [106.371, 17.747], [106.517, 17.663], [106.736, 17.367], [106.926, 17.221], [107.12, 17.056], [107.18, 16.898], [107.355, 16.794], [107.549, 16.643], [107.541, 16.609], [107.593, 16.568], [107.724, 16.488], [107.803, 16.403], [107.834, 16.322], [107.882, 16.31], [107.936, 16.329], [107.991, 16.337], [108.029, 16.331], [108.088, 16.243], [108.17, 16.164], [108.209, 16.091], [108.241, 16.101], [108.267, 16.09], [108.274, 16.029], [108.286, 15.989], [108.395, 15.872], [108.447, 15.763], [108.578, 15.585], [108.674, 15.484], [108.743, 15.427], [108.821, 15.378], [108.898, 15.181], [108.94, 15.001], [109.022, 14.803], [109.085, 14.716], [109.087, 14.553], [109.137, 14.384], [109.191, 14.27], [109.207, 14.154], [109.224, 14.097], [109.245, 14.053], [109.303, 13.856], [109.288, 13.765], [109.247, 13.855], [109.252, 13.591], [109.288, 13.451], [109.272, 13.279], [109.31, 13.219], [109.377, 13.025], [109.424, 12.956], [109.42, 12.719], [109.445, 12.6], [109.381, 12.671], [109.336, 12.752], [109.274, 12.709], [109.219, 12.646], [109.305, 12.391], [109.207, 12.415], [109.216, 12.073], [109.256, 11.993], [109.259, 11.955], [109.247, 11.909], [109.22, 11.959], [109.215, 12.01], [109.199, 11.999], [109.2, 11.972], [109.167, 11.912], [109.158, 11.837], [109.193, 11.773], [109.199, 11.725], [109.173, 11.665], [109.133, 11.601], [109.04, 11.593], [109.018, 11.468], [108.987, 11.336], [108.821, 11.315], [108.7, 11.199], [108.551, 11.156], [108.419, 11.041], [108.272, 10.934], [108.176, 10.92], [108.095, 10.897], [108.001, 10.72], [107.845, 10.7], [107.564, 10.555], [107.47, 10.486], [107.384, 10.459], [107.262, 10.398], [107.235, 10.42], [107.194, 10.472], [107.088, 10.498], [107.036, 10.556], [107.021, 10.631], [107.007, 10.661], [106.984, 10.618], [106.966, 10.441], [106.947, 10.4], [106.902, 10.383], [106.813, 10.433], [106.727, 10.536], [106.606, 10.465], [106.643, 10.456], [106.698, 10.462], [106.741, 10.444], [106.778, 10.376], [106.776, 10.339], [106.757, 10.296], [106.644, 10.289], [106.492, 10.304], [106.464, 10.298], [106.602, 10.232], [106.729, 10.193], [106.785, 10.151], [106.785, 10.116], [106.714, 10.06], [106.659, 9.991], [106.658, 9.949], [106.657, 9.901], [106.596, 9.86], [106.557, 9.868], [106.449, 9.94], [106.136, 10.222], [106.184, 10.142], [106.507, 9.821], [106.564, 9.716], [106.572, 9.641], [106.539, 9.604], [106.484, 9.559], [106.378, 9.556], [106.204, 9.675], [105.926, 9.962], [105.831, 10.001], [106.112, 9.674], [106.159, 9.594], [106.206, 9.502], [106.193, 9.448], [106.168, 9.397], [105.501, 9.093], [105.401, 8.962], [105.322, 8.801], [105.191, 8.711], [105.114, 8.629], [104.892, 8.583], [104.77, 8.598], [104.896, 8.747], [104.819, 8.802], [104.815, 9.185], [104.845, 9.606], [104.903, 9.816], [104.987, 9.869], [105.093, 9.901], [105.095, 9.945], [105.084, 9.996], [105.028, 10.067], [104.966, 10.101], [104.873, 10.115], [104.802, 10.203], [104.748, 10.199], [104.663, 10.17], [104.613, 10.208], [104.594, 10.267], [104.516, 10.34], [104.426, 10.411], [104.467, 10.422], [104.514, 10.463], [104.564, 10.516], [104.69, 10.523], [104.815, 10.521], [104.851, 10.534], [104.901, 10.59], [104.984, 10.662], [105.046, 10.702], [105.061, 10.734], [105.036, 10.809], [105.022, 10.887], [105.046, 10.911], [105.159, 10.898], [105.284, 10.861], [105.315, 10.845], [105.387, 10.94], [105.406, 10.952], [105.453, 10.951], [105.577, 10.969], [105.698, 10.994], [105.755, 10.99], [105.811, 10.926], [105.853, 10.864], [105.875, 10.858], [105.938, 10.885], [105.99, 10.852], [106.099, 10.797], [106.164, 10.795], [106.132, 10.922], [106.168, 11.012], [106.161, 11.037], [106.1, 11.079], [105.892, 11.245], [105.856, 11.294], [105.861, 11.372], [105.854, 11.487], [105.835, 11.559], [105.838, 11.601], [105.851, 11.635], [105.89, 11.648], [105.927, 11.653], [105.956, 11.682], [106.006, 11.758], [106.103, 11.751], [106.239, 11.708], [106.34, 11.682], [106.399, 11.687], [106.412, 11.698], [106.411, 11.738], [106.418, 11.912], [106.414, 11.948], [106.5, 11.966], [106.631, 11.969], [106.7, 11.979], [106.765, 12.052], [106.931, 12.077], [107.051, 12.176], [107.159, 12.277], [107.212, 12.304], [107.28, 12.322], [107.33, 12.319], [107.393, 12.26], [107.446, 12.296], [107.506, 12.365], [107.538, 12.432], [107.555, 12.54], [107.544, 12.706], [107.512, 12.836], [107.482, 12.933], [107.475, 13.03], [107.546, 13.225], [107.605, 13.438], [107.594, 13.522], [107.529, 13.654], [107.462, 13.816], [107.389, 13.993], [107.362, 14.019], [107.343, 14.069], [107.331, 14.127], [107.36, 14.308], [107.364, 14.369], [107.448, 14.451], [107.493, 14.546], [107.535, 14.65], [107.519, 14.705], [107.514, 14.817], [107.525, 14.872], [107.505, 14.916], [107.48, 14.98], [107.496, 15.021], [107.555, 15.057], [107.59, 15.118], [107.634, 15.19], [107.653, 15.255], [107.622, 15.31], [107.564, 15.392], [107.46, 15.466], [107.339, 15.56], [107.279, 15.619], [107.233, 15.678], [107.19, 15.747], [107.166, 15.802], [107.189, 15.839], [107.361, 15.922], [107.392, 15.952], [107.41, 15.998], [107.396, 16.043], [107.35, 16.067], [107.296, 16.084], [107.217, 16.136], [107.07, 16.28], [107.002, 16.312], [106.931, 16.353], [106.893, 16.397], [106.851, 16.516], [106.832, 16.526], [106.792, 16.49], [106.74, 16.453], [106.696, 16.459], [106.656, 16.493], [106.638, 16.538], [106.594, 16.6], [106.546, 16.651], [106.534, 16.821], [106.526, 16.877], [106.502, 16.954], [106.465, 16.982], [106.426, 17.003], [106.333, 17.144], [106.27, 17.217], [106.006, 17.415], [105.974, 17.447], [105.903, 17.529], [105.779, 17.644], [105.691, 17.738], [105.627, 17.834], [105.598, 17.918], [105.588, 17.984], [105.519, 18.077], [105.458, 18.154], [105.4, 18.179], [105.333, 18.19], [105.273, 18.235], [105.163, 18.339], [105.115, 18.405], [105.086, 18.45], [105.087, 18.496], [105.113, 18.573], [105.145, 18.617], [105.146, 18.651], [105.115, 18.679], [104.993, 18.728], [104.717, 18.803], [104.613, 18.861], [104.518, 18.934], [104.446, 18.984], [104.109, 19.196], [104.006, 19.231], [103.918, 19.269], [103.892, 19.305], [103.896, 19.34], [103.932, 19.366], [104.028, 19.42], [104.063, 19.483], [104.052, 19.564], [104.013, 19.646], [104.032, 19.675], [104.063, 19.678], [104.127, 19.681], [104.26, 19.685], [104.546, 19.611], [104.588, 19.619], [104.743, 19.755], [104.802, 19.836], [104.815, 19.904], [104.846, 19.947], [104.928, 20.018], [104.929, 20.083], [104.889, 20.169], [104.848, 20.202], [104.813, 20.217], [104.699, 20.205], [104.677, 20.225], [104.662, 20.289], [104.656, 20.329], [104.619, 20.375], [104.496, 20.414], [104.392, 20.425], [104.368, 20.441], [104.408, 20.486], [104.479, 20.53], [104.533, 20.555], [104.575, 20.6], [104.583, 20.647], [104.53, 20.688], [104.461, 20.734], [104.35, 20.821], [104.195, 20.914], [104.101, 20.946], [104.052, 20.941], [103.882, 20.861], [103.791, 20.81], [103.714, 20.717], [103.635, 20.697], [103.555, 20.738], [103.464, 20.78], [103.211, 20.841], [103.104, 20.892], [102.884, 21.203], [102.851, 21.266], [102.872, 21.337], [102.888, 21.44], [102.91, 21.506], [102.949, 21.57], [102.959, 21.626], [102.95, 21.681], [102.918, 21.713], [102.876, 21.722], [102.845, 21.735], [102.816, 21.807], [102.798, 21.798], [102.771, 21.71], [102.739, 21.678], [102.695, 21.662], [102.662, 21.676], [102.641, 21.711], [102.631, 21.771], [102.61, 21.852], [102.583, 21.904], [102.487, 21.958], [102.443, 22.027], [102.301, 22.178], [102.183, 22.284], [102.127, 22.379], [102.176, 22.415], [102.237, 22.466], [102.302, 22.546], [102.376, 22.647], [102.406, 22.708], [102.428, 22.733], [102.471, 22.751], [102.517, 22.741], [102.599, 22.7], [102.721, 22.648], [102.83, 22.587], [102.874, 22.525], [102.935, 22.466], [102.982, 22.448], [103.005, 22.453], [103.076, 22.498], [103.136, 22.542], [103.138, 22.593], [103.193, 22.639], [103.266, 22.714], [103.301, 22.764], [103.327, 22.77], [103.356, 22.755], [103.471, 22.597], [103.493, 22.588], [103.525, 22.612], [103.571, 22.734], [103.62, 22.782], [103.637, 22.77], [103.915, 22.538], [103.942, 22.54], [103.971, 22.55], [103.991, 22.586], [104.013, 22.666], [104.054, 22.752], [104.143, 22.8], [104.213, 22.809], [104.238, 22.769], [104.298, 22.712], [104.372, 22.704], [104.527, 22.804], [104.578, 22.82], [104.632, 22.818], [104.687, 22.822], [104.74, 22.86], [104.796, 22.911], [104.815, 23.011], [104.827, 23.1], [104.865, 23.136], [104.91, 23.161], [104.996, 23.194], [105.189, 23.281], [105.239, 23.322], [105.275, 23.345], [105.35, 23.308], [105.44, 23.235], [105.495, 23.181], [105.531, 23.122], [105.548, 23.073], [105.691, 23.03], [105.782, 22.969], [105.843, 22.923], [105.903, 22.925], [105.962, 22.937], [106.001, 22.975], [106.068, 22.976], [106.148, 22.97], [106.184, 22.955], [106.249, 22.869], [106.279, 22.857], [106.338, 22.863], [106.451, 22.894], [106.542, 22.908], [106.624, 22.874], [106.78, 22.779], [106.736, 22.711], [106.702, 22.638], [106.633, 22.586], [106.582, 22.573], [106.55, 22.501], [106.536, 22.395], [106.554, 22.342], [106.593, 22.325], [106.637, 22.289], [106.654, 22.241], [106.66, 22.136], [106.658, 22.018], [106.664, 21.979], [106.698, 21.986], [106.729, 22.0], [106.794, 21.982], [106.875, 21.951], [106.925, 21.92], [106.971, 21.924], [107.006, 21.893], [107.02, 21.835], [107.062, 21.794], [107.179, 21.717], [107.272, 21.711], [107.351, 21.609], [107.433, 21.642], [107.471, 21.598], [107.641, 21.614], [107.759, 21.655], [107.802, 21.645], [107.908, 21.56], [107.973, 21.508]]], [[[106.617, 8.683], [106.589, 8.681], [106.568, 8.701], [106.659, 8.766], [106.65, 8.723], [106.653, 8.701], [106.617, 8.683]]], [[[107.168, 10.397], [107.084, 10.337], [107.078, 10.387], [107.151, 10.42], [107.177, 10.446], [107.195, 10.446], [107.168, 10.397]]], [[[106.866, 20.816], [106.854, 20.796], [106.803, 20.844], [106.769, 20.864], [106.795, 20.928], [106.855, 20.858], [106.866, 20.816]]], [[[107.603, 21.217], [107.459, 21.092], [107.404, 21.094], [107.453, 21.235], [107.476, 21.269], [107.563, 21.22], [107.603, 21.217]]], [[[107.521, 20.927], [107.466, 20.901], [107.399, 20.903], [107.479, 20.952], [107.519, 21.013], [107.551, 21.034], [107.551, 20.981], [107.521, 20.927]]], [[[107.031, 20.747], [106.99, 20.743], [106.911, 20.824], [106.953, 20.867], [107.044, 20.837], [107.064, 20.817], [107.064, 20.8], [107.042, 20.761], [107.031, 20.747]]]]}}, {"type": "Feature", "properties": {"ISO_A2": "ES", "ISO_A3": "ESP", "NAME": "Spain", "fillColor": "#AA151B"}, "geometry": {"type": "MultiPolygon", "coordinates": [[[[1.594, 38.672], [1.571, 38.659], [1.505, 38.671], [1.406, 38.671], [1.402, 38.711], [1.417, 38.74], [1.436, 38.768], [1.497, 38.712], [1.593, 38.701], [1.594, 38.672]]], [[[3.145, 39.79], [3.241, 39.757], [3.342, 39.787], [3.396, 39.777], [3.449, 39.761], [3.462, 39.698], [3.415, 39.627], [3.349, 39.556], [3.293, 39.477], [3.245, 39.387], [3.155, 39.333], [3.073, 39.301], [2.9, 39.368], [2.8, 39.385], [2.77, 39.41], [2.746, 39.51], [2.701, 39.542], [2.634, 39.556], [2.576, 39.531], [2.5, 39.478], [2.459, 39.53], [2.394, 39.54], [2.37, 39.572], [2.371, 39.613], [2.785, 39.855], [2.905, 39.908], [3.159, 39.971], [3.198, 39.961], [3.164, 39.924], [3.167, 39.908], [3.199, 39.89], [3.191, 39.861], [3.159, 39.837], [3.145, 39.79]]], [[[4.294, 39.842], [4.275, 39.83], [3.968, 39.946], [3.867, 39.959], [3.843, 39.976], [3.845, 40.036], [3.853, 40.063], [4.059, 40.075], [4.226, 40.032], [4.315, 39.917], [4.322, 39.898], [4.294, 39.842]]], [[[1.445, 38.919], [1.409, 38.857], [1.257, 38.879], [1.223, 38.904], [1.256, 38.973], [1.3, 38.982], [1.303, 39.031], [1.349, 39.081], [1.564, 39.121], [1.613, 39.087], [1.624, 39.039], [1.495, 38.933], [1.445, 38.919]]], [[[-1.794, 43.407], [-1.793, 43.373], [-1.753, 43.325], [-1.713, 43.307], [-1.627, 43.282], [-1.561, 43.279], [-1.472, 43.268], [-1.411, 43.24], [-1.407, 43.197], [-1.423, 43.149], [-1.459, 43.105], [-1.48, 43.071], [-1.461, 43.052], [-1.429, 43.037], [-1.394, 43.033], [-1.371, 43.038], [-1.353, 43.064], [-1.319, 43.097], [-1.3, 43.101], [-1.302, 43.082], [-1.285, 43.06], [-1.175, 43.021], [-0.934, 42.95], [-0.839, 42.948], [-0.763, 42.94], [-0.74, 42.91], [-0.586, 42.799], [-0.55, 42.802], [-0.481, 42.799], [-0.398, 42.808], [-0.339, 42.829], [-0.299, 42.825], [-0.256, 42.804], [-0.205, 42.785], [-0.14, 42.749], [-0.081, 42.704], [-0.041, 42.689], [0.201, 42.719], [0.255, 42.693], [0.313, 42.693], [0.377, 42.7], [0.518, 42.686], [0.632, 42.69], [0.642, 42.701], [0.652, 42.8], [0.67, 42.836], [0.697, 42.845], [0.764, 42.838], [1.01, 42.779], [1.111, 42.742], [1.208, 42.713], [1.293, 42.71], [1.349, 42.691], [1.428, 42.596], [1.415, 42.548], [1.422, 42.531], [1.43, 42.498], [1.428, 42.461], [1.449, 42.437], [1.486, 42.434], [1.534, 42.442], [1.586, 42.456], [1.679, 42.497], [1.706, 42.503], [1.86, 42.457], [1.928, 42.426], [1.951, 42.393], [1.987, 42.358], [2.033, 42.354], [2.098, 42.386], [2.2, 42.421], [2.374, 42.39], [2.568, 42.346], [2.652, 42.34], [2.655, 42.362], [2.67, 42.393], [2.702, 42.408], [2.749, 42.413], [2.816, 42.429], [2.891, 42.456], [2.97, 42.467], [3.053, 42.447], [3.152, 42.431], [3.211, 42.431], [3.24, 42.368], [3.288, 42.344], [3.307, 42.289], [3.219, 42.26], [3.166, 42.256], [3.15, 42.162], [3.175, 42.136], [3.225, 42.111], [3.238, 42.082], [3.248, 41.944], [3.147, 41.861], [3.005, 41.767], [2.311, 41.467], [2.146, 41.321], [2.083, 41.287], [1.567, 41.196], [1.206, 41.098], [1.033, 41.062], [0.817, 40.892], [0.715, 40.823], [0.796, 40.804], [0.891, 40.722], [0.859, 40.686], [0.721, 40.63], [0.66, 40.613], [0.627, 40.622], [0.596, 40.615], [0.364, 40.319], [0.158, 40.107], [0.043, 40.014], [-0.075, 39.876], [-0.327, 39.52], [-0.329, 39.417], [-0.205, 39.063], [-0.134, 38.969], [-0.034, 38.891], [0.155, 38.825], [0.202, 38.759], [0.136, 38.697], [-0.053, 38.586], [-0.381, 38.436], [-0.521, 38.317], [-0.551, 38.203], [-0.647, 38.152], [-0.683, 37.992], [-0.742, 37.886], [-0.753, 37.85], [-0.815, 37.77], [-0.823, 37.712], [-0.722, 37.631], [-0.772, 37.596], [-0.822, 37.581], [-0.938, 37.571], [-1.328, 37.561], [-1.641, 37.387], [-1.798, 37.233], [-1.939, 36.946], [-2.112, 36.777], [-2.188, 36.745], [-2.306, 36.82], [-2.453, 36.831], [-2.596, 36.806], [-2.671, 36.748], [-2.788, 36.715], [-2.902, 36.743], [-3.149, 36.758], [-3.259, 36.756], [-3.431, 36.708], [-3.579, 36.74], [-3.828, 36.756], [-4.367, 36.718], [-4.435, 36.7], [-4.502, 36.629], [-4.674, 36.506], [-4.935, 36.502], [-5.171, 36.424], [-5.231, 36.374], [-5.33, 36.236], [-5.361, 36.135], [-5.382, 36.134], [-5.407, 36.159], [-5.444, 36.151], [-5.463, 36.074], [-5.551, 36.039], [-5.625, 36.026], [-5.808, 36.088], [-5.961, 36.182], [-6.041, 36.188], [-6.17, 36.334], [-6.226, 36.426], [-6.266, 36.527], [-6.258, 36.565], [-6.269, 36.597], [-6.384, 36.637], [-6.412, 36.729], [-6.328, 36.848], [-6.259, 36.899], [-6.217, 36.914], [-6.321, 36.908], [-6.396, 36.832], [-6.492, 36.955], [-6.885, 37.194], [-6.859, 37.249], [-6.864, 37.279], [-6.929, 37.215], [-6.975, 37.198], [-7.175, 37.209], [-7.406, 37.179], [-7.467, 37.428], [-7.496, 37.524], [-7.504, 37.585], [-7.444, 37.728], [-7.379, 37.786], [-7.292, 37.906], [-7.185, 38.006], [-7.073, 38.03], [-7.023, 38.045], [-6.981, 38.122], [-6.958, 38.188], [-6.975, 38.194], [-7.106, 38.181], [-7.343, 38.457], [-7.336, 38.501], [-7.306, 38.567], [-7.286, 38.649], [-7.282, 38.715], [-7.22, 38.771], [-7.125, 38.827], [-7.046, 38.907], [-7.006, 38.985], [-6.998, 39.056], [-7.043, 39.107], [-7.172, 39.135], [-7.306, 39.338], [-7.335, 39.465], [-7.363, 39.478], [-7.445, 39.536], [-7.524, 39.645], [-7.536, 39.662], [-7.454, 39.681], [-7.118, 39.682], [-7.047, 39.706], [-7.037, 39.714], [-6.975, 39.798], [-6.911, 39.937], [-6.896, 40.022], [-6.916, 40.057], [-7.028, 40.143], [-7.033, 40.168], [-7.015, 40.208], [-6.948, 40.252], [-6.859, 40.301], [-6.81, 40.343], [-6.822, 40.376], [-6.848, 40.411], [-6.852, 40.443], [-6.836, 40.483], [-6.83, 40.619], [-6.818, 40.654], [-6.836, 40.777], [-6.858, 40.878], [-6.928, 41.009], [-6.916, 41.038], [-6.883, 41.062], [-6.776, 41.108], [-6.69, 41.215], [-6.566, 41.304], [-6.403, 41.375], [-6.289, 41.455], [-6.244, 41.516], [-6.213, 41.532], [-6.222, 41.56], [-6.243, 41.602], [-6.308, 41.642], [-6.392, 41.665], [-6.485, 41.664], [-6.542, 41.673], [-6.559, 41.704], [-6.553, 41.79], [-6.558, 41.874], [-6.575, 41.913], [-6.618, 41.942], [-6.704, 41.935], [-6.777, 41.958], [-6.833, 41.964], [-6.866, 41.945], [-7.03, 41.951], [-7.099, 41.964], [-7.147, 41.981], [-7.178, 41.972], [-7.195, 41.955], [-7.198, 41.929], [-7.21, 41.895], [-7.269, 41.864], [-7.404, 41.834], [-7.513, 41.836], [-7.613, 41.858], [-7.645, 41.874], [-7.693, 41.888], [-7.896, 41.871], [-7.921, 41.884], [-7.991, 41.852], [-8.094, 41.814], [-8.152, 41.812], [-8.174, 41.82], [-8.181, 41.837], [-8.225, 41.896], [-8.213, 41.927], [-8.13, 42.018], [-8.139, 42.04], [-8.174, 42.069], [-8.204, 42.112], [-8.213, 42.134], [-8.266, 42.137], [-8.323, 42.115], [-8.538, 42.069], [-8.59, 42.053], [-8.683, 42.008], [-8.777, 41.941], [-8.852, 41.927], [-8.878, 41.947], [-8.887, 42.105], [-8.772, 42.211], [-8.691, 42.274], [-8.729, 42.287], [-8.816, 42.285], [-8.81, 42.334], [-8.769, 42.358], [-8.73, 42.412], [-8.776, 42.435], [-8.812, 42.47], [-8.81, 42.562], [-8.8, 42.6], [-8.812, 42.64], [-8.988, 42.586], [-9.033, 42.594], [-9.035, 42.662], [-8.937, 42.767], [-8.927, 42.799], [-9.042, 42.814], [-9.127, 42.865], [-9.179, 42.911], [-9.235, 42.977], [-9.236, 43.036], [-9.178, 43.174], [-9.096, 43.214], [-9.025, 43.239], [-8.874, 43.334], [-8.666, 43.317], [-8.537, 43.337], [-8.422, 43.386], [-8.355, 43.397], [-8.249, 43.439], [-8.252, 43.497], [-8.289, 43.54], [-8.257, 43.58], [-8.137, 43.629], [-8.005, 43.694], [-7.853, 43.707], [-7.698, 43.765], [-7.595, 43.727], [-7.504, 43.74], [-7.399, 43.696], [-7.262, 43.595], [-7.061, 43.554], [-6.901, 43.586], [-6.617, 43.592], [-6.476, 43.579], [-6.224, 43.604], [-6.08, 43.595], [-5.847, 43.645], [-5.666, 43.582], [-5.316, 43.553], [-5.105, 43.502], [-4.523, 43.416], [-4.313, 43.415], [-4.015, 43.463], [-3.889, 43.499], [-3.774, 43.478], [-3.605, 43.519], [-3.524, 43.511], [-3.418, 43.452], [-3.046, 43.372], [-2.948, 43.44], [-2.875, 43.454], [-2.607, 43.413], [-2.337, 43.328], [-2.197, 43.322], [-1.991, 43.345], [-1.829, 43.401], [-1.794, 43.407]]], [[[-16.334, 28.38], [-16.418, 28.151], [-16.496, 28.062], [-16.543, 28.032], [-16.658, 28.007], [-16.795, 28.149], [-16.866, 28.293], [-16.905, 28.34], [-16.843, 28.376], [-16.752, 28.37], [-16.557, 28.4], [-16.517, 28.413], [-16.319, 28.558], [-16.124, 28.576], [-16.119, 28.528], [-16.334, 28.38]]], [[[-13.716, 28.911], [-13.784, 28.845], [-13.86, 28.869], [-13.824, 29.013], [-13.788, 29.056], [-13.65, 29.119], [-13.535, 29.144], [-13.501, 29.211], [-13.464, 29.237], [-13.423, 29.198], [-13.454, 29.151], [-13.478, 29.007], [-13.555, 28.96], [-13.716, 28.911]]], [[[-14.197, 28.169], [-14.333, 28.056], [-14.469, 28.082], [-14.492, 28.101], [-14.356, 28.13], [-14.232, 28.216], [-14.153, 28.407], [-14.028, 28.617], [-14.003, 28.707], [-13.954, 28.741], [-13.886, 28.745], [-13.857, 28.738], [-13.827, 28.691], [-13.828, 28.585], [-13.863, 28.409], [-13.928, 28.253], [-14.197, 28.169]]], [[[-15.401, 28.147], [-15.407, 28.071], [-15.383, 27.993], [-15.389, 27.875], [-15.437, 27.811], [-15.559, 27.747], [-15.656, 27.758], [-15.71, 27.784], [-15.807, 27.888], [-15.809, 27.994], [-15.721, 28.064], [-15.683, 28.154], [-15.453, 28.137], [-15.433, 28.154], [-15.415, 28.159], [-15.401, 28.147]]], [[[-17.185, 28.022], [-17.225, 28.014], [-17.274, 28.038], [-17.325, 28.118], [-17.29, 28.176], [-17.259, 28.203], [-17.214, 28.199], [-17.13, 28.156], [-17.104, 28.111], [-17.101, 28.083], [-17.185, 28.022]]], [[[-17.888, 27.81], [-17.985, 27.646], [-18.107, 27.707], [-18.136, 27.728], [-18.161, 27.761], [-18.043, 27.768], [-17.925, 27.85], [-17.888, 27.81]]], [[[-17.834, 28.493], [-17.859, 28.486], [-17.882, 28.565], [-18.001, 28.758], [-17.929, 28.845], [-17.798, 28.847], [-17.745, 28.787], [-17.727, 28.724], [-17.752, 28.689], [-17.744, 28.616], [-17.758, 28.569], [-17.834, 28.493]]]]}}, {"type": "Feature", "properties": {"ISO_A2": "AR", "ISO_A3": "ARG", "NAME": "Argentina", "fillColor": "#74ACDF"}, "geometry": {"type": "MultiPolygon", "coordinates": [[[[-57.609, -30.188], [-57.646, -30.227], [-57.651, -30.295], [-57.713, -30.384], [-57.831, -30.495], [-57.873, -30.591], [-57.819, -30.712], [-57.811, -30.859], [-57.834, -30.917], [-57.886, -30.937], [-57.898, -30.975], [-57.87, -31.031], [-57.868, -31.104], [-57.893, -31.195], [-57.948, -31.299], [-58.033, -31.417], [-58.054, -31.495], [-58.01, -31.534], [-57.988, -31.576], [-57.989, -31.621], [-58.007, -31.685], [-58.042, -31.769], [-58.096, -31.832], [-58.167, -31.873], [-58.189, -31.924], [-58.16, -31.987], [-58.156, -32.052], [-58.177, -32.119], [-58.165, -32.185], [-58.12, -32.249], [-58.123, -32.322], [-58.201, -32.472], [-58.22, -32.564], [-58.171, -32.959], [-58.201, -33.015], [-58.25, -33.078], [-58.309, -33.083], [-58.376, -33.072], [-58.424, -33.112], [-58.455, -33.286], [-58.547, -33.663], [-58.531, -33.753], [-58.457, -33.898], [-58.429, -33.991], [-58.409, -34.061], [-58.392, -34.193], [-58.435, -34.253], [-58.475, -34.263], [-58.525, -34.296], [-58.466, -34.457], [-58.419, -34.532], [-58.283, -34.683], [-57.764, -34.895], [-57.548, -35.019], [-57.304, -35.188], [-57.171, -35.362], [-57.159, -35.506], [-57.354, -35.72], [-57.375, -35.9], [-57.335, -36.027], [-57.265, -36.144], [-57.076, -36.297], [-56.937, -36.353], [-56.749, -36.346], [-56.717, -36.389], [-56.698, -36.426], [-56.668, -36.735], [-56.672, -36.851], [-56.727, -36.958], [-57.088, -37.446], [-57.396, -37.745], [-57.507, -37.909], [-57.547, -38.086], [-57.646, -38.17], [-58.179, -38.436], [-59.007, -38.673], [-59.676, -38.797], [-59.828, -38.838], [-60.904, -38.974], [-61.112, -38.993], [-61.383, -38.981], [-61.603, -38.999], [-61.848, -38.962], [-62.067, -38.919], [-62.189, -38.813], [-62.335, -38.8], [-62.374, -38.853], [-62.304, -38.988], [-62.338, -39.151], [-62.295, -39.243], [-62.209, -39.262], [-62.126, -39.31], [-62.054, -39.374], [-62.179, -39.38], [-62.131, -39.432], [-62.077, -39.462], [-62.083, -39.568], [-62.132, -39.825], [-62.254, -39.88], [-62.287, -39.895], [-62.324, -39.951], [-62.402, -40.197], [-62.427, -40.356], [-62.394, -40.459], [-62.246, -40.675], [-62.302, -40.815], [-62.395, -40.891], [-62.798, -41.047], [-62.959, -41.11], [-63.213, -41.152], [-63.622, -41.16], [-63.773, -41.15], [-64.123, -41.008], [-64.383, -40.922], [-64.621, -40.854], [-64.853, -40.814], [-64.82, -40.793], [-64.804, -40.757], [-64.869, -40.736], [-64.917, -40.731], [-65.069, -40.805], [-65.133, -40.881], [-65.152, -40.947], [-65.155, -41.106], [-65.128, -41.239], [-65.018, -41.567], [-65.007, -41.745], [-65.059, -41.97], [-64.986, -42.102], [-64.898, -42.162], [-64.7, -42.221], [-64.622, -42.261], [-64.538, -42.255], [-64.512, -42.27], [-64.524, -42.299], [-64.574, -42.356], [-64.571, -42.416], [-64.42, -42.434], [-64.265, -42.422], [-64.101, -42.395], [-64.062, -42.353], [-64.061, -42.266], [-64.253, -42.251], [-64.229, -42.218], [-64.083, -42.183], [-63.893, -42.125], [-63.796, -42.114], [-63.729, -42.153], [-63.685, -42.189], [-63.63, -42.283], [-63.596, -42.407], [-63.594, -42.556], [-63.617, -42.696], [-63.644, -42.746], [-63.692, -42.805], [-64.035, -42.881], [-64.131, -42.861], [-64.22, -42.756], [-64.248, -42.646], [-64.324, -42.572], [-64.488, -42.513], [-64.65, -42.531], [-64.812, -42.633], [-64.971, -42.666], [-65.027, -42.759], [-64.629, -42.909], [-64.442, -42.951], [-64.38, -42.949], [-64.319, -42.969], [-64.376, -43.025], [-64.432, -43.059], [-64.715, -43.136], [-64.84, -43.189], [-64.986, -43.294], [-65.19, -43.522], [-65.252, -43.572], [-65.284, -43.63], [-65.305, -43.788], [-65.239, -44.049], [-65.308, -44.158], [-65.266, -44.28], [-65.29, -44.361], [-65.361, -44.477], [-65.648, -44.661], [-65.698, -44.796], [-65.599, -44.876], [-65.606, -44.945], [-65.639, -45.008], [-65.758, -45.007], [-66.19, -44.965], [-66.348, -45.034], [-66.494, -45.118], [-66.533, -45.158], [-66.585, -45.183], [-66.882, -45.228], [-66.941, -45.257], [-67.258, -45.577], [-67.393, -45.776], [-67.557, -45.97], [-67.6, -46.053], [-67.609, -46.167], [-67.586, -46.27], [-67.563, -46.345], [-67.506, -46.443], [-67.387, -46.554], [-66.777, -47.006], [-66.65, -47.045], [-65.999, -47.094], [-65.854, -47.157], [-65.769, -47.257], [-65.738, -47.345], [-65.775, -47.568], [-65.814, -47.638], [-65.886, -47.702], [-66.041, -47.783], [-66.225, -47.827], [-66.172, -47.858], [-66.097, -47.853], [-65.934, -47.827], [-65.864, -47.853], [-65.81, -47.941], [-65.912, -47.977], [-65.943, -48.019], [-66.017, -48.084], [-66.393, -48.342], [-66.596, -48.42], [-66.783, -48.523], [-67.033, -48.628], [-67.131, -48.688], [-67.263, -48.814], [-67.466, -48.952], [-67.685, -49.247], [-67.694, -49.304], [-67.662, -49.342], [-67.783, -49.859], [-67.826, -49.92], [-67.914, -49.984], [-68.146, -50.091], [-68.257, -50.105], [-68.405, -50.043], [-68.488, -49.978], [-68.569, -49.867], [-68.668, -49.753], [-68.673, -49.793], [-68.638, -49.863], [-68.662, -49.936], [-68.913, -49.969], [-68.98, -50.003], [-68.753, -49.988], [-68.598, -50.009], [-68.533, -50.036], [-68.474, -50.091], [-68.422, -50.158], [-68.465, -50.195], [-68.589, -50.225], [-68.75, -50.281], [-68.939, -50.382], [-69.045, -50.499], [-69.09, -50.583], [-69.141, -50.753], [-69.155, -50.864], [-69.235, -50.951], [-69.359, -51.028], [-69.352, -51.046], [-69.268, -51.006], [-69.201, -50.994], [-69.144, -51.097], [-69.066, -51.304], [-69.03, -51.446], [-69.035, -51.489], [-69.058, -51.547], [-69.218, -51.561], [-69.361, -51.559], [-69.465, -51.584], [-69.409, -51.61], [-69.313, -51.601], [-69.18, -51.662], [-69.033, -51.636], [-68.965, -51.677], [-68.917, -51.715], [-68.691, -52.013], [-68.494, -52.198], [-68.394, -52.307], [-68.443, -52.357], [-68.461, -52.29], [-68.59, -52.273], [-68.715, -52.255], [-68.925, -52.208], [-69.206, -52.136], [-69.488, -52.136], [-69.713, -52.075], [-69.96, -52.008], [-70.483, -52.002], [-70.943, -51.998], [-71.415, -51.994], [-71.717, -51.991], [-71.919, -51.99], [-71.971, -51.964], [-71.953, -51.88], [-72.028, -51.819], [-72.137, -51.744], [-72.269, -51.691], [-72.335, -51.62], [-72.408, -51.541], [-72.366, -51.47], [-72.303, -51.299], [-72.302, -51.223], [-72.359, -51.17], [-72.377, -51.095], [-72.359, -51.06], [-72.307, -51.033], [-72.276, -50.91], [-72.301, -50.79], [-72.34, -50.682], [-72.393, -50.634], [-72.46, -50.612], [-72.51, -50.608], [-72.62, -50.648], [-72.804, -50.638], [-72.866, -50.653], [-72.956, -50.696], [-73.082, -50.76], [-73.153, -50.738], [-73.175, -50.67], [-73.222, -50.611], [-73.252, -50.558], [-73.274, -50.473], [-73.312, -50.362], [-73.387, -50.231], [-73.501, -50.125], [-73.508, -50.03], [-73.529, -49.911], [-73.47, -49.795], [-73.505, -49.698], [-73.576, -49.583], [-73.554, -49.464], [-73.484, -49.398], [-73.462, -49.314], [-73.135, -49.301], [-73.149, -49.188], [-73.095, -49.097], [-73.034, -49.014], [-72.982, -48.977], [-72.865, -48.944], [-72.728, -48.896], [-72.651, -48.842], [-72.614, -48.793], [-72.592, -48.73], [-72.586, -48.663], [-72.608, -48.519], [-72.583, -48.475], [-72.498, -48.417], [-72.355, -48.366], [-72.293, -48.229], [-72.328, -48.11], [-72.408, -48.016], [-72.509, -47.973], [-72.518, -47.876], [-72.472, -47.784], [-72.413, -47.686], [-72.342, -47.572], [-72.346, -47.493], [-72.283, -47.446], [-72.103, -47.343], [-72.042, -47.241], [-71.979, -47.214], [-71.905, -47.202], [-71.901, -47.144], [-71.954, -47.087], [-71.963, -47.016], [-71.957, -46.937], [-71.94, -46.831], [-71.856, -46.792], [-71.733, -46.706], [-71.7, -46.651], [-71.695, -46.578], [-71.731, -46.428], [-71.762, -46.32], [-71.778, -46.28], [-71.834, -46.207], [-71.876, -46.161], [-71.809, -46.103], [-71.684, -46.042], [-71.632, -45.954], [-71.68, -45.879], [-71.751, -45.839], [-71.773, -45.724], [-71.746, -45.579], [-71.693, -45.535], [-71.508, -45.513], [-71.49, -45.438], [-71.349, -45.332], [-71.354, -45.23], [-71.443, -45.168], [-71.531, -45.068], [-71.596, -44.979], [-71.812, -44.931], [-72.042, -44.904], [-72.073, -44.82], [-72.064, -44.772], [-71.957, -44.792], [-71.783, -44.774], [-71.652, -44.77], [-71.56, -44.762], [-71.455, -44.75], [-71.358, -44.785], [-71.261, -44.763], [-71.221, -44.631], [-71.16, -44.56], [-71.151, -44.494], [-71.213, -44.441], [-71.326, -44.425], [-71.82, -44.383], [-71.835, -44.33], [-71.831, -44.241], [-71.812, -44.151], [-71.812, -44.106], [-71.767, -44.067], [-71.716, -43.984], [-71.68, -43.93], [-71.716, -43.858], [-71.795, -43.753], [-71.737, -43.705], [-71.733, -43.647], [-71.751, -43.59], [-71.832, -43.527], [-71.905, -43.44], [-71.905, -43.348], [-71.82, -43.323], [-71.764, -43.295], [-71.751, -43.237], [-71.781, -43.167], [-71.899, -43.145], [-72.055, -43.102], [-72.102, -43.066], [-72.146, -42.99], [-72.114, -42.777], [-72.13, -42.648], [-72.144, -42.577], [-72.105, -42.522], [-72.053, -42.473], [-72.078, -42.358], [-72.125, -42.298], [-72.108, -42.252], [-72.064, -42.205], [-72.026, -42.148], [-71.993, -42.134], [-71.944, -42.167], [-71.861, -42.148], [-71.761, -42.101], [-71.75, -42.047], [-71.77, -41.969], [-71.844, -41.772], [-71.911, -41.65], [-71.898, -41.607], [-71.871, -41.561], [-71.892, -41.393], [-71.886, -41.292], [-71.881, -40.995], [-71.873, -40.893], [-71.941, -40.789], [-71.932, -40.692], [-71.884, -40.621], [-71.839, -40.524], [-71.805, -40.439], [-71.769, -40.401], [-71.709, -40.382], [-71.695, -40.335], [-71.723, -40.3], [-71.801, -40.244], [-71.818, -40.177], [-71.802, -40.125], [-71.764, -40.095], [-71.704, -40.095], [-71.66, -40.021], [-71.647, -39.929], [-71.638, -39.887], [-71.672, -39.833], [-71.697, -39.707], [-71.72, -39.635], [-71.693, -39.605], [-71.654, -39.594], [-71.587, -39.611], [-71.539, -39.602], [-71.531, -39.564], [-71.526, -39.523], [-71.508, -39.495], [-71.465, -39.402], [-71.42, -39.287], [-71.409, -39.206], [-71.426, -38.986], [-71.402, -38.935], [-71.353, -38.889], [-71.286, -38.845], [-71.197, -38.809], [-71.087, -38.758], [-70.952, -38.738], [-70.897, -38.681], [-70.859, -38.604], [-70.848, -38.542], [-70.9, -38.498], [-70.968, -38.446], [-71.0, -38.315], [-71.018, -38.194], [-71.028, -38.041], [-71.096, -37.91], [-71.168, -37.762], [-71.187, -37.631], [-71.163, -37.559], [-71.135, -37.445], [-71.165, -37.393], [-71.2, -37.3], [-71.163, -37.227], [-71.118, -37.114], [-71.124, -37.057], [-71.159, -36.92], [-71.192, -36.844], [-71.159, -36.762], [-71.107, -36.685], [-71.066, -36.644], [-71.073, -36.578], [-71.056, -36.524], [-70.978, -36.487], [-70.905, -36.42], [-70.853, -36.412], [-70.79, -36.412], [-70.749, -36.393], [-70.733, -36.341], [-70.722, -36.283], [-70.622, -36.212], [-70.563, -36.146], [-70.457, -36.133], [-70.405, -36.062], [-70.404, -35.971], [-70.416, -35.879], [-70.38, -35.772], [-70.42, -35.609], [-70.416, -35.523], [-70.457, -35.452], [-70.449, -35.375], [-70.47, -35.326], [-70.532, -35.308], [-70.555, -35.247], [-70.525, -35.217], [-70.467, -35.194], [-70.393, -35.147], [-70.338, -34.922], [-70.312, -34.855], [-70.287, -34.775], [-70.29, -34.733], [-70.255, -34.673], [-70.211, -34.581], [-70.141, -34.493], [-70.101, -34.432], [-70.063, -34.35], [-70.052, -34.301], [-70.003, -34.276], [-69.946, -34.27], [-69.88, -34.254], [-69.852, -34.224], [-69.857, -34.18], [-69.862, -34.084], [-69.881, -33.93], [-69.894, -33.731], [-69.883, -33.601], [-69.839, -33.47], [-69.798, -33.399], [-69.809, -33.344], [-69.82, -33.284], [-69.896, -33.251], [-69.969, -33.279], [-70.02, -33.271], [-70.085, -33.202], [-70.104, -33.128], [-70.093, -33.027], [-70.042, -32.964], [-70.022, -32.885], [-70.052, -32.86], [-70.116, -32.807], [-70.177, -32.626], [-70.17, -32.472], [-70.23, -32.431], [-70.258, -32.31], [-70.32, -32.267], [-70.345, -32.176], [-70.364, -32.083], [-70.356, -32.042], [-70.291, -32.031], [-70.254, -31.958], [-70.282, -31.917], [-70.331, -31.881], [-70.394, -31.884], [-70.45, -31.842], [-70.526, -31.666], [-70.585, -31.569], [-70.566, -31.428], [-70.555, -31.317], [-70.529, -31.223], [-70.52, -31.148], [-70.473, -31.113], [-70.429, -31.129], [-70.388, -31.121], [-70.351, -31.06], [-70.309, -31.023], [-70.312, -30.993], [-70.336, -30.96], [-70.348, -30.902], [-70.319, -30.834], [-70.269, -30.677], [-70.194, -30.505], [-70.161, -30.44], [-70.17, -30.386], [-70.153, -30.361], [-70.102, -30.388], [-69.956, -30.358], [-69.907, -30.282], [-69.888, -30.213], [-69.844, -30.175], [-69.863, -30.12], [-69.924, -30.104], [-69.96, -30.078], [-69.945, -30.016], [-69.924, -29.874], [-69.928, -29.769], [-69.983, -29.545], [-70.027, -29.324], [-69.996, -29.25], [-69.9, -29.149], [-69.828, -29.103], [-69.815, -29.046], [-69.743, -28.784], [-69.735, -28.641], [-69.688, -28.562], [-69.657, -28.414], [-69.527, -28.286], [-69.489, -28.201], [-69.437, -28.193], [-69.41, -28.165], [-69.341, -28.071], [-69.251, -27.974], [-69.174, -27.925], [-69.155, -27.848], [-69.119, -27.744], [-69.042, -27.57], [-68.999, -27.449], [-68.942, -27.405], [-68.875, -27.247], [-68.846, -27.154], [-68.77, -27.115], [-68.71, -27.104], [-68.652, -27.148], [-68.592, -27.14], [-68.537, -27.085], [-68.405, -27.048], [-68.346, -27.028], [-68.319, -26.973], [-68.319, -26.878], [-68.373, -26.806], [-68.485, -26.67], [-68.581, -26.518], [-68.592, -26.47], [-68.592, -26.418], [-68.576, -26.352], [-68.53, -26.277], [-68.415, -26.154], [-68.427, -26.065], [-68.511, -25.741], [-68.542, -25.652], [-68.6, -25.486], [-68.592, -25.42], [-68.541, -25.237], [-68.496, -25.163], [-68.431, -25.149], [-68.395, -25.125], [-68.384, -25.092], [-68.428, -25.051], [-68.447, -24.999], [-68.466, -24.925], [-68.527, -24.899], [-68.562, -24.838], [-68.562, -24.747], [-68.507, -24.63], [-68.447, -24.597], [-68.423, -24.545], [-68.358, -24.497], [-68.3, -24.46], [-68.25, -24.392], [-68.047, -24.308], [-67.886, -24.243], [-67.572, -24.119], [-67.356, -24.034], [-67.336, -23.975], [-67.319, -23.935], [-67.219, -23.634], [-67.09, -23.245], [-67.009, -23.001], [-67.195, -22.822], [-67.162, -22.774], [-67.055, -22.651], [-67.034, -22.552], [-66.991, -22.51], [-66.8, -22.41], [-66.767, -22.343], [-66.751, -22.269], [-66.712, -22.216], [-66.639, -22.205], [-66.507, -22.158], [-66.365, -22.114], [-66.322, -22.053], [-66.282, -21.947], [-66.248, -21.83], [-66.22, -21.803], [-66.175, -21.806], [-66.099, -21.835], [-66.059, -21.879], [-65.86, -22.02], [-65.771, -22.1], [-65.686, -22.11], [-65.519, -22.095], [-65.485, -22.098], [-65.058, -22.103], [-64.993, -22.11], [-64.843, -22.144], [-64.759, -22.171], [-64.7, -22.186], [-64.606, -22.229], [-64.524, -22.372], [-64.478, -22.485], [-64.446, -22.585], [-64.374, -22.761], [-64.325, -22.828], [-64.308, -22.795], [-64.266, -22.603], [-64.209, -22.491], [-64.132, -22.366], [-63.976, -22.073], [-63.922, -22.029], [-63.861, -22.007], [-63.819, -22.005], [-63.776, -22.027], [-63.717, -22.028], [-63.675, -22.004], [-63.267, -22.001], [-62.843, -21.997], [-62.834, -21.999], [-62.815, -22.05], [-62.745, -22.16], [-62.665, -22.218], [-62.651, -22.234], [-62.626, -22.262], [-62.626, -22.29], [-62.542, -22.35], [-62.373, -22.439], [-62.214, -22.612], [-62.067, -22.869], [-61.928, -23.059], [-61.799, -23.182], [-61.679, -23.269], [-61.571, -23.319], [-61.513, -23.36], [-61.506, -23.392], [-61.404, -23.458], [-61.208, -23.557], [-61.085, -23.656], [-61.033, -23.756], [-60.84, -23.858], [-60.505, -23.964], [-60.262, -24.014], [-60.11, -24.009], [-59.892, -24.094], [-59.609, -24.267], [-59.435, -24.387], [-59.373, -24.454], [-59.187, -24.562], [-58.724, -24.787], [-58.52, -24.843], [-58.423, -24.894], [-58.365, -24.959], [-58.309, -24.979], [-58.253, -24.954], [-58.136, -24.977], [-57.96, -25.049], [-57.822, -25.136], [-57.644, -25.328], [-57.587, -25.405], [-57.563, -25.474], [-57.572, -25.534], [-57.626, -25.599], [-57.725, -25.667], [-57.755, -25.697], [-57.757, -25.726], [-57.782, -25.784], [-57.865, -25.907], [-57.886, -25.964], [-57.891, -26.007], [-57.943, -26.053], [-58.082, -26.139], [-58.111, -26.18], [-58.118, -26.225], [-58.136, -26.251], [-58.155, -26.263], [-58.181, -26.307], [-58.203, -26.381], [-58.205, -26.477], [-58.188, -26.593], [-58.191, -26.63], [-58.222, -26.65], [-58.239, -26.677], [-58.246, -26.731], [-58.272, -26.771], [-58.318, -26.796], [-58.335, -26.825], [-58.323, -26.858], [-58.356, -26.89], [-58.436, -26.922], [-58.485, -26.968], [-58.503, -27.029], [-58.548, -27.084], [-58.619, -27.132], [-58.642, -27.196], [-58.605, -27.314], [-58.168, -27.273], [-57.812, -27.317], [-57.391, -27.43], [-57.112, -27.47], [-56.974, -27.436], [-56.872, -27.441], [-56.805, -27.485], [-56.716, -27.494], [-56.603, -27.468], [-56.511, -27.488], [-56.437, -27.554], [-56.371, -27.537], [-56.311, -27.439], [-56.242, -27.367], [-56.164, -27.321], [-56.067, -27.308], [-55.951, -27.326], [-55.859, -27.362], [-55.79, -27.416], [-55.715, -27.415], [-55.633, -27.357], [-55.594, -27.288], [-55.597, -27.208], [-55.565, -27.15], [-55.497, -27.115], [-55.451, -27.068], [-55.427, -27.009], [-55.346, -26.973], [-55.208, -26.96], [-55.136, -26.931], [-55.13, -26.886], [-55.089, -26.845], [-55.014, -26.807], [-54.962, -26.759], [-54.934, -26.703], [-54.889, -26.667], [-54.825, -26.652], [-54.755, -26.533], [-54.678, -26.309], [-54.632, -26.006], [-54.616, -25.576], [-54.538, -25.576], [-54.502, -25.608], [-54.444, -25.625], [-54.383, -25.589], [-54.332, -25.572], [-54.25, -25.57], [-54.206, -25.53], [-54.155, -25.523], [-54.119, -25.545], [-54.085, -25.572], [-54.012, -25.578], [-53.955, -25.648], [-53.891, -25.669], [-53.864, -25.749], [-53.823, -25.96], [-53.747, -26.084], [-53.671, -26.225], [-53.669, -26.288], [-53.711, -26.352], [-53.718, -26.443], [-53.745, -26.667], [-53.753, -26.749], [-53.727, -26.805], [-53.717, -26.883], [-53.758, -26.978], [-53.838, -27.121], [-53.916, -27.16], [-53.935, -27.161], [-54.04, -27.244], [-54.114, -27.275], [-54.156, -27.254], [-54.205, -27.29], [-54.26, -27.382], [-54.327, -27.424], [-54.448, -27.446], [-54.484, -27.457], [-54.555, -27.454], [-54.615, -27.477], [-54.666, -27.527], [-54.72, -27.545], [-54.777, -27.533], [-54.829, -27.551], [-54.876, -27.599], [-54.903, -27.652], [-54.91, -27.709], [-54.956, -27.747], [-55.04, -27.768], [-55.069, -27.796], [-55.064, -27.836], [-55.102, -27.867], [-55.244, -27.899], [-55.346, -27.956], [-55.41, -28.038], [-55.477, -28.089], [-55.582, -28.121], [-55.725, -28.204], [-55.746, -28.255], [-55.692, -28.303], [-55.672, -28.345], [-55.687, -28.382], [-55.732, -28.387], [-55.806, -28.36], [-55.859, -28.354], [-55.891, -28.37], [-55.905, -28.4], [-55.904, -28.443], [-55.93, -28.473], [-55.985, -28.489], [-56.02, -28.525], [-56.034, -28.581], [-56.103, -28.652], [-56.226, -28.737], [-56.322, -28.852], [-56.393, -28.997], [-56.476, -29.092], [-56.571, -29.138], [-56.636, -29.203], [-56.672, -29.287], [-56.772, -29.418], [-56.939, -29.595], [-57.089, -29.716], [-57.225, -29.782], [-57.301, -29.857], [-57.317, -29.939], [-57.405, -30.034], [-57.564, -30.14], [-57.609, -30.188]]], [[[-68.653, -54.854], [-68.648, -54.628], [-68.64, -54.324], [-68.638, -54.053], [-68.637, -53.789], [-68.635, -53.515], [-68.633, -53.242], [-68.632, -52.95], [-68.63, -52.653], [-68.571, -52.695], [-68.339, -52.9], [-68.278, -52.984], [-68.24, -53.082], [-68.333, -53.02], [-68.431, -53.055], [-68.479, -53.114], [-68.521, -53.177], [-68.521, -53.222], [-68.489, -53.261], [-68.393, -53.295], [-68.161, -53.306], [-68.144, -53.319], [-68.008, -53.564], [-67.94, -53.619], [-67.861, -53.662], [-67.678, -53.787], [-67.503, -53.922], [-67.294, -54.05], [-67.069, -54.148], [-66.865, -54.223], [-66.67, -54.314], [-66.462, -54.441], [-66.236, -54.533], [-65.993, -54.599], [-65.747, -54.653], [-65.369, -54.632], [-65.252, -54.638], [-65.179, -54.678], [-65.252, -54.789], [-65.346, -54.878], [-65.471, -54.915], [-65.603, -54.928], [-65.723, -54.926], [-65.842, -54.91], [-65.954, -54.919], [-66.061, -54.957], [-66.172, -54.975], [-66.287, -54.978], [-66.399, -55.009], [-66.511, -55.032], [-66.628, -55.013], [-66.93, -54.925], [-67.127, -54.904], [-67.793, -54.869], [-68.007, -54.848], [-68.22, -54.818], [-68.332, -54.816], [-68.491, -54.836], [-68.619, -54.834], [-68.653, -54.854]]], [[[-64.549, -54.716], [-64.439, -54.739], [-64.221, -54.722], [-64.105, -54.722], [-64.055, -54.73], [-64.032, -54.742], [-63.882, -54.723], [-63.815, -54.725], [-63.833, -54.768], [-63.971, -54.811], [-64.028, -54.793], [-64.323, -54.796], [-64.453, -54.84], [-64.509, -54.84], [-64.637, -54.903], [-64.731, -54.863], [-64.757, -54.827], [-64.689, -54.775], [-64.625, -54.774], [-64.581, -54.753], [-64.549, -54.716]]], [[[-61.876, -39.172], [-61.866, -39.235], [-61.918, -39.227], [-62.042, -39.167], [-62.083, -39.11], [-62.093, -39.086], [-61.967, -39.112], [-61.907, -39.136], [-61.876, -39.172]]]]}}, {"type": "Feature", "properties": {"ISO_A2": "BY", "ISO_A3": "BLR", "NAME": "Belarus", "fillColor": "#D22730"}, "geometry": {"type": "Polygon", "coordinates": [[[31.763, 52.101], [31.574, 52.108], [31.346, 52.105], [31.218, 52.05], [31.168, 52.063], [31.079, 52.077], [30.981, 52.046], [30.846, 51.953], [30.755, 51.895], [30.667, 51.814], [30.639, 51.77], [30.584, 51.689], [30.533, 51.596], [30.561, 51.531], [30.602, 51.471], [30.612, 51.406], [30.633, 51.355], [30.577, 51.318], [30.545, 51.265], [30.45, 51.274], [30.333, 51.326], [30.309, 51.4], [30.22, 51.451], [30.161, 51.478], [30.064, 51.482], [29.909, 51.458], [29.706, 51.44], [29.553, 51.435], [29.47, 51.408], [29.346, 51.383], [29.299, 51.413], [29.23, 51.497], [29.174, 51.581], [29.136, 51.617], [29.102, 51.628], [29.061, 51.625], [29.013, 51.599], [28.978, 51.572], [28.928, 51.562], [28.85, 51.54], [28.793, 51.51], [28.731, 51.433], [28.69, 51.439], [28.648, 51.457], [28.599, 51.543], [28.532, 51.562], [28.425, 51.564], [28.292, 51.582], [28.184, 51.608], [28.144, 51.602], [28.08, 51.565], [28.011, 51.56], [27.859, 51.592], [27.829, 51.577], [27.789, 51.529], [27.741, 51.483], [27.7, 51.478], [27.677, 51.49], [27.69, 51.572], [27.601, 51.602], [27.452, 51.606], [27.348, 51.594], [27.296, 51.597], [27.27, 51.614], [27.142, 51.752], [27.074, 51.761], [26.953, 51.754], [26.773, 51.771], [26.567, 51.802], [26.453, 51.813], [26.394, 51.844], [26.267, 51.855], [25.925, 51.914], [25.786, 51.924], [25.58, 51.925], [25.267, 51.938], [25.067, 51.931], [24.974, 51.911], [24.866, 51.899], [24.685, 51.888], [24.611, 51.89], [24.495, 51.883], [24.362, 51.868], [24.324, 51.838], [24.28, 51.775], [24.127, 51.665], [23.978, 51.591], [23.951, 51.585], [23.864, 51.624], [23.792, 51.637], [23.707, 51.641], [23.647, 51.629], [23.609, 51.61], [23.614, 51.525], [23.605, 51.518], [23.54, 51.619], [23.545, 51.71], [23.581, 51.762], [23.626, 51.809], [23.607, 51.88], [23.651, 51.973], [23.652, 52.04], [23.633, 52.07], [23.598, 52.103], [23.501, 52.14], [23.458, 52.17], [23.327, 52.208], [23.197, 52.257], [23.175, 52.287], [23.181, 52.307], [23.204, 52.338], [23.303, 52.428], [23.411, 52.516], [23.48, 52.552], [23.845, 52.664], [23.901, 52.704], [23.915, 52.77], [23.916, 52.819], [23.909, 52.905], [23.887, 53.028], [23.859, 53.112], [23.789, 53.271], [23.599, 53.599], [23.485, 53.94], [23.559, 53.92], [23.734, 53.912], [23.873, 53.936], [23.944, 53.939], [24.008, 53.932], [24.104, 53.945], [24.191, 53.95], [24.237, 53.92], [24.318, 53.893], [24.479, 53.932], [24.621, 53.98], [24.768, 53.975], [24.789, 53.998], [24.826, 54.119], [24.87, 54.145], [25.046, 54.133], [25.111, 54.155], [25.179, 54.214], [25.284, 54.251], [25.371, 54.251], [25.461, 54.293], [25.506, 54.265], [25.527, 54.215], [25.497, 54.175], [25.51, 54.16], [25.573, 54.14], [25.681, 54.14], [25.749, 54.157], [25.765, 54.18], [25.765, 54.221], [25.748, 54.26], [25.703, 54.293], [25.617, 54.31], [25.558, 54.311], [25.547, 54.332], [25.568, 54.377], [25.62, 54.46], [25.685, 54.536], [25.725, 54.564], [25.732, 54.59], [25.724, 54.636], [25.722, 54.718], [25.781, 54.833], [25.859, 54.919], [25.964, 54.947], [26.093, 54.962], [26.175, 55.003], [26.216, 55.05], [26.231, 55.09], [26.251, 55.125], [26.292, 55.14], [26.601, 55.13], [26.648, 55.204], [26.675, 55.225], [26.734, 55.247], [26.776, 55.273], [26.76, 55.293], [26.681, 55.306], [26.495, 55.318], [26.458, 55.342], [26.47, 55.372], [26.519, 55.448], [26.567, 55.546], [26.591, 55.623], [26.594, 55.668], [26.62, 55.68], [26.772, 55.694], [26.822, 55.709], [26.953, 55.813], [27.053, 55.831], [27.309, 55.804], [27.427, 55.806], [27.459, 55.804], [27.577, 55.799], [27.589, 55.809], [27.642, 55.912], [27.694, 55.942], [27.896, 56.076], [28.032, 56.133], [28.118, 56.146], [28.148, 56.143], [28.284, 56.056], [28.316, 56.053], [28.392, 56.087], [28.407, 56.089], [28.564, 56.092], [28.637, 56.062], [28.691, 56.003], [28.741, 55.955], [28.795, 55.943], [28.947, 56.002], [29.032, 56.022], [29.087, 56.021], [29.283, 55.968], [29.375, 55.939], [29.396, 55.912], [29.398, 55.881], [29.373, 55.835], [29.353, 55.784], [29.413, 55.725], [29.482, 55.685], [29.63, 55.751], [29.685, 55.77], [29.744, 55.77], [29.824, 55.795], [29.882, 55.832], [29.937, 55.845], [30.043, 55.836], [30.234, 55.845], [30.456, 55.787], [30.475, 55.769], [30.587, 55.7], [30.626, 55.666], [30.662, 55.655], [30.722, 55.622], [30.801, 55.601], [30.856, 55.608], [30.882, 55.596], [30.907, 55.57], [30.909, 55.525], [30.901, 55.397], [30.862, 55.36], [30.821, 55.33], [30.811, 55.307], [30.814, 55.279], [30.877, 55.223], [30.959, 55.138], [30.978, 55.088], [30.978, 55.05], [30.867, 54.941], [30.83, 54.915], [30.804, 54.861], [30.791, 54.806], [30.799, 54.783], [30.984, 54.696], [31.121, 54.648], [31.152, 54.625], [31.155, 54.611], [31.082, 54.517], [31.075, 54.492], [31.185, 54.453], [31.246, 54.392], [31.299, 54.292], [31.404, 54.196], [31.628, 54.111], [31.792, 54.056], [31.826, 54.031], [31.838, 54.001], [31.825, 53.935], [31.783, 53.855], [31.754, 53.81], [31.821, 53.792], [31.992, 53.797], [32.2, 53.781], [32.45, 53.693], [32.451, 53.653], [32.425, 53.617], [32.442, 53.579], [32.47, 53.547], [32.686, 53.448], [32.706, 53.419], [32.71, 53.371], [32.704, 53.336], [32.644, 53.329], [32.578, 53.312], [32.469, 53.27], [32.426, 53.211], [32.251, 53.128], [32.142, 53.091], [32.055, 53.089], [31.85, 53.106], [31.777, 53.147], [31.747, 53.184], [31.668, 53.201], [31.563, 53.202], [31.418, 53.196], [31.388, 53.185], [31.365, 53.139], [31.303, 53.061], [31.259, 53.017], [31.295, 52.99], [31.353, 52.933], [31.443, 52.862], [31.535, 52.798], [31.565, 52.759], [31.563, 52.731], [31.519, 52.699], [31.526, 52.633], [31.616, 52.546], [31.586, 52.532], [31.577, 52.426], [31.577, 52.312], [31.602, 52.285], [31.65, 52.262], [31.691, 52.221], [31.759, 52.126], [31.763, 52.101]]]}}, {"type": "Feature", "properties": {"ISO_A2": "BW", "ISO_A3": "BWA", "NAME": "Botswana", "fillColor": "#6DA9D2"}, "geometry": {"type": "Polygon", "coordinates": [[[25.259, -17.794], [25.239, -17.843], [25.224, -17.915], [25.242, -17.969], [25.282, -18.041], [25.34, -18.104], [25.384, -18.142], [25.437, -18.235], [25.489, -18.351], [25.558, -18.442], [25.761, -18.649], [25.784, -18.724], [25.812, -18.797], [25.939, -18.939], [25.959, -18.986], [25.951, -19.082], [26.082, -19.37], [26.168, -19.538], [26.241, -19.569], [26.475, -19.749], [26.678, -19.893], [26.917, -19.99], [27.092, -20.054], [27.178, -20.101], [27.221, -20.146], [27.257, -20.232], [27.275, -20.382], [27.281, -20.479], [27.469, -20.475], [27.625, -20.484], [27.679, -20.503], [27.7, -20.531], [27.695, -20.595], [27.697, -20.69], [27.704, -20.766], [27.688, -20.848], [27.677, -20.945], [27.669, -21.064], [27.693, -21.111], [27.844, -21.262], [27.907, -21.359], [27.975, -21.507], [28.014, -21.554], [28.046, -21.573], [28.182, -21.589], [28.532, -21.651], [28.748, -21.708], [28.919, -21.766], [28.991, -21.781], [29.026, -21.797], [29.037, -21.811], [29.016, -21.94], [29.023, -21.981], [29.042, -22.018], [29.071, -22.047], [29.107, -22.066], [29.237, -22.079], [29.315, -22.158], [29.365, -22.194], [29.13, -22.213], [29.013, -22.278], [28.946, -22.395], [28.84, -22.481], [28.696, -22.535], [28.543, -22.573], [28.382, -22.593], [28.21, -22.694], [28.028, -22.874], [27.935, -22.987], [27.931, -23.034], [27.891, -23.074], [27.813, -23.108], [27.769, -23.149], [27.758, -23.197], [27.717, -23.22], [27.644, -23.218], [27.593, -23.253], [27.563, -23.325], [27.499, -23.368], [27.399, -23.384], [27.313, -23.424], [27.241, -23.49], [27.186, -23.523], [27.146, -23.524], [27.086, -23.578], [26.987, -23.705], [26.971, -23.763], [26.835, -24.241], [26.761, -24.297], [26.618, -24.396], [26.502, -24.513], [26.452, -24.583], [26.397, -24.614], [26.131, -24.671], [26.032, -24.702], [25.912, -24.747], [25.882, -24.788], [25.852, -24.935], [25.77, -25.146], [25.703, -25.302], [25.659, -25.438], [25.584, -25.606], [25.518, -25.663], [25.444, -25.714], [25.346, -25.74], [25.213, -25.756], [25.092, -25.751], [24.999, -25.754], [24.869, -25.813], [24.748, -25.817], [24.556, -25.783], [24.4, -25.75], [24.331, -25.743], [24.193, -25.633], [24.104, -25.635], [23.97, -25.626], [23.894, -25.601], [23.823, -25.545], [23.671, -25.434], [23.521, -25.344], [23.389, -25.291], [23.266, -25.267], [23.149, -25.289], [23.058, -25.312], [23.022, -25.324], [22.951, -25.37], [22.879, -25.458], [22.819, -25.595], [22.796, -25.679], [22.729, -25.857], [22.64, -26.071], [22.598, -26.133], [22.549, -26.178], [22.471, -26.219], [22.218, -26.389], [22.091, -26.58], [22.011, -26.636], [21.915, -26.662], [21.833, -26.678], [21.788, -26.71], [21.738, -26.807], [21.695, -26.841], [21.646, -26.854], [21.501, -26.843], [21.455, -26.833], [21.071, -26.852], [20.954, -26.821], [20.871, -26.809], [20.74, -26.849], [20.685, -26.822], [20.641, -26.742], [20.62, -26.581], [20.627, -26.444], [20.698, -26.34], [20.757, -26.264], [20.815, -26.165], [20.823, -26.121], [20.811, -26.081], [20.799, -25.999], [20.793, -25.916], [20.711, -25.733], [20.609, -25.491], [20.473, -25.221], [20.431, -25.147], [20.345, -25.03], [20.029, -24.807], [19.98, -24.777], [19.98, -24.752], [19.98, -24.536], [19.98, -24.249], [19.98, -23.962], [19.979, -23.676], [19.979, -23.389], [19.979, -23.103], [19.978, -22.816], [19.978, -22.529], [19.978, -22.243], [19.977, -22.0], [20.205, -22.0], [20.488, -22.0], [20.823, -22.0], [20.971, -22.0], [20.979, -21.962], [20.979, -21.784], [20.979, -21.376], [20.978, -20.968], [20.977, -20.56], [20.977, -20.152], [20.976, -19.744], [20.976, -19.336], [20.975, -18.929], [20.974, -18.521], [20.974, -18.319], [21.233, -18.307], [21.53, -18.266], [22.011, -18.199], [22.46, -18.116], [22.753, -18.067], [23.1, -18.01], [23.219, -18.0], [23.252, -18.008], [23.299, -18.027], [23.46, -18.231], [23.56, -18.386], [23.581, -18.453], [23.6, -18.46], [23.647, -18.449], [23.7, -18.424], [23.864, -18.27], [23.898, -18.229], [24.003, -18.154], [24.129, -18.078], [24.244, -18.023], [24.359, -17.978], [24.412, -17.989], [24.475, -18.029], [24.531, -18.053], [24.792, -17.865], [24.909, -17.821], [25.216, -17.788], [25.259, -17.794]]]}}, {"type": "Feature", "properties": {"ISO_A2": "IN", "ISO_A3": "IND", "NAME": "India", "fillColor": "#FF9933"}, "geometry": {"type": "MultiPolygon", "coordinates": [[[[68.165, 23.857], [68.234, 23.901], [68.283, 23.928], [68.381, 23.951], [68.489, 23.967], [68.587, 23.967], [68.724, 23.965], [68.728, 24.266], [68.74, 24.292], [68.759, 24.307], [68.781, 24.314], [68.8, 24.309], [68.828, 24.264], [68.863, 24.267], [68.901, 24.292], [68.985, 24.273], [69.052, 24.286], [69.12, 24.269], [69.235, 24.268], [69.443, 24.275], [69.559, 24.273], [69.634, 24.225], [69.716, 24.173], [69.805, 24.165], [69.934, 24.171], [70.021, 24.192], [70.065, 24.241], [70.098, 24.288], [70.289, 24.356], [70.489, 24.412], [70.547, 24.418], [70.565, 24.386], [70.556, 24.331], [70.579, 24.279], [70.659, 24.246], [70.716, 24.238], [70.767, 24.245], [70.805, 24.262], [70.886, 24.344], [70.928, 24.362], [70.983, 24.361], [71.044, 24.4], [71.045, 24.43], [71.006, 24.444], [70.973, 24.487], [70.979, 24.522], [70.97, 24.572], [70.976, 24.619], [71.002, 24.654], [71.048, 24.688], [71.021, 24.758], [70.951, 24.892], [70.878, 25.063], [70.8, 25.206], [70.703, 25.331], [70.652, 25.423], [70.657, 25.626], [70.648, 25.667], [70.615, 25.692], [70.57, 25.706], [70.506, 25.685], [70.449, 25.681], [70.325, 25.686], [70.265, 25.707], [70.1, 25.91], [70.079, 25.99], [70.078, 26.072], [70.133, 26.215], [70.149, 26.348], [70.157, 26.471], [70.148, 26.506], [70.115, 26.548], [70.059, 26.579], [69.911, 26.586], [69.736, 26.627], [69.601, 26.699], [69.507, 26.743], [69.481, 26.771], [69.47, 26.804], [69.495, 26.954], [69.537, 27.123], [69.568, 27.175], [69.622, 27.228], [69.661, 27.265], [69.725, 27.313], [69.896, 27.474], [70.05, 27.695], [70.145, 27.849], [70.194, 27.895], [70.244, 27.934], [70.318, 27.982], [70.404, 28.025], [70.489, 28.023], [70.569, 27.984], [70.629, 27.937], [70.649, 27.835], [70.692, 27.769], [70.737, 27.729], [70.798, 27.71], [70.875, 27.714], [71.185, 27.832], [71.29, 27.855], [71.543, 27.87], [71.717, 27.915], [71.87, 27.962], [71.889, 28.047], [71.948, 28.177], [72.129, 28.346], [72.179, 28.422], [72.234, 28.566], [72.292, 28.697], [72.342, 28.752], [72.626, 28.896], [72.903, 29.029], [72.949, 29.089], [73.128, 29.364], [73.231, 29.551], [73.258, 29.611], [73.317, 29.773], [73.382, 29.934], [73.467, 29.972], [73.658, 30.033], [73.809, 30.093], [73.887, 30.162], [73.933, 30.222], [73.925, 30.282], [73.883, 30.352], [73.892, 30.394], [73.899, 30.435], [74.009, 30.52], [74.216, 30.769], [74.339, 30.894], [74.38, 30.893], [74.51, 30.96], [74.633, 31.035], [74.626, 31.069], [74.61, 31.113], [74.54, 31.133], [74.518, 31.186], [74.535, 31.261], [74.594, 31.465], [74.582, 31.524], [74.51, 31.713], [74.526, 31.765], [74.556, 31.819], [74.636, 31.89], [74.739, 31.949], [75.071, 32.089], [75.139, 32.105], [75.254, 32.14], [75.325, 32.215], [75.333, 32.279], [75.303, 32.319], [75.234, 32.372], [75.104, 32.42], [74.987, 32.462], [74.789, 32.458], [74.686, 32.494], [74.658, 32.519], [74.643, 32.608], [74.663, 32.758], [74.632, 32.771], [74.588, 32.753], [74.483, 32.771], [74.355, 32.769], [74.305, 32.81], [74.33, 32.861], [74.323, 32.928], [74.304, 32.992], [74.284, 33.005], [74.222, 33.02], [74.126, 33.075], [74.049, 33.143], [74.004, 33.189], [73.99, 33.221], [73.994, 33.242], [74.05, 33.301], [74.118, 33.384], [74.143, 33.455], [74.15, 33.507], [74.131, 33.545], [74.07, 33.592], [74.004, 33.632], [73.978, 33.668], [73.976, 33.721], [74.001, 33.788], [74.078, 33.839], [74.216, 33.887], [74.251, 33.946], [74.246, 33.99], [74.209, 34.003], [74.113, 34.004], [73.95, 34.019], [73.922, 34.043], [73.904, 34.076], [73.904, 34.108], [73.938, 34.145], [73.979, 34.191], [73.972, 34.237], [73.925, 34.288], [73.81, 34.325], [73.795, 34.378], [73.812, 34.422], [73.85, 34.485], [73.883, 34.529], [73.961, 34.653], [74.056, 34.681], [74.172, 34.721], [74.3, 34.765], [74.498, 34.732], [74.594, 34.716], [74.789, 34.678], [74.952, 34.646], [75.118, 34.637], [75.188, 34.639], [75.264, 34.601], [75.453, 34.537], [75.606, 34.503], [75.709, 34.503], [75.862, 34.56], [75.938, 34.613], [76.041, 34.67], [76.172, 34.668], [76.457, 34.756], [76.51, 34.741], [76.594, 34.736], [76.696, 34.787], [76.749, 34.848], [76.758, 34.878], [76.783, 34.9], [76.892, 34.939], [77.001, 34.992], [77.031, 35.062], [77.049, 35.11], [77.169, 35.172], [77.293, 35.236], [77.423, 35.303], [77.572, 35.379], [77.697, 35.443], [77.799, 35.496], [77.803, 35.493], [77.811, 35.485], [77.852, 35.461], [77.895, 35.449], [77.946, 35.472], [78.009, 35.49], [78.043, 35.48], [78.047, 35.449], [78.009, 35.307], [78.012, 35.251], [78.076, 35.135], [78.158, 34.946], [78.236, 34.77], [78.282, 34.654], [78.327, 34.606], [78.516, 34.558], [78.671, 34.518], [78.763, 34.453], [78.865, 34.39], [78.936, 34.352], [78.97, 34.303], [78.977, 34.258], [78.971, 34.228], [78.932, 34.189], [78.753, 34.088], [78.732, 34.056], [78.727, 34.013], [78.762, 33.888], [78.784, 33.809], [78.79, 33.65], [78.802, 33.5], [78.865, 33.431], [78.917, 33.387], [78.948, 33.347], [79.013, 33.291], [79.067, 33.25], [79.112, 33.226], [79.135, 33.172], [79.122, 33.108], [79.103, 33.053], [79.109, 33.023], [79.146, 33.001], [79.202, 32.946], [79.21, 32.865], [79.206, 32.809], [79.228, 32.759], [79.234, 32.703], [79.217, 32.564], [79.219, 32.508], [79.219, 32.501], [79.17, 32.497], [79.127, 32.476], [79.067, 32.388], [78.998, 32.365], [78.919, 32.358], [78.838, 32.412], [78.771, 32.468], [78.754, 32.499], [78.737, 32.558], [78.701, 32.597], [78.632, 32.579], [78.526, 32.571], [78.412, 32.558], [78.392, 32.545], [78.39, 32.52], [78.417, 32.467], [78.441, 32.397], [78.455, 32.3], [78.486, 32.236], [78.496, 32.216], [78.678, 32.023], [78.726, 31.984], [78.735, 31.958], [78.72, 31.888], [78.687, 31.806], [78.693, 31.74], [78.754, 31.668], [78.803, 31.618], [78.755, 31.55], [78.727, 31.472], [78.759, 31.437], [78.744, 31.324], [78.758, 31.302], [78.792, 31.294], [78.845, 31.302], [78.9, 31.331], [78.946, 31.337], [78.974, 31.329], [79.011, 31.414], [79.044, 31.426], [79.107, 31.403], [79.233, 31.242], [79.339, 31.106], [79.37, 31.08], [79.388, 31.064], [79.493, 30.994], [79.565, 30.949], [79.664, 30.965], [79.795, 30.968], [79.872, 30.925], [79.917, 30.894], [79.919, 30.89], [79.925, 30.889], [80.081, 30.782], [80.149, 30.79], [80.194, 30.759], [80.207, 30.684], [80.186, 30.605], [80.191, 30.568], [80.261, 30.561], [80.41, 30.509], [80.541, 30.464], [80.609, 30.449], [80.682, 30.415], [80.747, 30.36], [80.874, 30.291], [80.985, 30.237], [81.01, 30.165], [80.966, 30.18], [80.908, 30.172], [80.848, 30.14], [80.82, 30.119], [80.684, 29.994], [80.613, 29.956], [80.549, 29.9], [80.402, 29.73], [80.317, 29.572], [80.255, 29.423], [80.256, 29.318], [80.233, 29.195], [80.17, 29.124], [80.13, 29.1], [80.085, 28.994], [80.052, 28.87], [80.071, 28.83], [80.15, 28.776], [80.227, 28.723], [80.325, 28.666], [80.419, 28.612], [80.479, 28.605], [80.496, 28.636], [80.518, 28.665], [80.587, 28.65], [80.671, 28.596], [80.726, 28.554], [80.751, 28.54], [80.896, 28.469], [81.017, 28.41], [81.169, 28.335], [81.206, 28.289], [81.239, 28.241], [81.311, 28.176], [81.486, 28.062], [81.636, 27.98], [81.757, 27.914], [81.853, 27.867], [81.897, 27.874], [81.945, 27.899], [81.988, 27.914], [82.037, 27.901], [82.112, 27.865], [82.288, 27.757], [82.451, 27.672], [82.63, 27.687], [82.677, 27.673], [82.711, 27.597], [82.733, 27.519], [82.933, 27.468], [83.064, 27.445], [83.214, 27.402], [83.29, 27.371], [83.369, 27.41], [83.384, 27.445], [83.447, 27.465], [83.552, 27.456], [83.747, 27.396], [83.829, 27.378], [83.897, 27.435], [84.025, 27.462], [84.091, 27.491], [84.23, 27.428], [84.481, 27.348], [84.61, 27.299], [84.641, 27.25], [84.655, 27.204], [84.654, 27.092], [84.685, 27.041], [84.937, 26.927], [85.02, 26.879], [85.087, 26.863], [85.125, 26.861], [85.152, 26.847], [85.174, 26.782], [85.192, 26.767], [85.24, 26.75], [85.293, 26.741], [85.456, 26.797], [85.568, 26.84], [85.648, 26.829], [85.7, 26.782], [85.707, 26.713], [85.737, 26.64], [85.795, 26.604], [85.856, 26.6], [86.007, 26.649], [86.129, 26.612], [86.242, 26.598], [86.366, 26.574], [86.414, 26.556], [86.544, 26.496], [86.701, 26.435], [86.763, 26.442], [87.016, 26.555], [87.038, 26.542], [87.09, 26.433], [87.167, 26.394], [87.287, 26.36], [87.414, 26.423], [87.513, 26.405], [87.633, 26.399], [87.749, 26.429], [87.849, 26.437], [87.995, 26.382], [88.027, 26.395], [88.055, 26.43], [88.112, 26.586], [88.162, 26.725], [88.157, 26.807], [88.111, 26.928], [87.993, 27.086], [87.984, 27.134], [88.024, 27.409], [88.068, 27.567], [88.106, 27.642], [88.147, 27.749], [88.154, 27.799], [88.15, 27.843], [88.11, 27.871], [88.099, 27.905], [88.109, 27.933], [88.141, 27.949], [88.275, 27.969], [88.426, 28.012], [88.486, 28.034], [88.532, 28.057], [88.578, 28.093], [88.621, 28.092], [88.756, 28.04], [88.804, 28.007], [88.829, 27.907], [88.849, 27.869], [88.83, 27.767], [88.749, 27.522], [88.765, 27.43], [88.833, 27.363], [88.891, 27.316], [88.882, 27.297], [88.76, 27.218], [88.739, 27.176], [88.766, 27.134], [88.814, 27.099], [88.835, 27.066], [88.858, 26.961], [88.919, 26.932], [89.041, 26.865], [89.148, 26.816], [89.332, 26.849], [89.384, 26.827], [89.475, 26.803], [89.545, 26.796], [89.586, 26.779], [89.609, 26.762], [89.606, 26.741], [89.61, 26.719], [89.711, 26.714], [89.764, 26.702], [89.943, 26.724], [90.123, 26.755], [90.206, 26.848], [90.242, 26.854], [90.346, 26.89], [90.448, 26.851], [90.56, 26.797], [90.62, 26.78], [90.74, 26.772], [90.856, 26.778], [91.134, 26.803], [91.287, 26.79], [91.427, 26.867], [91.456, 26.867], [91.518, 26.807], [91.672, 26.802], [91.754, 26.831], [91.842, 26.853], [91.899, 26.86], [91.944, 26.861], [91.998, 26.855], [92.05, 26.875], [92.073, 26.915], [92.068, 26.975], [92.031, 27.041], [91.999, 27.079], [91.992, 27.1], [92.003, 27.147], [92.031, 27.214], [92.083, 27.291], [92.045, 27.365], [91.991, 27.45], [91.951, 27.458], [91.851, 27.439], [91.743, 27.443], [91.658, 27.494], [91.595, 27.558], [91.579, 27.611], [91.598, 27.677], [91.626, 27.737], [91.632, 27.76], [91.713, 27.76], [91.825, 27.746], [91.909, 27.73], [91.978, 27.73], [92.101, 27.808], [92.158, 27.812], [92.222, 27.827], [92.25, 27.842], [92.27, 27.83], [92.341, 27.821], [92.415, 27.825], [92.481, 27.846], [92.547, 27.879], [92.664, 27.949], [92.688, 27.989], [92.688, 28.026], [92.666, 28.05], [92.643, 28.062], [92.653, 28.093], [92.702, 28.147], [92.882, 28.228], [93.035, 28.328], [93.119, 28.402], [93.158, 28.493], [93.207, 28.591], [93.252, 28.629], [93.361, 28.654], [93.665, 28.69], [93.761, 28.73], [93.902, 28.803], [93.974, 28.861], [94.013, 28.908], [94.018, 28.96], [94.112, 28.976], [94.193, 29.06], [94.293, 29.145], [94.468, 29.216], [94.623, 29.312], [94.677, 29.297], [94.733, 29.252], [94.763, 29.201], [94.769, 29.176], [94.967, 29.144], [94.999, 29.149], [95.145, 29.104], [95.279, 29.05], [95.353, 29.036], [95.389, 29.037], [95.42, 29.054], [95.457, 29.102], [95.494, 29.137], [95.517, 29.151], [95.516, 29.206], [95.71, 29.314], [95.885, 29.391], [96.035, 29.447], [96.08, 29.424], [96.129, 29.381], [96.195, 29.272], [96.235, 29.246], [96.337, 29.261], [96.356, 29.249], [96.34, 29.21], [96.271, 29.161], [96.181, 29.118], [96.122, 29.082], [96.141, 28.963], [96.137, 28.923], [96.162, 28.91], [96.347, 29.027], [96.436, 29.051], [96.467, 29.022], [96.477, 28.959], [96.55, 28.83], [96.581, 28.764], [96.396, 28.607], [96.327, 28.525], [96.33, 28.497], [96.326, 28.469], [96.279, 28.428], [96.281, 28.412], [96.32, 28.387], [96.366, 28.367], [96.389, 28.368], [96.428, 28.406], [96.603, 28.46], [96.653, 28.45], [96.776, 28.367], [96.833, 28.362], [96.981, 28.338], [97.075, 28.369], [97.145, 28.34], [97.289, 28.237], [97.322, 28.218], [97.31, 28.155], [97.303, 28.086], [97.339, 28.031], [97.344, 27.982], [97.335, 27.938], [97.306, 27.907], [97.226, 27.89], [97.158, 27.837], [97.05, 27.76], [96.963, 27.698], [96.9, 27.644], [96.877, 27.587], [96.884, 27.515], [96.902, 27.44], [97.104, 27.163], [97.102, 27.115], [97.038, 27.102], [96.953, 27.133], [96.88, 27.178], [96.798, 27.296], [96.732, 27.331], [96.666, 27.339], [96.274, 27.278], [96.191, 27.261], [96.061, 27.217], [95.971, 27.128], [95.905, 27.047], [95.837, 27.014], [95.738, 26.95], [95.464, 26.756], [95.305, 26.672], [95.201, 26.641], [95.129, 26.597], [95.089, 26.525], [95.06, 26.474], [95.051, 26.347], [95.069, 26.191], [95.108, 26.091], [95.129, 26.07], [95.132, 26.041], [95.093, 25.987], [95.041, 25.941], [95.015, 25.913], [94.992, 25.77], [94.946, 25.7], [94.861, 25.597], [94.786, 25.519], [94.668, 25.459], [94.623, 25.41], [94.58, 25.32], [94.554, 25.243], [94.553, 25.216], [94.567, 25.192], [94.616, 25.165], [94.675, 25.139], [94.704, 25.098], [94.708, 25.049], [94.663, 24.931], [94.584, 24.767], [94.493, 24.638], [94.399, 24.514], [94.377, 24.474], [94.293, 24.322], [94.22, 24.113], [94.17, 23.973], [94.128, 23.876], [94.075, 23.872], [94.011, 23.903], [93.855, 23.944], [93.756, 23.977], [93.683, 24.007], [93.633, 24.005], [93.564, 23.986], [93.494, 23.973], [93.452, 23.987], [93.356, 24.074], [93.326, 24.064], [93.307, 24.022], [93.373, 23.774], [93.415, 23.682], [93.408, 23.528], [93.391, 23.339], [93.366, 23.133], [93.349, 23.085], [93.308, 23.03], [93.254, 23.015], [93.204, 23.037], [93.164, 23.032], [93.151, 22.997], [93.162, 22.908], [93.114, 22.806], [93.079, 22.718], [93.088, 22.633], [93.105, 22.547], [93.162, 22.36], [93.162, 22.292], [93.151, 22.231], [93.121, 22.205], [93.071, 22.209], [93.043, 22.184], [93.022, 22.146], [92.965, 22.004], [92.909, 21.989], [92.854, 22.01], [92.771, 22.105], [92.721, 22.132], [92.689, 22.131], [92.675, 22.106], [92.653, 22.049], [92.63, 22.011], [92.575, 21.978], [92.561, 22.048], [92.532, 22.41], [92.51, 22.526], [92.491, 22.685], [92.464, 22.734], [92.43, 22.822], [92.393, 22.897], [92.362, 22.929], [92.341, 23.07], [92.334, 23.242], [92.334, 23.324], [92.289, 23.492], [92.246, 23.684], [92.187, 23.676], [92.152, 23.722], [92.127, 23.721], [92.044, 23.678], [91.979, 23.692], [91.93, 23.686], [91.929, 23.598], [91.938, 23.505], [91.919, 23.471], [91.79, 23.361], [91.754, 23.287], [91.758, 23.21], [91.774, 23.106], [91.751, 23.054], [91.695, 23.005], [91.62, 22.98], [91.554, 22.992], [91.511, 23.034], [91.471, 23.141], [91.436, 23.2], [91.399, 23.214], [91.371, 23.198], [91.367, 23.13], [91.369, 23.075], [91.359, 23.068], [91.339, 23.077], [91.315, 23.104], [91.254, 23.374], [91.166, 23.581], [91.16, 23.661], [91.192, 23.763], [91.232, 23.92], [91.336, 24.019], [91.35, 24.06], [91.367, 24.094], [91.393, 24.1], [91.526, 24.091], [91.571, 24.107], [91.611, 24.153], [91.669, 24.19], [91.727, 24.205], [91.772, 24.211], [91.846, 24.175], [91.877, 24.195], [91.899, 24.261], [91.931, 24.326], [91.952, 24.357], [92.001, 24.371], [92.064, 24.374], [92.085, 24.386], [92.102, 24.408], [92.117, 24.494], [92.198, 24.686], [92.227, 24.771], [92.231, 24.786], [92.228, 24.881], [92.251, 24.895], [92.385, 24.849], [92.443, 24.849], [92.475, 24.869], [92.485, 24.903], [92.468, 24.944], [92.373, 25.015], [92.205, 25.111], [92.05, 25.169], [91.763, 25.161], [91.48, 25.142], [91.397, 25.152], [91.293, 25.178], [91.038, 25.174], [90.73, 25.159], [90.613, 25.168], [90.555, 25.167], [90.439, 25.158], [90.25, 25.185], [90.12, 25.22], [90.004, 25.258], [89.866, 25.293], [89.833, 25.293], [89.814, 25.305], [89.801, 25.336], [89.796, 25.376], [89.825, 25.56], [89.8, 25.84], [89.823, 25.941], [89.71, 26.171], [89.671, 26.214], [89.619, 26.216], [89.586, 26.186], [89.573, 26.132], [89.591, 26.072], [89.55, 26.005], [89.467, 25.984], [89.37, 26.006], [89.289, 26.038], [89.186, 26.106], [89.108, 26.202], [89.102, 26.308], [89.067, 26.377], [89.019, 26.41], [88.983, 26.42], [88.952, 26.412], [88.924, 26.375], [88.948, 26.338], [88.982, 26.286], [88.97, 26.251], [88.941, 26.245], [88.896, 26.26], [88.828, 26.252], [88.762, 26.279], [88.722, 26.282], [88.683, 26.292], [88.681, 26.353], [88.62, 26.431], [88.518, 26.518], [88.418, 26.572], [88.37, 26.564], [88.346, 26.505], [88.351, 26.483], [88.386, 26.472], [88.437, 26.437], [88.448, 26.401], [88.44, 26.369], [88.378, 26.312], [88.334, 26.258], [88.235, 26.178], [88.151, 26.087], [88.129, 26.018], [88.097, 25.956], [88.085, 25.888], [88.107, 25.841], [88.147, 25.811], [88.253, 25.79], [88.363, 25.698], [88.452, 25.574], [88.502, 25.537], [88.593, 25.495], [88.769, 25.49], [88.795, 25.456], [88.82, 25.366], [88.855, 25.334], [88.944, 25.291], [88.952, 25.259], [88.93, 25.223], [88.89, 25.194], [88.817, 25.176], [88.748, 25.169], [88.678, 25.18], [88.574, 25.188], [88.456, 25.188], [88.373, 24.962], [88.313, 24.882], [88.279, 24.882], [88.189, 24.921], [88.15, 24.915], [88.045, 24.713], [88.03, 24.664], [88.023, 24.628], [88.079, 24.55], [88.146, 24.486], [88.225, 24.461], [88.287, 24.48], [88.338, 24.454], [88.397, 24.389], [88.499, 24.347], [88.642, 24.326], [88.724, 24.275], [88.734, 24.231], [88.727, 24.186], [88.714, 24.07], [88.7, 24.003], [88.623, 23.826], [88.567, 23.674], [88.596, 23.602], [88.616, 23.573], [88.636, 23.55], [88.698, 23.493], [88.741, 23.437], [88.704, 23.293], [88.724, 23.255], [88.808, 23.23], [88.897, 23.21], [88.928, 23.187], [88.851, 23.041], [88.867, 22.939], [88.9, 22.844], [88.923, 22.688], [88.927, 22.671], [88.921, 22.632], [88.971, 22.511], [89.05, 22.275], [89.056, 22.186], [89.051, 22.093], [89.028, 21.937], [88.949, 21.938], [89.02, 21.834], [89.042, 21.759], [89.052, 21.654], [88.967, 21.641], [88.907, 21.653], [88.858, 21.745], [88.834, 21.661], [88.745, 21.584], [88.713, 21.622], [88.695, 21.662], [88.691, 21.733], [88.74, 22.005], [88.73, 22.036], [88.708, 22.056], [88.66, 22.067], [88.642, 22.122], [88.567, 21.832], [88.6, 21.714], [88.585, 21.66], [88.446, 21.614], [88.305, 21.723], [88.287, 21.758], [88.279, 21.697], [88.254, 21.622], [88.122, 21.636], [88.057, 21.694], [88.099, 21.794], [88.181, 22.033], [88.196, 22.14], [88.087, 22.218], [87.994, 22.266], [87.941, 22.374], [87.962, 22.255], [88.011, 22.213], [88.083, 22.183], [88.159, 22.122], [88.104, 22.047], [88.051, 22.001], [87.948, 21.825], [87.824, 21.727], [87.678, 21.654], [87.201, 21.545], [87.101, 21.501], [86.954, 21.365], [86.86, 21.237], [86.842, 21.106], [86.896, 20.966], [86.939, 20.745], [86.975, 20.7], [86.925, 20.62], [86.836, 20.534], [86.763, 20.419], [86.769, 20.356], [86.75, 20.313], [86.499, 20.172], [86.446, 20.089], [86.377, 20.007], [86.294, 20.054], [86.245, 20.053], [86.312, 19.988], [86.303, 19.945], [86.279, 19.919], [86.216, 19.896], [85.853, 19.792], [85.575, 19.693], [85.497, 19.697], [85.511, 19.727], [85.56, 19.753], [85.555, 19.867], [85.504, 19.888], [85.46, 19.896], [85.249, 19.758], [85.163, 19.621], [85.181, 19.595], [85.229, 19.601], [85.371, 19.679], [85.437, 19.657], [85.442, 19.627], [85.226, 19.508], [84.771, 19.125], [84.75, 19.05], [84.691, 18.965], [84.609, 18.884], [84.463, 18.69], [84.182, 18.401], [84.104, 18.293], [83.654, 18.07], [83.572, 18.004], [83.388, 17.787], [83.198, 17.609], [82.977, 17.462], [82.593, 17.274], [82.36, 17.096], [82.287, 16.978], [82.282, 16.936], [82.307, 16.879], [82.35, 16.825], [82.36, 16.783], [82.339, 16.707], [82.327, 16.664], [82.259, 16.56], [82.142, 16.485], [81.762, 16.329], [81.712, 16.334], [81.402, 16.365], [81.286, 16.337], [81.239, 16.264], [81.132, 15.962], [81.03, 15.881], [80.993, 15.809], [80.979, 15.758], [80.918, 15.76], [80.865, 15.782], [80.826, 15.766], [80.782, 15.867], [80.708, 15.888], [80.647, 15.895], [80.385, 15.793], [80.293, 15.711], [80.101, 15.324], [80.053, 15.074], [80.099, 14.798], [80.165, 14.578], [80.179, 14.478], [80.17, 14.349], [80.136, 14.287], [80.112, 14.212], [80.144, 14.059], [80.224, 13.858], [80.244, 13.773], [80.246, 13.686], [80.307, 13.485], [80.266, 13.521], [80.233, 13.606], [80.156, 13.714], [80.062, 13.606], [80.114, 13.529], [80.29, 13.437], [80.342, 13.361], [80.229, 12.69], [80.143, 12.452], [80.037, 12.296], [79.982, 12.235], [79.858, 11.989], [79.771, 11.69], [79.754, 11.575], [79.793, 11.447], [79.749, 11.371], [79.693, 11.313], [79.799, 11.339], [79.835, 11.269], [79.849, 11.197], [79.85, 10.769], [79.838, 10.323], [79.757, 10.304], [79.667, 10.3], [79.589, 10.312], [79.532, 10.33], [79.391, 10.306], [79.315, 10.257], [79.254, 10.175], [79.258, 10.035], [78.996, 9.683], [78.94, 9.566], [78.919, 9.453], [78.953, 9.394], [79.02, 9.333], [79.107, 9.309], [79.275, 9.285], [79.356, 9.252], [79.411, 9.192], [79.213, 9.256], [78.98, 9.269], [78.421, 9.105], [78.275, 8.99], [78.192, 8.891], [78.136, 8.663], [78.126, 8.511], [78.06, 8.385], [77.77, 8.19], [77.587, 8.13], [77.518, 8.078], [77.301, 8.145], [77.066, 8.316], [76.967, 8.407], [76.617, 8.847], [76.553, 8.903], [76.483, 9.091], [76.472, 9.161], [76.452, 9.189], [76.419, 9.208], [76.403, 9.237], [76.325, 9.452], [76.292, 9.676], [76.242, 9.927], [76.285, 9.91], [76.343, 9.827], [76.372, 9.707], [76.376, 9.54], [76.42, 9.52], [76.459, 9.536], [76.346, 9.922], [76.249, 10.018], [76.223, 10.024], [76.196, 10.086], [76.193, 10.164], [76.201, 10.201], [76.123, 10.327], [76.096, 10.402], [75.923, 10.784], [75.845, 11.058], [75.724, 11.362], [75.646, 11.468], [75.525, 11.703], [75.423, 11.812], [75.315, 11.958], [75.23, 12.023], [75.197, 12.058], [74.946, 12.565], [74.868, 12.845], [74.803, 12.977], [74.771, 13.077], [74.682, 13.507], [74.682, 13.584], [74.671, 13.668], [74.608, 13.85], [74.499, 14.046], [74.467, 14.169], [74.467, 14.217], [74.397, 14.407], [74.382, 14.495], [74.335, 14.575], [74.28, 14.65], [74.223, 14.709], [74.089, 14.902], [74.041, 14.949], [73.949, 15.075], [73.884, 15.306], [73.801, 15.397], [73.932, 15.397], [73.852, 15.482], [73.814, 15.539], [73.772, 15.573], [73.833, 15.659], [73.733, 15.657], [73.68, 15.709], [73.608, 15.871], [73.476, 16.054], [73.454, 16.152], [73.338, 16.46], [73.239, 17.199], [73.149, 17.527], [73.156, 17.622], [73.047, 17.907], [72.994, 18.098], [72.972, 18.259], [72.943, 18.366], [72.917, 18.576], [72.875, 18.643], [72.871, 18.683], [72.899, 18.779], [72.977, 18.927], [73.006, 19.021], [72.972, 19.153], [72.901, 19.015], [72.835, 18.976], [72.803, 19.079], [72.803, 19.219], [72.795, 19.252], [72.812, 19.299], [72.987, 19.277], [72.788, 19.363], [72.764, 19.413], [72.756, 19.451], [72.799, 19.52], [72.727, 19.578], [72.697, 19.757], [72.676, 19.798], [72.668, 19.831], [72.709, 20.078], [72.881, 20.563], [72.894, 20.673], [72.879, 20.829], [72.841, 20.952], [72.824, 21.084], [72.814, 21.117], [72.752, 21.129], [72.692, 21.178], [72.624, 21.372], [72.687, 21.436], [72.735, 21.471], [72.668, 21.456], [72.613, 21.462], [72.718, 21.551], [72.811, 21.62], [73.022, 21.7], [73.112, 21.75], [72.979, 21.705], [72.84, 21.687], [72.543, 21.697], [72.592, 21.878], [72.644, 21.938], [72.7, 21.972], [72.617, 21.962], [72.522, 21.976], [72.553, 22.16], [72.628, 22.2], [72.709, 22.207], [72.809, 22.233], [72.702, 22.264], [72.59, 22.278], [72.456, 22.248], [72.333, 22.27], [72.183, 22.27], [72.243, 22.245], [72.306, 22.189], [72.274, 22.09], [72.244, 22.028], [72.162, 21.985], [72.094, 21.92], [72.076, 21.863], [72.037, 21.823], [72.103, 21.795], [72.171, 21.774], [72.21, 21.728], [72.257, 21.661], [72.254, 21.531], [72.077, 21.224], [72.015, 21.156], [71.571, 20.971], [71.396, 20.87], [71.025, 20.739], [70.88, 20.715], [70.719, 20.74], [70.485, 20.84], [70.127, 21.095], [70.034, 21.179], [69.748, 21.506], [69.542, 21.679], [69.385, 21.84], [69.192, 21.992], [69.009, 22.197], [68.97, 22.29], [68.983, 22.385], [69.052, 22.437], [69.131, 22.416], [69.194, 22.336], [69.239, 22.3], [69.277, 22.285], [69.549, 22.408], [69.655, 22.404], [69.728, 22.465], [69.819, 22.452], [70.006, 22.548], [70.084, 22.554], [70.177, 22.573], [70.328, 22.816], [70.44, 22.97], [70.513, 23.002], [70.509, 23.04], [70.489, 23.09], [70.435, 23.077], [70.396, 23.03], [70.368, 22.973], [70.339, 22.94], [70.251, 22.971], [70.192, 22.966], [70.118, 22.947], [69.85, 22.856], [69.74, 22.775], [69.665, 22.759], [69.236, 22.849], [68.817, 23.054], [68.641, 23.19], [68.529, 23.364], [68.417, 23.571], [68.454, 23.629], [68.627, 23.754], [68.777, 23.852], [68.642, 23.808], [68.497, 23.748], [68.425, 23.706], [68.343, 23.617], [68.235, 23.597], [68.192, 23.729], [68.165, 23.857]]], [[[93.89, 6.831], [93.829, 6.749], [93.709, 7.001], [93.658, 7.016], [93.656, 7.136], [93.684, 7.184], [93.822, 7.237], [93.859, 7.207], [93.93, 6.973], [93.89, 6.831]]], [[[93.734, 7.356], [93.638, 7.262], [93.597, 7.319], [93.614, 7.358], [93.655, 7.38], [93.692, 7.411], [93.734, 7.356]]], [[[93.141, 8.25], [93.171, 8.212], [93.115, 8.219], [93.064, 8.275], [93.078, 8.328], [93.097, 8.349], [93.141, 8.25]]], [[[93.443, 7.878], [93.365, 7.877], [93.342, 7.919], [93.309, 7.964], [93.334, 8.007], [93.375, 8.018], [93.434, 7.948], [93.447, 7.899], [93.443, 7.878]]], [[[93.537, 8.057], [93.49, 8.019], [93.478, 8.024], [93.472, 8.053], [93.47, 8.073], [93.461, 8.109], [93.456, 8.172], [93.494, 8.225], [93.532, 8.214], [93.512, 8.16], [93.537, 8.057]]], [[[92.787, 9.137], [92.744, 9.131], [92.717, 9.165], [92.713, 9.205], [92.739, 9.231], [92.762, 9.244], [92.786, 9.241], [92.809, 9.173], [92.787, 9.137]]], [[[92.503, 10.555], [92.473, 10.521], [92.37, 10.547], [92.377, 10.651], [92.353, 10.751], [92.371, 10.794], [92.448, 10.866], [92.51, 10.897], [92.554, 10.8], [92.574, 10.704], [92.503, 10.555]]], [[[92.693, 11.381], [92.645, 11.361], [92.596, 11.386], [92.634, 11.427], [92.64, 11.509], [92.69, 11.463], [92.687, 11.411], [92.693, 11.381]]], [[[92.723, 11.536], [92.701, 11.513], [92.668, 11.539], [92.576, 11.718], [92.56, 11.833], [92.534, 11.873], [92.567, 11.931], [92.608, 11.95], [92.632, 12.014], [92.641, 12.112], [92.676, 12.192], [92.695, 12.215], [92.769, 12.216], [92.788, 12.226], [92.778, 12.303], [92.734, 12.336], [92.719, 12.357], [92.721, 12.541], [92.732, 12.616], [92.759, 12.669], [92.74, 12.78], [92.753, 12.821], [92.807, 12.879], [92.831, 13.003], [92.809, 13.04], [92.86, 13.231], [92.857, 13.358], [92.925, 13.486], [93.029, 13.544], [93.062, 13.545], [93.067, 13.436], [93.077, 13.401], [93.016, 13.336], [93.074, 13.252], [93.066, 13.222], [93.043, 13.155], [93.005, 13.089], [92.951, 13.062], [92.91, 12.975], [92.886, 12.942], [92.965, 12.85], [92.99, 12.539], [92.933, 12.453], [92.864, 12.436], [92.879, 12.228], [92.867, 12.181], [92.799, 12.079], [92.786, 12.035], [92.748, 11.993], [92.764, 11.94], [92.797, 11.918], [92.798, 11.875], [92.767, 11.765], [92.765, 11.639], [92.723, 11.536]]], [[[93.017, 12.037], [93.062, 11.899], [92.982, 11.959], [92.955, 12.002], [92.996, 12.032], [93.017, 12.037]]], [[[92.718, 12.865], [92.686, 12.8], [92.68, 12.939], [92.694, 12.957], [92.711, 12.962], [92.731, 12.949], [92.718, 12.865]]], [[[72.78, 11.202], [72.773, 11.196], [72.772, 11.214], [72.782, 11.243], [72.793, 11.263], [72.796, 11.26], [72.793, 11.242], [72.788, 11.216], [72.78, 11.202]]], [[[73.067, 8.269], [73.053, 8.257], [73.039, 8.252], [73.029, 8.254], [73.023, 8.266], [73.026, 8.275], [73.039, 8.265], [73.056, 8.275], [73.075, 8.306], [73.079, 8.317], [73.084, 8.311], [73.08, 8.293], [73.067, 8.269]]]]}}, {"type": "Feature", "properties": {"ISO_A2": "ME", "ISO_A3": "MNE", "NAME": "Montenegro", "fillColor": "#C40309"}, "geometry": {"type": "Polygon", "coordinates": [[[19.194, 43.533], [19.192, 43.521], [19.196, 43.485], [19.219, 43.45], [19.298, 43.414], [19.415, 43.343], [19.552, 43.212], [19.614, 43.173], [19.671, 43.164], [19.781, 43.11], [19.858, 43.097], [19.944, 43.082], [20.168, 42.969], [20.268, 42.935], [20.34, 42.893], [20.348, 42.853], [20.344, 42.828], [20.215, 42.799], [20.193, 42.755], [20.13, 42.76], [20.054, 42.76], [20.029, 42.732], [20.066, 42.686], [20.089, 42.632], [20.07, 42.557], [20.064, 42.547], [20.046, 42.55], [19.939, 42.507], [19.86, 42.486], [19.788, 42.476], [19.754, 42.497], [19.738, 42.525], [19.741, 42.607], [19.728, 42.635], [19.703, 42.648], [19.654, 42.629], [19.597, 42.565], [19.545, 42.492], [19.465, 42.415], [19.4, 42.342], [19.329, 42.249], [19.281, 42.173], [19.331, 42.129], [19.361, 42.069], [19.352, 42.024], [19.361, 41.998], [19.346, 41.919], [19.342, 41.869], [19.186, 41.949], [19.122, 42.06], [18.894, 42.249], [18.633, 42.378], [18.619, 42.398], [18.633, 42.423], [18.646, 42.443], [18.592, 42.444], [18.554, 42.429], [18.517, 42.433], [18.477, 42.481], [18.438, 42.523], [18.436, 42.56], [18.454, 42.565], [18.48, 42.579], [18.535, 42.62], [18.546, 42.642], [18.543, 42.674], [18.466, 42.777], [18.455, 42.844], [18.444, 42.968], [18.46, 42.998], [18.488, 43.012], [18.624, 43.028], [18.622, 43.125], [18.63, 43.154], [18.657, 43.194], [18.674, 43.231], [18.749, 43.284], [18.851, 43.346], [18.896, 43.348], [18.935, 43.339], [18.979, 43.285], [19.027, 43.292], [19.037, 43.357], [18.974, 43.442], [18.94, 43.497], [18.951, 43.527], [18.974, 43.542], [19.028, 43.533], [19.08, 43.518], [19.113, 43.528], [19.164, 43.535], [19.194, 43.533]]]}}, {"type": "Feature", "properties": {"ISO_A2": "KH", "ISO_A3": "KHM", "NAME": "Cambodia", "fillColor": "#E00025"}, "geometry": {"type": "MultiPolygon", "coordinates": [[[[103.045, 11.285], [103.027, 11.275], [103.011, 11.276], [102.993, 11.29], [102.995, 11.348], [103.008, 11.383], [103.037, 11.39], [103.045, 11.285]]], [[[103.318, 10.719], [103.281, 10.68], [103.223, 10.76], [103.223, 10.782], [103.318, 10.719]]], [[[107.519, 14.705], [107.535, 14.65], [107.493, 14.546], [107.448, 14.451], [107.364, 14.369], [107.36, 14.308], [107.331, 14.127], [107.343, 14.069], [107.362, 14.019], [107.389, 13.993], [107.462, 13.816], [107.529, 13.654], [107.594, 13.522], [107.605, 13.438], [107.546, 13.225], [107.475, 13.03], [107.482, 12.933], [107.512, 12.836], [107.544, 12.706], [107.555, 12.54], [107.538, 12.432], [107.506, 12.365], [107.446, 12.296], [107.393, 12.26], [107.33, 12.319], [107.28, 12.322], [107.212, 12.304], [107.159, 12.277], [107.051, 12.176], [106.931, 12.077], [106.765, 12.052], [106.7, 11.979], [106.631, 11.969], [106.5, 11.966], [106.414, 11.948], [106.418, 11.912], [106.411, 11.738], [106.412, 11.698], [106.399, 11.687], [106.34, 11.682], [106.239, 11.708], [106.103, 11.751], [106.006, 11.758], [105.956, 11.682], [105.927, 11.653], [105.89, 11.648], [105.851, 11.635], [105.838, 11.601], [105.835, 11.559], [105.854, 11.487], [105.861, 11.372], [105.856, 11.294], [105.892, 11.245], [106.1, 11.079], [106.161, 11.037], [106.168, 11.012], [106.132, 10.922], [106.164, 10.795], [106.099, 10.797], [105.99, 10.852], [105.938, 10.885], [105.875, 10.858], [105.853, 10.864], [105.811, 10.926], [105.755, 10.99], [105.698, 10.994], [105.577, 10.969], [105.453, 10.951], [105.406, 10.952], [105.387, 10.94], [105.315, 10.845], [105.284, 10.861], [105.159, 10.898], [105.046, 10.911], [105.022, 10.887], [105.036, 10.809], [105.061, 10.734], [105.046, 10.702], [104.984, 10.662], [104.901, 10.59], [104.851, 10.534], [104.815, 10.521], [104.69, 10.523], [104.564, 10.516], [104.514, 10.463], [104.467, 10.422], [104.426, 10.411], [104.262, 10.541], [103.937, 10.587], [103.902, 10.644], [103.871, 10.655], [103.841, 10.581], [103.662, 10.509], [103.587, 10.552], [103.532, 10.605], [103.54, 10.669], [103.592, 10.721], [103.681, 10.759], [103.722, 10.89], [103.654, 11.059], [103.595, 11.108], [103.532, 11.147], [103.467, 11.084], [103.411, 10.977], [103.354, 10.922], [103.272, 10.909], [103.153, 10.914], [103.106, 11.074], [103.091, 11.211], [103.107, 11.368], [103.125, 11.461], [103.011, 11.589], [103.004, 11.711], [102.949, 11.773], [102.932, 11.742], [102.934, 11.707], [102.918, 11.732], [102.737, 12.09], [102.706, 12.256], [102.737, 12.383], [102.756, 12.426], [102.703, 12.494], [102.63, 12.57], [102.5, 12.67], [102.491, 12.828], [102.462, 13.015], [102.423, 13.078], [102.363, 13.193], [102.331, 13.288], [102.32, 13.54], [102.336, 13.56], [102.429, 13.568], [102.547, 13.586], [102.566, 13.626], [102.545, 13.66], [102.62, 13.717], [102.729, 13.842], [102.813, 13.972], [102.873, 14.055], [102.909, 14.137], [103.031, 14.253], [103.199, 14.333], [103.313, 14.351], [103.432, 14.379], [103.546, 14.417], [103.6, 14.421], [103.742, 14.374], [103.818, 14.362], [103.899, 14.363], [103.982, 14.358], [104.054, 14.363], [104.228, 14.396], [104.412, 14.37], [104.576, 14.39], [104.779, 14.428], [104.879, 14.404], [104.97, 14.366], [104.982, 14.289], [105.003, 14.254], [105.034, 14.227], [105.074, 14.227], [105.126, 14.281], [105.169, 14.336], [105.183, 14.346], [105.186, 14.319], [105.207, 14.259], [105.246, 14.201], [105.285, 14.161], [105.35, 14.11], [105.393, 14.107], [105.532, 14.156], [105.74, 14.085], [105.764, 14.049], [105.831, 13.977], [105.904, 13.925], [106.067, 13.921], [106.125, 14.049], [106.097, 14.127], [106.004, 14.263], [105.979, 14.343], [106.008, 14.357], [106.165, 14.372], [106.191, 14.388], [106.225, 14.476], [106.268, 14.466], [106.355, 14.455], [106.447, 14.515], [106.501, 14.578], [106.531, 14.549], [106.564, 14.505], [106.599, 14.479], [106.665, 14.441], [106.738, 14.388], [106.783, 14.335], [106.82, 14.315], [106.913, 14.329], [106.938, 14.327], [106.992, 14.391], [107.03, 14.426], [107.062, 14.416], [107.109, 14.417], [107.207, 14.498], [107.262, 14.572], [107.293, 14.592], [107.38, 14.555], [107.415, 14.563], [107.465, 14.665], [107.519, 14.705]]]]}}, {"type": "Feature", "properties": {"ISO_A2": "NP", "ISO_A3": "NPL", "NAME": "Nepal", "fillColor": "#DC143C"}, "geometry": {"type": "Polygon", "coordinates": [[[88.11, 27.871], [88.15, 27.843], [88.154, 27.799], [88.147, 27.749], [88.106, 27.642], [88.068, 27.567], [88.024, 27.409], [87.984, 27.134], [87.993, 27.086], [88.111, 26.928], [88.157, 26.807], [88.162, 26.725], [88.112, 26.586], [88.055, 26.43], [88.027, 26.395], [87.995, 26.382], [87.849, 26.437], [87.749, 26.429], [87.633, 26.399], [87.513, 26.405], [87.414, 26.423], [87.287, 26.36], [87.167, 26.394], [87.09, 26.433], [87.038, 26.542], [87.016, 26.555], [86.763, 26.442], [86.701, 26.435], [86.544, 26.496], [86.414, 26.556], [86.366, 26.574], [86.242, 26.598], [86.129, 26.612], [86.007, 26.649], [85.856, 26.6], [85.795, 26.604], [85.737, 26.64], [85.707, 26.713], [85.7, 26.782], [85.648, 26.829], [85.568, 26.84], [85.456, 26.797], [85.293, 26.741], [85.24, 26.75], [85.192, 26.767], [85.174, 26.782], [85.152, 26.847], [85.125, 26.861], [85.087, 26.863], [85.02, 26.879], [84.937, 26.927], [84.685, 27.041], [84.654, 27.092], [84.655, 27.204], [84.641, 27.25], [84.61, 27.299], [84.481, 27.348], [84.23, 27.428], [84.091, 27.491], [84.025, 27.462], [83.897, 27.435], [83.829, 27.378], [83.747, 27.396], [83.552, 27.456], [83.447, 27.465], [83.384, 27.445], [83.369, 27.41], [83.29, 27.371], [83.214, 27.402], [83.064, 27.445], [82.933, 27.468], [82.733, 27.519], [82.711, 27.597], [82.677, 27.673], [82.63, 27.687], [82.451, 27.672], [82.288, 27.757], [82.112, 27.865], [82.037, 27.901], [81.988, 27.914], [81.945, 27.899], [81.897, 27.874], [81.853, 27.867], [81.757, 27.914], [81.636, 27.98], [81.486, 28.062], [81.311, 28.176], [81.239, 28.241], [81.206, 28.289], [81.169, 28.335], [81.017, 28.41], [80.896, 28.469], [80.751, 28.54], [80.726, 28.554], [80.671, 28.596], [80.587, 28.65], [80.518, 28.665], [80.496, 28.636], [80.479, 28.605], [80.419, 28.612], [80.325, 28.666], [80.227, 28.723], [80.15, 28.776], [80.071, 28.83], [80.052, 28.87], [80.085, 28.994], [80.13, 29.1], [80.17, 29.124], [80.233, 29.195], [80.256, 29.318], [80.255, 29.423], [80.317, 29.572], [80.402, 29.73], [80.549, 29.9], [80.613, 29.956], [80.684, 29.994], [80.82, 30.119], [80.848, 30.14], [80.908, 30.172], [80.966, 30.18], [81.01, 30.165], [81.056, 30.099], [81.11, 30.037], [81.177, 30.04], [81.255, 30.093], [81.417, 30.338], [81.642, 30.387], [81.855, 30.362], [82.043, 30.327], [82.099, 30.245], [82.135, 30.159], [82.159, 30.115], [82.221, 30.064], [82.487, 29.942], [82.641, 29.831], [82.854, 29.683], [83.014, 29.618], [83.155, 29.613], [83.235, 29.555], [83.355, 29.439], [83.457, 29.306], [83.583, 29.184], [83.671, 29.188], [83.79, 29.227], [83.936, 29.279], [84.022, 29.254], [84.101, 29.22], [84.128, 29.156], [84.176, 29.036], [84.229, 28.912], [84.312, 28.868], [84.411, 28.804], [84.465, 28.753], [84.651, 28.66], [84.677, 28.622], [84.714, 28.596], [84.759, 28.579], [84.797, 28.56], [84.855, 28.554], [85.069, 28.61], [85.126, 28.603], [85.159, 28.592], [85.16, 28.572], [85.121, 28.484], [85.089, 28.372], [85.122, 28.316], [85.212, 28.293], [85.411, 28.276], [85.678, 28.277], [85.759, 28.221], [85.84, 28.135], [85.922, 27.99], [85.954, 27.928], [85.995, 27.91], [86.064, 27.935], [86.075, 27.995], [86.079, 28.084], [86.137, 28.114], [86.174, 28.092], [86.218, 28.022], [86.329, 27.96], [86.409, 27.929], [86.485, 27.94], [86.517, 27.964], [86.554, 28.085], [86.614, 28.103], [86.691, 28.095], [86.72, 28.071], [86.75, 28.022], [86.842, 27.999], [86.934, 27.968], [87.02, 27.929], [87.141, 27.838], [87.291, 27.822], [87.464, 27.824], [87.555, 27.822], [87.623, 27.815], [87.683, 27.821], [87.861, 27.886], [87.933, 27.891], [88.023, 27.883], [88.11, 27.871]]]}}, {"type": "Feature", "properties": {"ISO_A2": "CL", "ISO_A3": "CHL", "NAME": "Chile", "fillColor": "#D52B1E"}, "geometry": {"type": "MultiPolygon", "coordinates": [[[[-109.28, -27.14], [-109.434, -27.171], [-109.429, -27.116], [-109.39, -27.068], [-109.276, -27.096], [-109.223, -27.101], [-109.28, -27.14]]], [[[-78.804, -33.646], [-78.983, -33.668], [-78.989, -33.662], [-78.979, -33.644], [-78.938, -33.614], [-78.888, -33.576], [-78.877, -33.575], [-78.859, -33.578], [-78.838, -33.585], [-78.785, -33.61], [-78.769, -33.627], [-78.775, -33.642], [-78.804, -33.646]]], [[[-70.418, -18.346], [-70.377, -18.334], [-70.282, -18.325], [-70.184, -18.325], [-70.059, -18.283], [-69.926, -18.206], [-69.84, -18.093], [-69.803, -17.99], [-69.802, -17.9], [-69.842, -17.785], [-69.852, -17.704], [-69.806, -17.665], [-69.685, -17.65], [-69.586, -17.573], [-69.511, -17.506], [-69.495, -17.62], [-69.358, -17.772], [-69.313, -17.943], [-69.282, -17.965], [-69.094, -18.05], [-69.09, -18.071], [-69.118, -18.103], [-69.145, -18.144], [-69.126, -18.202], [-69.092, -18.282], [-69.081, -18.357], [-69.06, -18.433], [-69.039, -18.55], [-69.027, -18.656], [-68.979, -18.813], [-68.969, -18.91], [-68.968, -18.968], [-68.931, -19.025], [-68.858, -19.093], [-68.759, -19.162], [-68.681, -19.242], [-68.621, -19.297], [-68.548, -19.341], [-68.492, -19.382], [-68.47, -19.41], [-68.463, -19.433], [-68.487, -19.454], [-68.575, -19.56], [-68.698, -19.721], [-68.696, -19.741], [-68.578, -19.857], [-68.559, -19.902], [-68.561, -19.967], [-68.6, -20.045], [-68.727, -20.07], [-68.756, -20.091], [-68.759, -20.116], [-68.73, -20.148], [-68.735, -20.225], [-68.689, -20.31], [-68.712, -20.339], [-68.759, -20.378], [-68.761, -20.416], [-68.745, -20.459], [-68.696, -20.493], [-68.5, -20.612], [-68.484, -20.628], [-68.487, -20.641], [-68.563, -20.72], [-68.571, -20.769], [-68.569, -20.85], [-68.558, -20.902], [-68.534, -20.924], [-68.435, -20.948], [-68.314, -21.13], [-68.197, -21.3], [-68.199, -21.447], [-68.186, -21.619], [-68.112, -21.753], [-68.102, -21.861], [-68.077, -21.983], [-67.988, -22.057], [-67.954, -22.204], [-67.945, -22.282], [-67.95, -22.334], [-67.882, -22.493], [-67.874, -22.631], [-67.89, -22.729], [-67.889, -22.784], [-67.879, -22.823], [-67.821, -22.858], [-67.794, -22.879], [-67.707, -22.889], [-67.58, -22.892], [-67.362, -22.855], [-67.195, -22.822], [-67.009, -23.001], [-67.09, -23.245], [-67.219, -23.634], [-67.319, -23.935], [-67.336, -23.975], [-67.356, -24.034], [-67.572, -24.119], [-67.886, -24.243], [-68.047, -24.308], [-68.25, -24.392], [-68.3, -24.46], [-68.358, -24.497], [-68.423, -24.545], [-68.447, -24.597], [-68.507, -24.63], [-68.562, -24.747], [-68.562, -24.838], [-68.527, -24.899], [-68.466, -24.925], [-68.447, -24.999], [-68.428, -25.051], [-68.384, -25.092], [-68.395, -25.125], [-68.431, -25.149], [-68.496, -25.163], [-68.541, -25.237], [-68.592, -25.42], [-68.6, -25.486], [-68.542, -25.652], [-68.511, -25.741], [-68.427, -26.065], [-68.415, -26.154], [-68.53, -26.277], [-68.576, -26.352], [-68.592, -26.418], [-68.592, -26.47], [-68.581, -26.518], [-68.485, -26.67], [-68.373, -26.806], [-68.319, -26.878], [-68.319, -26.973], [-68.346, -27.028], [-68.405, -27.048], [-68.537, -27.085], [-68.592, -27.14], [-68.652, -27.148], [-68.71, -27.104], [-68.77, -27.115], [-68.846, -27.154], [-68.875, -27.247], [-68.942, -27.405], [-68.999, -27.449], [-69.042, -27.57], [-69.119, -27.744], [-69.155, -27.848], [-69.174, -27.925], [-69.251, -27.974], [-69.341, -28.071], [-69.41, -28.165], [-69.437, -28.193], [-69.489, -28.201], [-69.527, -28.286], [-69.657, -28.414], [-69.688, -28.562], [-69.735, -28.641], [-69.743, -28.784], [-69.815, -29.046], [-69.828, -29.103], [-69.9, -29.149], [-69.996, -29.25], [-70.027, -29.324], [-69.983, -29.545], [-69.928, -29.769], [-69.924, -29.874], [-69.945, -30.016], [-69.96, -30.078], [-69.924, -30.104], [-69.863, -30.12], [-69.844, -30.175], [-69.888, -30.213], [-69.907, -30.282], [-69.956, -30.358], [-70.102, -30.388], [-70.153, -30.361], [-70.17, -30.386], [-70.161, -30.44], [-70.194, -30.505], [-70.269, -30.677], [-70.319, -30.834], [-70.348, -30.902], [-70.336, -30.96], [-70.312, -30.993], [-70.309, -31.023], [-70.351, -31.06], [-70.388, -31.121], [-70.429, -31.129], [-70.473, -31.113], [-70.52, -31.148], [-70.529, -31.223], [-70.555, -31.317], [-70.566, -31.428], [-70.585, -31.569], [-70.526, -31.666], [-70.45, -31.842], [-70.394, -31.884], [-70.331, -31.881], [-70.282, -31.917], [-70.254, -31.958], [-70.291, -32.031], [-70.356, -32.042], [-70.364, -32.083], [-70.345, -32.176], [-70.32, -32.267], [-70.258, -32.31], [-70.23, -32.431], [-70.17, -32.472], [-70.177, -32.626], [-70.116, -32.807], [-70.052, -32.86], [-70.022, -32.885], [-70.042, -32.964], [-70.093, -33.027], [-70.104, -33.128], [-70.085, -33.202], [-70.02, -33.271], [-69.969, -33.279], [-69.896, -33.251], [-69.82, -33.284], [-69.809, -33.344], [-69.798, -33.399], [-69.839, -33.47], [-69.883, -33.601], [-69.894, -33.731], [-69.881, -33.93], [-69.862, -34.084], [-69.857, -34.18], [-69.852, -34.224], [-69.88, -34.254], [-69.946, -34.27], [-70.003, -34.276], [-70.052, -34.301], [-70.063, -34.35], [-70.101, -34.432], [-70.141, -34.493], [-70.211, -34.581], [-70.255, -34.673], [-70.29, -34.733], [-70.287, -34.775], [-70.312, -34.855], [-70.338, -34.922], [-70.393, -35.147], [-70.467, -35.194], [-70.525, -35.217], [-70.555, -35.247], [-70.532, -35.308], [-70.47, -35.326], [-70.449, -35.375], [-70.457, -35.452], [-70.416, -35.523], [-70.42, -35.609], [-70.38, -35.772], [-70.416, -35.879], [-70.404, -35.971], [-70.405, -36.062], [-70.457, -36.133], [-70.563, -36.146], [-70.622, -36.212], [-70.722, -36.283], [-70.733, -36.341], [-70.749, -36.393], [-70.79, -36.412], [-70.853, -36.412], [-70.905, -36.42], [-70.978, -36.487], [-71.056, -36.524], [-71.073, -36.578], [-71.066, -36.644], [-71.107, -36.685], [-71.159, -36.762], [-71.192, -36.844], [-71.159, -36.92], [-71.124, -37.057], [-71.118, -37.114], [-71.163, -37.227], [-71.2, -37.3], [-71.165, -37.393], [-71.135, -37.445], [-71.163, -37.559], [-71.187, -37.631], [-71.168, -37.762], [-71.096, -37.91], [-71.028, -38.041], [-71.018, -38.194], [-71.0, -38.315], [-70.968, -38.446], [-70.9, -38.498], [-70.848, -38.542], [-70.859, -38.604], [-70.897, -38.681], [-70.952, -38.738], [-71.087, -38.758], [-71.197, -38.809], [-71.286, -38.845], [-71.353, -38.889], [-71.402, -38.935], [-71.426, -38.986], [-71.409, -39.206], [-71.42, -39.287], [-71.465, -39.402], [-71.508, -39.495], [-71.526, -39.523], [-71.531, -39.564], [-71.539, -39.602], [-71.587, -39.611], [-71.654, -39.594], [-71.693, -39.605], [-71.72, -39.635], [-71.697, -39.707], [-71.672, -39.833], [-71.638, -39.887], [-71.647, -39.929], [-71.66, -40.021], [-71.704, -40.095], [-71.764, -40.095], [-71.802, -40.125], [-71.818, -40.177], [-71.801, -40.244], [-71.723, -40.3], [-71.695, -40.335], [-71.709, -40.382], [-71.769, -40.401], [-71.805, -40.439], [-71.839, -40.524], [-71.884, -40.621], [-71.932, -40.692], [-71.941, -40.789], [-71.873, -40.893], [-71.881, -40.995], [-71.886, -41.292], [-71.892, -41.393], [-71.871, -41.561], [-71.898, -41.607], [-71.911, -41.65], [-71.844, -41.772], [-71.77, -41.969], [-71.75, -42.047], [-71.761, -42.101], [-71.861, -42.148], [-71.944, -42.167], [-71.993, -42.134], [-72.026, -42.148], [-72.064, -42.205], [-72.108, -42.252], [-72.125, -42.298], [-72.078, -42.358], [-72.053, -42.473], [-72.105, -42.522], [-72.144, -42.577], [-72.13, -42.648], [-72.114, -42.777], [-72.146, -42.99], [-72.102, -43.066], [-72.055, -43.102], [-71.899, -43.145], [-71.781, -43.167], [-71.751, -43.237], [-71.764, -43.295], [-71.82, -43.323], [-71.905, -43.348], [-71.905, -43.44], [-71.832, -43.527], [-71.751, -43.59], [-71.733, -43.647], [-71.737, -43.705], [-71.795, -43.753], [-71.716, -43.858], [-71.68, -43.93], [-71.716, -43.984], [-71.767, -44.067], [-71.812, -44.106], [-71.812, -44.151], [-71.831, -44.241], [-71.835, -44.33], [-71.82, -44.383], [-71.326, -44.425], [-71.213, -44.441], [-71.151, -44.494], [-71.16, -44.56], [-71.221, -44.631], [-71.261, -44.763], [-71.358, -44.785], [-71.455, -44.75], [-71.56, -44.762], [-71.652, -44.77], [-71.783, -44.774], [-71.957, -44.792], [-72.064, -44.772], [-72.073, -44.82], [-72.042, -44.904], [-71.812, -44.931], [-71.596, -44.979], [-71.531, -45.068], [-71.443, -45.168], [-71.354, -45.23], [-71.349, -45.332], [-71.49, -45.438], [-71.508, -45.513], [-71.693, -45.535], [-71.746, -45.579], [-71.773, -45.724], [-71.751, -45.839], [-71.68, -45.879], [-71.632, -45.954], [-71.684, -46.042], [-71.809, -46.103], [-71.876, -46.161], [-71.834, -46.207], [-71.778, -46.28], [-71.762, -46.32], [-71.731, -46.428], [-71.695, -46.578], [-71.7, -46.651], [-71.733, -46.706], [-71.856, -46.792], [-71.94, -46.831], [-71.957, -46.937], [-71.963, -47.016], [-71.954, -47.087], [-71.901, -47.144], [-71.905, -47.202], [-71.979, -47.214], [-72.042, -47.241], [-72.103, -47.343], [-72.283, -47.446], [-72.346, -47.493], [-72.342, -47.572], [-72.413, -47.686], [-72.472, -47.784], [-72.518, -47.876], [-72.509, -47.973], [-72.408, -48.016], [-72.328, -48.11], [-72.293, -48.229], [-72.355, -48.366], [-72.498, -48.417], [-72.583, -48.475], [-72.608, -48.519], [-72.586, -48.663], [-72.592, -48.73], [-72.614, -48.793], [-72.651, -48.842], [-72.728, -48.896], [-72.865, -48.944], [-72.982, -48.977], [-73.034, -49.014], [-73.095, -49.097], [-73.149, -49.188], [-73.135, -49.301], [-73.462, -49.314], [-73.484, -49.398], [-73.554, -49.464], [-73.576, -49.583], [-73.505, -49.698], [-73.47, -49.795], [-73.529, -49.911], [-73.508, -50.03], [-73.501, -50.125], [-73.387, -50.231], [-73.312, -50.362], [-73.274, -50.473], [-73.252, -50.558], [-73.222, -50.611], [-73.175, -50.67], [-73.153, -50.738], [-73.082, -50.76], [-72.956, -50.696], [-72.866, -50.653], [-72.804, -50.638], [-72.62, -50.648], [-72.51, -50.608], [-72.46, -50.612], [-72.393, -50.634], [-72.34, -50.682], [-72.301, -50.79], [-72.276, -50.91], [-72.307, -51.033], [-72.359, -51.06], [-72.377, -51.095], [-72.359, -51.17], [-72.302, -51.223], [-72.303, -51.299], [-72.366, -51.47], [-72.408, -51.541], [-72.335, -51.62], [-72.269, -51.691], [-72.137, -51.744], [-72.028, -51.819], [-71.953, -51.88], [-71.971, -51.964], [-71.919, -51.99], [-71.717, -51.991], [-71.415, -51.994], [-70.943, -51.998], [-70.483, -52.002], [-69.96, -52.008], [-69.713, -52.075], [-69.488, -52.136], [-69.206, -52.136], [-68.925, -52.208], [-68.715, -52.255], [-68.59, -52.273], [-68.461, -52.29], [-68.443, -52.357], [-69.007, -52.263], [-69.134, -52.211], [-69.241, -52.205], [-69.447, -52.269], [-69.561, -52.422], [-69.62, -52.465], [-69.763, -52.506], [-69.907, -52.514], [-70.391, -52.661], [-70.563, -52.673], [-70.68, -52.712], [-70.795, -52.769], [-70.839, -52.89], [-70.821, -52.963], [-70.952, -53.227], [-70.984, -53.374], [-70.985, -53.448], [-70.948, -53.57], [-70.996, -53.779], [-71.083, -53.825], [-71.298, -53.883], [-71.444, -53.841], [-71.694, -53.803], [-71.872, -53.723], [-72.101, -53.666], [-72.174, -53.632], [-72.377, -53.471], [-72.398, -53.418], [-72.413, -53.35], [-72.306, -53.254], [-72.249, -53.247], [-72.081, -53.25], [-71.942, -53.234], [-71.853, -53.286], [-71.828, -53.398], [-71.867, -53.458], [-71.903, -53.496], [-71.892, -53.524], [-71.791, -53.485], [-71.741, -53.233], [-71.4, -53.107], [-71.289, -53.034], [-71.18, -52.921], [-71.163, -52.888], [-71.155, -52.846], [-71.227, -52.811], [-71.388, -52.764], [-71.898, -53.002], [-72.129, -53.064], [-72.278, -53.132], [-72.458, -53.254], [-72.493, -53.291], [-72.531, -53.372], [-72.549, -53.461], [-72.727, -53.42], [-72.998, -53.291], [-73.053, -53.243], [-72.998, -53.177], [-72.916, -53.122], [-72.91, -52.937], [-72.889, -52.872], [-72.832, -52.82], [-72.728, -52.762], [-72.676, -52.749], [-72.632, -52.774], [-72.627, -52.818], [-72.453, -52.814], [-72.118, -52.65], [-71.979, -52.646], [-71.797, -52.683], [-71.591, -52.661], [-71.554, -52.644], [-71.511, -52.605], [-71.665, -52.56], [-71.812, -52.537], [-72.226, -52.521], [-72.315, -52.539], [-72.438, -52.626], [-72.478, -52.604], [-72.504, -52.56], [-72.645, -52.529], [-72.712, -52.536], [-72.777, -52.577], [-72.766, -52.643], [-72.802, -52.712], [-72.932, -52.782], [-73.02, -52.892], [-73.016, -52.977], [-73.023, -53.022], [-73.055, -53.046], [-73.122, -53.074], [-73.338, -53.055], [-73.46, -52.965], [-73.508, -52.904], [-73.645, -52.837], [-73.346, -52.754], [-73.241, -52.707], [-73.145, -52.602], [-73.073, -52.535], [-73.124, -52.488], [-73.184, -52.488], [-73.178, -52.563], [-73.244, -52.624], [-73.382, -52.595], [-73.586, -52.686], [-73.711, -52.662], [-73.915, -52.688], [-74.014, -52.639], [-74.036, -52.577], [-74.0, -52.513], [-74.037, -52.403], [-74.094, -52.376], [-74.151, -52.383], [-74.177, -52.317], [-74.238, -52.202], [-74.266, -52.171], [-74.296, -52.118], [-74.265, -52.105], [-74.195, -52.12], [-74.134, -52.155], [-74.04, -52.159], [-73.834, -52.234], [-73.749, -52.216], [-73.703, -52.199], [-73.685, -52.137], [-73.684, -52.078], [-73.649, -52.078], [-73.532, -52.153], [-73.458, -52.146], [-73.327, -52.166], [-73.26, -52.158], [-73.137, -52.13], [-72.944, -52.047], [-72.843, -51.961], [-72.795, -51.95], [-72.735, -51.961], [-72.695, -51.985], [-72.695, -52.045], [-72.65, -52.1], [-72.588, -52.145], [-72.571, -52.2], [-72.583, -52.254], [-72.694, -52.33], [-72.714, -52.357], [-72.677, -52.385], [-72.631, -52.372], [-72.569, -52.334], [-72.533, -52.282], [-72.523, -52.255], [-72.519, -52.217], [-72.524, -52.17], [-72.614, -52.037], [-72.625, -52.007], [-72.625, -51.946], [-72.523, -51.891], [-72.494, -51.848], [-72.49, -51.764], [-72.543, -51.706], [-72.761, -51.573], [-73.127, -51.44], [-73.169, -51.454], [-73.197, -51.478], [-73.163, -51.496], [-73.115, -51.504], [-72.789, -51.614], [-72.705, -51.678], [-72.649, -51.695], [-72.583, -51.737], [-72.6, -51.799], [-72.928, -51.86], [-73.189, -51.991], [-73.383, -52.07], [-73.518, -52.041], [-73.582, -51.96], [-73.65, -51.856], [-73.753, -51.796], [-73.811, -51.801], [-73.858, -51.79], [-73.894, -51.758], [-73.973, -51.784], [-74.146, -51.712], [-74.197, -51.681], [-74.07, -51.579], [-73.93, -51.618], [-73.896, -51.331], [-73.94, -51.266], [-74.121, -51.195], [-74.21, -51.205], [-74.332, -51.195], [-74.414, -51.163], [-74.508, -51.15], [-74.587, -51.131], [-74.69, -51.087], [-74.815, -51.063], [-74.983, -50.881], [-75.055, -50.786], [-75.095, -50.681], [-74.837, -50.679], [-74.686, -50.662], [-74.649, -50.618], [-74.702, -50.535], [-74.776, -50.47], [-74.722, -50.408], [-74.644, -50.361], [-74.564, -50.382], [-74.366, -50.488], [-74.331, -50.56], [-74.19, -50.778], [-74.156, -50.797], [-74.139, -50.818], [-73.847, -50.94], [-73.807, -50.938], [-73.825, -50.836], [-73.741, -50.697], [-73.659, -50.651], [-73.618, -50.651], [-73.614, -50.628], [-73.693, -50.57], [-73.654, -50.493], [-73.68, -50.49], [-73.75, -50.54], [-73.892, -50.783], [-73.978, -50.827], [-74.097, -50.717], [-74.164, -50.638], [-74.197, -50.61], [-74.186, -50.485], [-73.95, -50.511], [-74.031, -50.47], [-74.306, -50.398], [-74.374, -50.363], [-74.425, -50.35], [-74.516, -50.266], [-74.63, -50.194], [-74.434, -50.065], [-74.334, -49.975], [-74.019, -50.023], [-73.959, -49.995], [-74.011, -49.929], [-74.073, -49.949], [-74.171, -49.907], [-74.324, -49.783], [-74.319, -49.72], [-74.291, -49.604], [-74.23, -49.579], [-74.102, -49.555], [-73.956, -49.593], [-73.892, -49.624], [-73.836, -49.609], [-73.892, -49.523], [-73.988, -49.491], [-74.094, -49.43], [-74.083, -49.362], [-74.049, -49.306], [-74.023, -49.244], [-74.006, -49.158], [-74.015, -49.091], [-73.985, -49.06], [-73.938, -49.046], [-73.935, -49.021], [-74.028, -49.026], [-74.061, -49.111], [-74.074, -49.188], [-74.14, -49.25], [-74.168, -49.321], [-74.185, -49.404], [-74.221, -49.501], [-74.302, -49.464], [-74.349, -49.426], [-74.367, -49.4], [-74.358, -49.351], [-74.38, -49.048], [-74.382, -48.794], [-74.341, -48.596], [-74.228, -48.517], [-74.176, -48.494], [-74.129, -48.504], [-74.057, -48.504], [-74.009, -48.475], [-74.172, -48.427], [-74.27, -48.455], [-74.343, -48.493], [-74.474, -48.464], [-74.499, -48.362], [-74.577, -48.274], [-74.591, -48.162], [-74.585, -47.999], [-74.4, -48.013], [-74.25, -48.045], [-73.854, -48.042], [-73.528, -48.198], [-73.384, -48.177], [-73.391, -48.146], [-73.501, -48.107], [-73.57, -48.019], [-73.61, -47.994], [-73.629, -47.942], [-73.635, -47.88], [-73.716, -47.655], [-73.748, -47.661], [-73.779, -47.738], [-73.847, -47.867], [-73.941, -47.929], [-74.085, -47.955], [-74.227, -47.969], [-74.351, -47.944], [-74.379, -47.891], [-74.376, -47.83], [-74.43, -47.8], [-74.569, -47.773], [-74.609, -47.758], [-74.655, -47.702], [-74.588, -47.618], [-74.534, -47.568], [-74.467, -47.578], [-74.404, -47.6], [-74.323, -47.667], [-74.243, -47.679], [-74.152, -47.627], [-74.134, -47.591], [-74.191, -47.568], [-74.243, -47.56], [-74.324, -47.531], [-74.483, -47.43], [-74.403, -47.328], [-74.216, -47.21], [-74.158, -47.183], [-74.208, -47.083], [-74.152, -46.974], [-74.209, -46.885], [-74.314, -46.788], [-74.454, -46.767], [-74.484, -46.795], [-74.489, -46.835], [-74.467, -46.864], [-74.48, -46.886], [-74.512, -46.885], [-74.691, -46.864], [-74.811, -46.8], [-75.006, -46.741], [-75.031, -46.695], [-75.053, -46.628], [-74.984, -46.512], [-75.019, -46.511], [-75.146, -46.6], [-75.337, -46.647], [-75.478, -46.662], [-75.54, -46.699], [-75.565, -46.729], [-75.528, -46.746], [-75.446, -46.751], [-75.386, -46.863], [-75.401, -46.906], [-75.43, -46.935], [-75.497, -46.94], [-75.635, -46.863], [-75.708, -46.775], [-75.706, -46.705], [-75.657, -46.61], [-75.437, -46.483], [-75.376, -46.429], [-75.247, -46.369], [-75.075, -46.235], [-74.924, -46.16], [-74.998, -46.098], [-75.075, -46.004], [-75.067, -45.875], [-74.763, -45.824], [-74.631, -45.845], [-74.463, -45.841], [-74.369, -45.81], [-74.301, -45.803], [-74.158, -45.767], [-74.096, -45.717], [-74.082, -45.678], [-74.083, -45.645], [-74.099, -45.603], [-74.123, -45.496], [-74.099, -45.46], [-74.038, -45.418], [-73.957, -45.404], [-73.92, -45.408], [-73.825, -45.447], [-73.844, -45.502], [-73.882, -45.569], [-73.96, -45.835], [-74.0, -45.895], [-74.061, -45.947], [-74.02, -46.056], [-74.082, -46.132], [-74.357, -46.213], [-74.393, -46.217], [-74.372, -46.246], [-74.213, -46.239], [-74.09, -46.222], [-73.968, -46.154], [-73.929, -46.05], [-73.879, -45.847], [-73.813, -45.818], [-73.735, -45.812], [-73.695, -45.86], [-73.708, -45.967], [-73.708, -46.07], [-73.811, -46.377], [-73.935, -46.501], [-73.949, -46.533], [-73.944, -46.572], [-73.845, -46.566], [-73.77, -46.5], [-73.716, -46.415], [-73.662, -46.297], [-73.668, -46.212], [-73.652, -46.159], [-73.629, -45.987], [-73.592, -45.899], [-73.594, -45.777], [-73.662, -45.731], [-73.757, -45.703], [-73.78, -45.628], [-73.731, -45.48], [-73.55, -45.484], [-73.379, -45.383], [-73.266, -45.346], [-73.202, -45.354], [-72.978, -45.451], [-72.934, -45.452], [-72.941, -45.417], [-72.976, -45.393], [-73.064, -45.36], [-73.226, -45.255], [-73.445, -45.238], [-73.405, -45.102], [-73.362, -44.978], [-73.256, -44.961], [-73.078, -44.92], [-72.739, -44.734], [-72.68, -44.594], [-72.664, -44.436], [-72.828, -44.395], [-73.001, -44.292], [-73.141, -44.237], [-73.265, -44.169], [-73.241, -44.066], [-73.224, -43.898], [-73.069, -43.862], [-72.997, -43.632], [-73.101, -43.455], [-73.076, -43.324], [-72.94, -43.211], [-72.915, -43.134], [-72.878, -43.048], [-72.758, -43.039], [-72.755, -42.993], [-72.766, -42.908], [-72.845, -42.808], [-72.848, -42.669], [-72.774, -42.505], [-72.655, -42.517], [-72.632, -42.51], [-72.716, -42.41], [-72.785, -42.301], [-72.773, -42.258], [-72.707, -42.221], [-72.631, -42.2], [-72.548, -42.256], [-72.43, -42.434], [-72.412, -42.388], [-72.46, -42.207], [-72.499, -41.981], [-72.624, -42.011], [-72.738, -41.995], [-72.781, -41.96], [-72.824, -41.909], [-72.784, -41.847], [-72.744, -41.801], [-72.66, -41.742], [-72.486, -41.722], [-72.36, -41.649], [-72.318, -41.499], [-72.359, -41.514], [-72.428, -41.646], [-72.542, -41.691], [-72.601, -41.684], [-72.67, -41.659], [-72.805, -41.544], [-72.88, -41.518], [-72.953, -41.515], [-73.015, -41.544], [-73.174, -41.747], [-73.242, -41.781], [-73.521, -41.797], [-73.624, -41.774], [-73.735, -41.742], [-73.722, -41.692], [-73.688, -41.639], [-73.625, -41.612], [-73.624, -41.581], [-73.711, -41.574], [-73.811, -41.517], [-73.855, -41.446], [-73.876, -41.319], [-73.966, -41.118], [-73.984, -40.974], [-73.92, -40.872], [-73.784, -40.468], [-73.742, -40.263], [-73.669, -40.082], [-73.671, -39.963], [-73.482, -39.854], [-73.41, -39.789], [-73.25, -39.422], [-73.226, -39.224], [-73.481, -38.624], [-73.52, -38.509], [-73.533, -38.367], [-73.472, -38.13], [-73.465, -38.04], [-73.517, -37.911], [-73.662, -37.699], [-73.665, -37.59], [-73.603, -37.479], [-73.662, -37.341], [-73.634, -37.255], [-73.602, -37.188], [-73.375, -37.224], [-73.271, -37.207], [-73.216, -37.167], [-73.173, -37.054], [-73.151, -36.876], [-73.138, -36.8], [-73.118, -36.688], [-73.007, -36.643], [-72.968, -36.538], [-72.875, -36.39], [-72.778, -35.979], [-72.683, -35.877], [-72.587, -35.76], [-72.624, -35.586], [-72.562, -35.505], [-72.505, -35.447], [-72.455, -35.341], [-72.387, -35.24], [-72.224, -35.096], [-72.182, -34.92], [-72.056, -34.616], [-72.031, -34.421], [-71.992, -34.288], [-72.003, -34.165], [-71.927, -34.016], [-71.854, -33.89], [-71.831, -33.82], [-71.664, -33.653], [-71.636, -33.519], [-71.696, -33.429], [-71.697, -33.289], [-71.743, -33.095], [-71.636, -33.023], [-71.592, -32.97], [-71.452, -32.66], [-71.461, -32.538], [-71.421, -32.387], [-71.513, -32.208], [-71.526, -31.806], [-71.577, -31.496], [-71.662, -31.17], [-71.654, -30.987], [-71.706, -30.759], [-71.709, -30.628], [-71.669, -30.33], [-71.4, -30.143], [-71.348, -29.933], [-71.316, -29.65], [-71.327, -29.443], [-71.353, -29.35], [-71.486, -29.198], [-71.519, -28.926], [-71.494, -28.855], [-71.384, -28.779], [-71.307, -28.672], [-71.267, -28.508], [-71.186, -28.378], [-71.154, -28.064], [-71.087, -27.814], [-71.053, -27.727], [-70.946, -27.618], [-70.926, -27.589], [-70.909, -27.505], [-70.914, -27.308], [-70.898, -27.188], [-70.813, -26.951], [-70.803, -26.841], [-70.708, -26.597], [-70.687, -26.422], [-70.647, -26.329], [-70.662, -26.225], [-70.635, -25.993], [-70.7, -25.861], [-70.714, -25.784], [-70.633, -25.546], [-70.578, -25.488], [-70.49, -25.376], [-70.452, -25.252], [-70.445, -25.173], [-70.559, -24.779], [-70.574, -24.644], [-70.546, -24.332], [-70.507, -24.13], [-70.52, -23.969], [-70.507, -23.886], [-70.488, -23.782], [-70.41, -23.656], [-70.392, -23.566], [-70.42, -23.529], [-70.512, -23.483], [-70.588, -23.368], [-70.593, -23.255], [-70.569, -23.173], [-70.563, -23.057], [-70.45, -23.034], [-70.389, -22.97], [-70.332, -22.849], [-70.26, -22.556], [-70.229, -22.193], [-70.185, -21.975], [-70.155, -21.867], [-70.13, -21.641], [-70.088, -21.493], [-70.08, -21.357], [-70.088, -21.253], [-70.197, -20.725], [-70.194, -20.531], [-70.147, -20.23], [-70.148, -19.805], [-70.157, -19.706], [-70.198, -19.613], [-70.21, -19.487], [-70.276, -19.268], [-70.335, -18.828], [-70.336, -18.595], [-70.362, -18.398], [-70.418, -18.346]]], [[[-68.63, -52.653], [-68.632, -52.95], [-68.633, -53.242], [-68.635, -53.515], [-68.637, -53.789], [-68.638, -54.053], [-68.64, -54.324], [-68.648, -54.628], [-68.653, -54.854], [-68.804, -54.854], [-68.844, -54.877], [-69.082, -54.91], [-69.486, -54.859], [-69.588, -54.813], [-69.723, -54.712], [-69.772, -54.739], [-69.899, -54.782], [-70.031, -54.816], [-70.138, -54.819], [-70.238, -54.778], [-70.259, -54.756], [-70.282, -54.752], [-70.497, -54.81], [-70.735, -54.751], [-70.925, -54.714], [-71.229, -54.694], [-71.441, -54.62], [-71.832, -54.626], [-71.902, -54.602], [-71.928, -54.529], [-71.907, -54.495], [-71.823, -54.474], [-71.8, -54.434], [-71.716, -54.444], [-71.606, -54.497], [-71.573, -54.495], [-71.5, -54.445], [-71.393, -54.4], [-71.355, -54.395], [-71.159, -54.451], [-71.08, -54.444], [-70.966, -54.42], [-70.946, -54.398], [-70.928, -54.36], [-70.898, -54.338], [-70.797, -54.327], [-70.699, -54.349], [-70.688, -54.415], [-70.701, -54.485], [-70.573, -54.504], [-70.418, -54.502], [-70.311, -54.529], [-70.298, -54.486], [-70.468, -54.373], [-70.54, -54.303], [-70.636, -54.262], [-70.76, -54.241], [-70.863, -54.11], [-70.857, -53.996], [-70.868, -53.884], [-70.644, -53.823], [-70.696, -53.727], [-70.619, -53.655], [-70.531, -53.627], [-70.443, -53.893], [-70.38, -53.987], [-70.461, -54.006], [-70.63, -54.006], [-70.535, -54.136], [-70.38, -54.181], [-70.246, -54.277], [-70.243, -54.348], [-70.169, -54.379], [-69.99, -54.381], [-69.867, -54.367], [-69.809, -54.321], [-69.742, -54.306], [-69.622, -54.364], [-69.419, -54.407], [-69.365, -54.438], [-69.325, -54.488], [-69.322, -54.543], [-69.312, -54.571], [-69.253, -54.557], [-69.169, -54.483], [-69.128, -54.458], [-69.077, -54.445], [-69.045, -54.428], [-69.044, -54.407], [-69.196, -54.354], [-69.988, -54.109], [-70.086, -54.011], [-70.151, -53.888], [-70.149, -53.761], [-70.091, -53.722], [-69.95, -53.672], [-69.69, -53.601], [-69.39, -53.499], [-69.352, -53.48], [-69.356, -53.416], [-69.394, -53.373], [-69.513, -53.342], [-69.637, -53.334], [-69.756, -53.337], [-69.874, -53.35], [-70.09, -53.418], [-70.213, -53.414], [-70.329, -53.378], [-70.416, -53.305], [-70.46, -53.206], [-70.46, -53.143], [-70.443, -53.086], [-70.391, -53.026], [-70.32, -53.001], [-70.256, -53.004], [-70.196, -52.99], [-70.161, -52.97], [-70.131, -52.943], [-70.14, -52.919], [-70.163, -52.899], [-70.259, -52.857], [-70.297, -52.817], [-70.38, -52.752], [-70.335, -52.734], [-70.19, -52.724], [-70.088, -52.769], [-69.994, -52.821], [-69.935, -52.821], [-69.883, -52.799], [-69.764, -52.731], [-69.663, -52.646], [-69.572, -52.549], [-69.498, -52.491], [-69.414, -52.486], [-69.167, -52.668], [-69.08, -52.674], [-68.79, -52.577], [-68.758, -52.582], [-68.659, -52.632], [-68.63, -52.653]]], [[[-67.08, -55.154], [-67.109, -55.192], [-67.173, -55.243], [-67.257, -55.282], [-67.34, -55.293], [-67.399, -55.272], [-67.429, -55.237], [-67.443, -55.201], [-67.463, -55.182], [-67.495, -55.177], [-67.535, -55.179], [-67.585, -55.192], [-67.691, -55.243], [-67.737, -55.256], [-67.768, -55.26], [-68.07, -55.221], [-68.1, -55.207], [-68.135, -55.173], [-68.174, -55.071], [-68.301, -54.981], [-68.107, -54.929], [-67.874, -54.93], [-67.425, -54.969], [-67.245, -54.978], [-67.107, -55.064], [-67.085, -55.115], [-67.08, -55.154]]], [[[-73.773, -43.346], [-73.849, -43.367], [-73.919, -43.372], [-73.99, -43.357], [-74.114, -43.358], [-74.239, -43.319], [-74.355, -43.264], [-74.387, -43.232], [-74.373, -43.186], [-74.289, -43.079], [-74.209, -42.879], [-74.156, -42.591], [-74.199, -42.481], [-74.194, -42.436], [-74.174, -42.382], [-74.164, -42.325], [-74.17, -42.269], [-74.16, -42.216], [-74.072, -42.106], [-74.059, -42.056], [-74.057, -42.002], [-74.019, -41.891], [-74.031, -41.854], [-74.063, -41.823], [-74.037, -41.796], [-73.731, -41.877], [-73.528, -41.896], [-73.517, -41.981], [-73.478, -42.047], [-73.454, -42.166], [-73.423, -42.193], [-73.439, -42.278], [-73.533, -42.314], [-73.525, -42.393], [-73.471, -42.466], [-73.549, -42.493], [-73.634, -42.508], [-73.653, -42.529], [-73.715, -42.545], [-73.789, -42.586], [-73.767, -42.622], [-73.673, -42.704], [-73.568, -42.762], [-73.511, -42.847], [-73.436, -42.937], [-73.473, -42.993], [-73.541, -43.074], [-73.65, -43.127], [-73.75, -43.159], [-73.738, -43.291], [-73.773, -43.346]]], [[[-74.476, -49.148], [-74.467, -49.295], [-74.484, -49.442], [-74.522, -49.623], [-74.516, -49.66], [-74.471, -49.669], [-74.459, -49.691], [-74.472, -49.786], [-74.496, -49.859], [-74.543, -49.919], [-74.57, -49.991], [-74.595, -50.007], [-74.703, -50.019], [-74.763, -50.011], [-74.811, -49.93], [-74.825, -49.879], [-74.822, -49.814], [-74.88, -49.726], [-74.882, -49.692], [-74.859, -49.634], [-74.812, -49.605], [-74.805, -49.516], [-74.781, -49.489], [-74.727, -49.452], [-74.719, -49.437], [-74.724, -49.424], [-74.744, -49.422], [-74.96, -49.533], [-74.981, -49.564], [-74.991, -49.606], [-74.994, -49.752], [-75.032, -49.836], [-75.066, -49.852], [-75.167, -49.856], [-75.3, -49.847], [-75.451, -49.77], [-75.55, -49.791], [-75.57, -49.697], [-75.521, -49.622], [-75.337, -49.628], [-75.306, -49.494], [-75.364, -49.462], [-75.429, -49.408], [-75.467, -49.359], [-75.433, -49.322], [-75.327, -49.269], [-75.27, -49.263], [-75.217, -49.293], [-75.086, -49.27], [-75.094, -49.185], [-75.21, -49.148], [-75.184, -49.084], [-75.037, -49.022], [-74.949, -48.96], [-74.945, -48.889], [-74.981, -48.819], [-74.97, -48.791], [-74.896, -48.733], [-74.793, -48.705], [-74.747, -48.709], [-74.652, -48.75], [-74.567, -48.755], [-74.546, -48.767], [-74.531, -48.813], [-74.476, -49.148]]], [[[-75.51, -48.763], [-75.623, -48.765], [-75.651, -48.586], [-75.518, -48.329], [-75.509, -48.231], [-75.554, -48.157], [-75.571, -48.096], [-75.561, -48.071], [-75.391, -48.02], [-75.338, -48.074], [-75.275, -48.218], [-75.156, -48.425], [-75.158, -48.623], [-75.225, -48.671], [-75.434, -48.721], [-75.51, -48.763]]], [[[-74.386, -52.922], [-74.369, -52.931], [-74.33, -52.929], [-74.275, -52.946], [-74.066, -52.965], [-73.879, -53.012], [-73.782, -53.056], [-73.654, -53.07], [-73.549, -53.126], [-73.505, -53.14], [-73.451, -53.144], [-73.31, -53.248], [-73.302, -53.259], [-73.143, -53.341], [-73.135, -53.354], [-73.226, -53.358], [-73.409, -53.321], [-73.501, -53.318], [-73.567, -53.307], [-73.583, -53.3], [-73.596, -53.253], [-73.617, -53.23], [-73.794, -53.121], [-73.867, -53.097], [-73.994, -53.076], [-74.139, -53.091], [-74.236, -53.076], [-74.27, -53.082], [-74.414, -52.995], [-74.558, -52.922], [-74.62, -52.835], [-74.712, -52.768], [-74.712, -52.749], [-74.67, -52.734], [-74.572, -52.771], [-74.475, -52.836], [-74.422, -52.86], [-74.386, -52.922]]], [[[-74.567, -48.592], [-74.586, -48.616], [-74.71, -48.601], [-74.923, -48.626], [-75.013, -48.536], [-75.052, -48.391], [-75.079, -48.362], [-75.132, -48.279], [-75.158, -48.225], [-75.213, -48.142], [-75.234, -48.053], [-75.247, -48.027], [-75.198, -47.975], [-74.975, -47.923], [-74.896, -47.839], [-74.827, -47.85], [-74.846, -48.021], [-74.805, -48.078], [-74.729, -48.126], [-74.715, -48.146], [-74.702, -48.206], [-74.664, -48.299], [-74.615, -48.343], [-74.602, -48.37], [-74.6, -48.393], [-74.618, -48.425], [-74.567, -48.592]]], [[[-72.923, -53.482], [-72.896, -53.563], [-72.882, -53.578], [-72.809, -53.565], [-72.685, -53.558], [-72.482, -53.588], [-72.459, -53.599], [-72.373, -53.688], [-72.307, -53.725], [-72.205, -53.807], [-72.306, -53.862], [-72.366, -53.941], [-72.369, -53.981], [-72.409, -54.004], [-72.471, -54.028], [-72.563, -54.074], [-72.677, -54.079], [-72.789, -54.103], [-72.84, -54.125], [-72.871, -54.127], [-72.907, -54.115], [-72.946, -54.092], [-72.959, -54.066], [-72.882, -54.042], [-72.782, -53.955], [-72.764, -53.865], [-72.872, -53.849], [-72.936, -53.861], [-72.984, -53.861], [-73.039, -53.833], [-73.073, -53.875], [-73.086, -53.916], [-73.071, -53.978], [-73.081, -53.998], [-73.12, -54.009], [-73.211, -53.986], [-73.305, -53.944], [-73.312, -53.92], [-73.293, -53.836], [-73.295, -53.792], [-73.314, -53.729], [-73.325, -53.723], [-73.36, -53.724], [-73.471, -53.736], [-73.582, -53.655], [-73.642, -53.57], [-73.845, -53.546], [-73.687, -53.427], [-73.447, -53.41], [-73.366, -53.47], [-73.099, -53.512], [-73.115, -53.448], [-73.111, -53.425], [-73.074, -53.397], [-73.054, -53.394], [-73.022, -53.415], [-72.971, -53.423], [-72.947, -53.442], [-72.923, -53.482]]], [[[-74.823, -51.63], [-74.78, -51.825], [-74.75, -51.852], [-74.647, -51.866], [-74.537, -51.965], [-74.532, -51.992], [-74.666, -52.16], [-74.694, -52.279], [-74.852, -52.271], [-74.918, -52.152], [-75.017, -52.038], [-75.051, -51.904], [-75.105, -51.789], [-75.008, -51.724], [-74.915, -51.738], [-74.91, -51.65], [-74.823, -51.63]]], [[[-69.703, -54.919], [-68.901, -55.018], [-68.654, -54.958], [-68.458, -54.96], [-68.4, -55.042], [-68.598, -55.128], [-68.613, -55.156], [-68.586, -55.178], [-68.382, -55.192], [-68.33, -55.219], [-68.283, -55.255], [-68.323, -55.308], [-68.327, -55.333], [-68.305, -55.357], [-68.153, -55.437], [-68.09, -55.478], [-68.058, -55.518], [-68.046, -55.587], [-68.048, -55.643], [-68.083, -55.651], [-68.157, -55.634], [-68.23, -55.602], [-68.293, -55.521], [-68.338, -55.505], [-68.467, -55.489], [-68.594, -55.45], [-68.694, -55.452], [-68.785, -55.436], [-68.867, -55.45], [-68.896, -55.424], [-68.931, -55.371], [-68.932, -55.347], [-68.889, -55.263], [-68.89, -55.241], [-68.913, -55.239], [-69.008, -55.256], [-69.047, -55.244], [-69.151, -55.183], [-69.193, -55.172], [-69.297, -55.166], [-69.356, -55.274], [-69.359, -55.301], [-69.299, -55.369], [-69.181, -55.475], [-69.241, -55.477], [-69.412, -55.444], [-69.456, -55.424], [-69.509, -55.371], [-69.61, -55.34], [-69.646, -55.321], [-69.656, -55.298], [-69.657, -55.229], [-69.68, -55.219], [-69.824, -55.237], [-69.854, -55.22], [-69.866, -55.191], [-69.887, -55.174], [-69.98, -55.147], [-69.988, -55.131], [-69.947, -55.111], [-69.921, -55.061], [-69.884, -54.882], [-69.703, -54.919]]], [[[-71.39, -54.033], [-71.169, -54.113], [-71.022, -54.112], [-71.023, -54.162], [-71.005, -54.247], [-71.028, -54.281], [-71.083, -54.316], [-71.118, -54.366], [-71.143, -54.374], [-71.305, -54.314], [-71.473, -54.231], [-71.558, -54.246], [-71.671, -54.225], [-71.761, -54.23], [-71.818, -54.276], [-71.949, -54.301], [-71.972, -54.207], [-72.092, -54.119], [-72.21, -54.048], [-72.146, -53.939], [-72.069, -53.921], [-71.996, -53.885], [-71.705, -53.923], [-71.554, -53.956], [-71.39, -54.033]]], [[[-73.735, -44.395], [-73.785, -44.438], [-73.862, -44.445], [-73.983, -44.495], [-73.996, -44.538], [-74.002, -44.591], [-73.919, -44.655], [-73.877, -44.729], [-73.828, -44.84], [-73.792, -44.946], [-73.795, -44.979], [-73.786, -45.034], [-73.727, -45.119], [-73.722, -45.158], [-73.728, -45.196], [-73.752, -45.267], [-73.771, -45.277], [-73.83, -45.283], [-73.834, -45.327], [-73.849, -45.341], [-74.016, -45.345], [-74.099, -45.325], [-74.089, -45.196], [-74.195, -45.145], [-74.268, -45.059], [-74.35, -44.911], [-74.419, -44.865], [-74.499, -44.748], [-74.618, -44.648], [-74.481, -44.585], [-74.502, -44.474], [-74.422, -44.435], [-74.301, -44.396], [-74.213, -44.427], [-74.133, -44.416], [-74.097, -44.389], [-74.108, -44.276], [-74.083, -44.186], [-73.995, -44.14], [-73.9, -44.135], [-73.865, -44.185], [-73.818, -44.235], [-73.703, -44.274], [-73.704, -44.325], [-73.735, -44.395]]], [[[-72.986, -44.78], [-73.228, -44.86], [-73.35, -44.833], [-73.397, -44.774], [-73.42, -44.725], [-73.445, -44.641], [-73.404, -44.596], [-73.315, -44.531], [-73.282, -44.49], [-73.266, -44.44], [-73.272, -44.394], [-73.26, -44.35], [-73.208, -44.335], [-73.028, -44.384], [-72.842, -44.458], [-72.776, -44.509], [-72.764, -44.549], [-72.845, -44.638], [-72.897, -44.712], [-72.986, -44.78]]], [[[-75.042, -44.89], [-75.067, -44.907], [-75.099, -44.902], [-75.124, -44.87], [-75.142, -44.816], [-75.107, -44.795], [-75.079, -44.795], [-75.048, -44.824], [-75.032, -44.871], [-75.042, -44.89]]], [[[-75.302, -50.68], [-75.33, -50.772], [-75.411, -50.764], [-75.439, -50.741], [-75.453, -50.683], [-75.477, -50.654], [-75.443, -50.596], [-75.42, -50.53], [-75.428, -50.481], [-75.304, -50.484], [-75.156, -50.497], [-75.115, -50.51], [-75.16, -50.554], [-75.203, -50.581], [-75.292, -50.597], [-75.302, -50.68]]], [[[-75.107, -48.837], [-75.115, -48.916], [-75.263, -49.069], [-75.39, -49.159], [-75.506, -49.231], [-75.58, -49.23], [-75.641, -49.195], [-75.573, -49.139], [-75.488, -49.082], [-75.515, -49.01], [-75.54, -48.988], [-75.576, -48.981], [-75.638, -48.943], [-75.619, -48.886], [-75.583, -48.859], [-75.535, -48.838], [-75.49, -48.85], [-75.297, -48.811], [-75.236, -48.779], [-75.119, -48.773], [-75.107, -48.837]]], [[[-75.112, -47.838], [-75.186, -47.851], [-75.194, -47.818], [-75.261, -47.764], [-75.203, -47.728], [-75.09, -47.691], [-75.004, -47.695], [-74.926, -47.723], [-74.916, -47.757], [-75.051, -47.8], [-75.084, -47.825], [-75.112, -47.838]]], [[[-74.669, -43.608], [-74.81, -43.625], [-74.843, -43.596], [-74.842, -43.57], [-74.818, -43.549], [-74.745, -43.536], [-74.697, -43.553], [-74.673, -43.577], [-74.665, -43.6], [-74.669, -43.608]]], [[[-73.632, -44.821], [-73.665, -44.833], [-73.695, -44.831], [-73.725, -44.797], [-73.735, -44.752], [-73.8, -44.684], [-73.818, -44.652], [-73.817, -44.614], [-73.779, -44.559], [-73.724, -44.544], [-73.686, -44.546], [-73.641, -44.611], [-73.628, -44.681], [-73.617, -44.753], [-73.632, -44.821]]], [[[-74.559, -51.277], [-74.561, -51.361], [-74.593, -51.388], [-74.62, -51.396], [-74.691, -51.37], [-74.731, -51.367], [-74.797, -51.412], [-74.853, -51.434], [-74.937, -51.428], [-75.047, -51.398], [-75.146, -51.524], [-75.192, -51.567], [-75.289, -51.625], [-75.3, -51.556], [-75.238, -51.454], [-75.21, -51.383], [-75.154, -51.279], [-75.04, -51.318], [-74.881, -51.279], [-74.737, -51.208], [-74.612, -51.207], [-74.571, -51.245], [-74.559, -51.277]]], [[[-75.055, -50.296], [-75.25, -50.376], [-75.308, -50.343], [-75.449, -50.343], [-75.412, -50.257], [-75.398, -50.193], [-75.377, -50.168], [-75.369, -50.113], [-75.327, -50.012], [-75.21, -50.045], [-75.123, -50.055], [-75.004, -50.089], [-74.876, -50.11], [-74.839, -50.197], [-74.963, -50.237], [-75.055, -50.296]]], [[[-73.811, -43.827], [-73.79, -43.876], [-73.834, -43.883], [-73.904, -43.875], [-73.938, -43.914], [-73.956, -43.922], [-74.118, -43.888], [-74.143, -43.872], [-74.14, -43.821], [-73.967, -43.817], [-73.857, -43.784], [-73.841, -43.789], [-73.811, -43.827]]], [[[-74.142, -51.931], [-74.172, -51.942], [-74.283, -51.919], [-74.339, -51.898], [-74.424, -51.845], [-74.437, -51.791], [-74.475, -51.726], [-74.451, -51.725], [-74.362, -51.751], [-74.326, -51.77], [-74.277, -51.812], [-74.133, -51.871], [-74.115, -51.888], [-74.119, -51.911], [-74.142, -51.931]]], [[[-74.313, -45.692], [-74.368, -45.736], [-74.466, -45.757], [-74.562, -45.722], [-74.678, -45.739], [-74.69, -45.663], [-74.646, -45.6], [-74.558, -45.526], [-74.495, -45.426], [-74.502, -45.285], [-74.45, -45.253], [-74.422, -45.203], [-74.311, -45.173], [-74.285, -45.277], [-74.315, -45.464], [-74.24, -45.575], [-74.229, -45.611], [-74.244, -45.654], [-74.313, -45.692]]], [[[-67.575, -55.89], [-67.611, -55.892], [-67.7, -55.873], [-67.832, -55.865], [-67.846, -55.857], [-67.85, -55.843], [-67.834, -55.828], [-67.762, -55.816], [-67.545, -55.826], [-67.517, -55.833], [-67.51, -55.844], [-67.545, -55.877], [-67.575, -55.89]]], [[[-66.472, -55.229], [-66.552, -55.273], [-66.611, -55.27], [-66.63, -55.254], [-66.637, -55.234], [-66.625, -55.213], [-66.6, -55.194], [-66.542, -55.169], [-66.523, -55.166], [-66.436, -55.19], [-66.472, -55.229]]], [[[-70.992, -54.868], [-70.945, -54.931], [-70.928, -54.943], [-70.805, -54.968], [-70.749, -54.953], [-70.615, -54.946], [-70.535, -54.921], [-70.418, -54.909], [-70.283, -55.066], [-70.298, -55.114], [-70.404, -55.166], [-70.476, -55.177], [-70.543, -55.161], [-70.539, -55.135], [-70.551, -55.112], [-70.597, -55.082], [-70.641, -55.085], [-70.711, -55.107], [-70.744, -55.104], [-70.815, -55.08], [-70.94, -55.062], [-70.965, -55.04], [-70.967, -55.007], [-70.991, -54.99], [-71.12, -54.938], [-71.203, -54.893], [-71.274, -54.887], [-71.299, -54.892], [-71.325, -54.914], [-71.389, -54.934], [-71.407, -54.931], [-71.427, -54.914], [-71.437, -54.889], [-71.411, -54.839], [-71.374, -54.835], [-71.197, -54.844], [-71.089, -54.867], [-70.992, -54.868]]], [[[-67.289, -55.777], [-67.325, -55.785], [-67.352, -55.766], [-67.393, -55.753], [-67.56, -55.725], [-67.563, -55.708], [-67.546, -55.684], [-67.513, -55.662], [-67.449, -55.641], [-67.397, -55.585], [-67.374, -55.589], [-67.351, -55.612], [-67.31, -55.689], [-67.262, -55.744], [-67.267, -55.763], [-67.289, -55.777]]]]}}, {"type": "Feature", "properties": {"ISO_A2": "GR", "ISO_A3": "GRC", "NAME": "Greece", "fillColor": "#0D5EAF"}, "geometry": {"type": "MultiPolygon", "coordinates": [[[[27.86, 36.554], [27.838, 36.538], [27.788, 36.584], [27.786, 36.608], [27.837, 36.635], [27.863, 36.641], [27.87, 36.623], [27.869, 36.583], [27.86, 36.554]]], [[[20.612, 38.383], [20.625, 38.268], [20.695, 38.246], [20.789, 38.142], [20.781, 38.089], [20.761, 38.071], [20.606, 38.12], [20.569, 38.098], [20.524, 38.107], [20.496, 38.164], [20.499, 38.184], [20.473, 38.219], [20.452, 38.234], [20.391, 38.188], [20.353, 38.18], [20.352, 38.222], [20.409, 38.337], [20.435, 38.356], [20.481, 38.318], [20.52, 38.332], [20.548, 38.395], [20.55, 38.457], [20.563, 38.475], [20.612, 38.383]]], [[[20.888, 37.805], [20.994, 37.708], [20.909, 37.732], [20.819, 37.665], [20.704, 37.743], [20.635, 37.823], [20.62, 37.855], [20.692, 37.93], [20.759, 37.853], [20.84, 37.841], [20.888, 37.805]]], [[[20.687, 38.609], [20.648, 38.601], [20.614, 38.606], [20.584, 38.602], [20.555, 38.583], [20.558, 38.662], [20.592, 38.76], [20.635, 38.818], [20.694, 38.844], [20.72, 38.799], [20.715, 38.638], [20.687, 38.609]]], [[[20.759, 38.329], [20.709, 38.319], [20.646, 38.414], [20.624, 38.48], [20.65, 38.484], [20.675, 38.476], [20.701, 38.451], [20.701, 38.426], [20.712, 38.399], [20.739, 38.366], [20.759, 38.329]]], [[[20.078, 39.433], [20.1, 39.377], [19.975, 39.411], [19.884, 39.462], [19.809, 39.585], [19.649, 39.726], [19.646, 39.767], [19.707, 39.798], [19.839, 39.82], [19.892, 39.797], [19.926, 39.774], [19.937, 39.747], [19.862, 39.693], [19.847, 39.668], [19.904, 39.619], [19.903, 39.6], [19.927, 39.506], [19.955, 39.47], [20.028, 39.442], [20.078, 39.433]]], [[[23.415, 38.959], [23.472, 38.85], [23.525, 38.813], [23.636, 38.77], [23.688, 38.765], [23.878, 38.687], [24.099, 38.671], [24.128, 38.648], [24.155, 38.588], [24.2, 38.541], [24.211, 38.504], [24.188, 38.463], [24.22, 38.339], [24.276, 38.22], [24.36, 38.163], [24.464, 38.145], [24.563, 38.148], [24.588, 38.124], [24.579, 38.02], [24.537, 37.98], [24.502, 37.97], [24.473, 37.981], [24.446, 38.005], [24.417, 38.017], [24.359, 38.019], [24.318, 38.06], [24.212, 38.118], [24.193, 38.152], [24.189, 38.204], [24.144, 38.243], [24.103, 38.317], [24.064, 38.337], [24.042, 38.374], [24.04, 38.39], [23.886, 38.401], [23.759, 38.401], [23.651, 38.443], [23.617, 38.553], [23.553, 38.582], [23.505, 38.613], [23.465, 38.656], [23.364, 38.735], [23.252, 38.801], [23.144, 38.845], [23.029, 38.873], [22.936, 38.84], [22.881, 38.848], [22.87, 38.871], [22.986, 38.916], [23.146, 39.003], [23.258, 39.031], [23.313, 39.035], [23.415, 38.959]]], [[[23.78, 39.114], [23.735, 39.081], [23.666, 39.095], [23.594, 39.209], [23.78, 39.114]]], [[[23.888, 39.158], [23.841, 39.147], [23.888, 39.226], [23.971, 39.268], [23.94, 39.201], [23.888, 39.158]]], [[[24.675, 38.809], [24.569, 38.785], [24.541, 38.789], [24.565, 38.819], [24.566, 38.832], [24.461, 38.889], [24.473, 38.962], [24.486, 38.98], [24.564, 38.942], [24.581, 38.879], [24.675, 38.809]]], [[[24.774, 40.615], [24.646, 40.579], [24.516, 40.647], [24.517, 40.687], [24.586, 40.769], [24.623, 40.793], [24.719, 40.786], [24.774, 40.73], [24.786, 40.704], [24.769, 40.659], [24.774, 40.615]]], [[[23.551, 37.926], [23.511, 37.901], [23.467, 37.902], [23.435, 37.911], [23.419, 37.931], [23.439, 37.941], [23.462, 37.98], [23.484, 37.991], [23.516, 37.986], [23.535, 37.97], [23.551, 37.926]]], [[[23.054, 36.19], [23.042, 36.146], [22.939, 36.176], [22.911, 36.221], [22.906, 36.32], [22.933, 36.369], [22.95, 36.384], [22.998, 36.328], [23.097, 36.247], [23.054, 36.19]]], [[[27.176, 35.465], [27.138, 35.409], [27.099, 35.456], [27.116, 35.511], [27.071, 35.598], [27.156, 35.726], [27.158, 35.789], [27.223, 35.82], [27.207, 35.714], [27.157, 35.629], [27.209, 35.559], [27.234, 35.479], [27.176, 35.465]]], [[[27.02, 36.959], [26.92, 36.945], [26.938, 37.025], [26.889, 37.087], [26.967, 37.052], [27.016, 37.01], [27.04, 37.002], [27.035, 36.976], [27.02, 36.959]]], [[[26.95, 36.727], [26.918, 36.726], [26.956, 36.774], [27.061, 36.84], [27.215, 36.899], [27.266, 36.905], [27.352, 36.869], [27.193, 36.809], [27.151, 36.778], [27.034, 36.771], [26.95, 36.727]]], [[[25.546, 36.968], [25.457, 36.93], [25.396, 36.984], [25.362, 37.07], [25.525, 37.196], [25.564, 37.185], [25.588, 37.153], [25.584, 37.039], [25.546, 36.968]]], [[[25.279, 37.068], [25.199, 36.991], [25.133, 37.0], [25.105, 37.035], [25.146, 37.107], [25.235, 37.149], [25.275, 37.138], [25.271, 37.084], [25.279, 37.068]]], [[[25.482, 36.393], [25.436, 36.34], [25.371, 36.359], [25.397, 36.379], [25.413, 36.405], [25.415, 36.442], [25.397, 36.465], [25.409, 36.474], [25.467, 36.435], [25.482, 36.393]]], [[[25.382, 36.674], [25.364, 36.658], [25.289, 36.722], [25.26, 36.758], [25.296, 36.789], [25.407, 36.717], [25.382, 36.674]]], [[[26.824, 37.811], [26.947, 37.778], [26.982, 37.782], [27.04, 37.77], [27.055, 37.709], [26.978, 37.7], [26.845, 37.645], [26.788, 37.657], [26.721, 37.705], [26.613, 37.71], [26.581, 37.724], [26.639, 37.781], [26.743, 37.81], [26.824, 37.811]]], [[[26.029, 37.529], [25.982, 37.526], [25.997, 37.566], [26.086, 37.635], [26.212, 37.638], [26.326, 37.673], [26.351, 37.674], [26.297, 37.62], [26.205, 37.569], [26.029, 37.529]]], [[[25.859, 36.79], [25.771, 36.782], [25.743, 36.79], [25.797, 36.807], [25.834, 36.825], [25.852, 36.848], [25.942, 36.887], [26.001, 36.937], [26.064, 36.903], [25.985, 36.88], [25.859, 36.79]]], [[[26.461, 36.585], [26.382, 36.562], [26.331, 36.511], [26.27, 36.547], [26.27, 36.595], [26.337, 36.581], [26.384, 36.608], [26.37, 36.639], [26.421, 36.624], [26.461, 36.585]]], [[[24.356, 37.577], [24.289, 37.528], [24.277, 37.601], [24.32, 37.678], [24.379, 37.683], [24.401, 37.649], [24.356, 37.577]]], [[[24.436, 37.344], [24.379, 37.314], [24.398, 37.383], [24.37, 37.42], [24.395, 37.45], [24.431, 37.475], [24.449, 37.45], [24.481, 37.408], [24.436, 37.344]]], [[[24.536, 36.764], [24.538, 36.705], [24.531, 36.684], [24.326, 36.656], [24.345, 36.723], [24.357, 36.744], [24.425, 36.713], [24.45, 36.729], [24.46, 36.747], [24.536, 36.764]]], [[[24.943, 37.494], [24.938, 37.39], [24.912, 37.391], [24.896, 37.407], [24.895, 37.446], [24.907, 37.509], [24.943, 37.494]]], [[[24.992, 37.76], [24.962, 37.692], [24.884, 37.771], [24.799, 37.824], [24.767, 37.871], [24.714, 37.899], [24.7, 37.962], [24.763, 37.987], [24.79, 37.99], [24.855, 37.914], [24.956, 37.905], [24.948, 37.858], [24.98, 37.797], [24.992, 37.76]]], [[[25.256, 37.6], [25.219, 37.535], [25.156, 37.545], [25.052, 37.614], [25.016, 37.646], [24.996, 37.677], [25.039, 37.681], [25.092, 37.648], [25.225, 37.631], [25.256, 37.6]]], [[[24.721, 36.921], [24.703, 36.917], [24.676, 36.959], [24.671, 36.999], [24.681, 37.022], [24.716, 37.024], [24.763, 36.949], [24.721, 36.921]]], [[[26.094, 38.218], [25.999, 38.162], [25.892, 38.243], [25.874, 38.27], [25.953, 38.303], [25.991, 38.354], [25.96, 38.416], [25.851, 38.508], [25.846, 38.574], [26.012, 38.602], [26.11, 38.545], [26.16, 38.541], [26.141, 38.486], [26.15, 38.468], [26.157, 38.303], [26.111, 38.28], [26.103, 38.234], [26.094, 38.218]]], [[[26.41, 39.329], [26.393, 39.27], [26.531, 39.172], [26.578, 39.11], [26.596, 39.049], [26.584, 39.031], [26.532, 39.064], [26.489, 39.075], [26.503, 39.031], [26.547, 38.994], [26.469, 38.973], [26.39, 38.974], [26.161, 39.026], [26.108, 39.081], [26.245, 39.164], [26.273, 39.198], [26.176, 39.194], [26.072, 39.096], [25.906, 39.139], [25.855, 39.179], [25.844, 39.2], [25.91, 39.288], [26.026, 39.285], [26.088, 39.304], [26.165, 39.332], [26.165, 39.374], [26.348, 39.383], [26.41, 39.329]]], [[[25.686, 40.427], [25.573, 40.4], [25.448, 40.483], [25.569, 40.516], [25.624, 40.492], [25.664, 40.464], [25.686, 40.427]]], [[[25.438, 39.983], [25.4, 39.95], [25.372, 39.891], [25.357, 39.808], [25.299, 39.806], [25.263, 39.823], [25.252, 39.854], [25.249, 39.894], [25.224, 39.893], [25.203, 39.849], [25.185, 39.83], [25.126, 39.826], [25.062, 39.852], [25.065, 39.91], [25.052, 39.976], [25.058, 40.0], [25.234, 40.005], [25.286, 39.956], [25.348, 39.985], [25.374, 40.016], [25.449, 40.035], [25.438, 39.983]]], [[[25.403, 37.419], [25.307, 37.413], [25.313, 37.489], [25.348, 37.509], [25.463, 37.471], [25.457, 37.447], [25.403, 37.419]]], [[[24.524, 37.125], [24.487, 37.11], [24.425, 37.132], [24.441, 37.187], [24.484, 37.21], [24.529, 37.192], [24.536, 37.168], [24.524, 37.125]]], [[[27.843, 35.929], [27.771, 35.908], [27.746, 35.911], [27.716, 35.957], [27.757, 36.069], [27.719, 36.141], [27.716, 36.172], [27.774, 36.214], [27.815, 36.277], [27.914, 36.345], [28.171, 36.426], [28.232, 36.434], [28.23, 36.37], [28.144, 36.21], [28.068, 36.13], [28.088, 36.065], [27.966, 36.048], [27.843, 35.929]]], [[[23.852, 35.535], [23.921, 35.528], [24.013, 35.529], [24.034, 35.535], [24.093, 35.594], [24.166, 35.595], [24.198, 35.537], [24.124, 35.511], [24.109, 35.496], [24.123, 35.484], [24.179, 35.46], [24.255, 35.469], [24.258, 35.423], [24.275, 35.386], [24.313, 35.364], [24.354, 35.359], [24.445, 35.366], [24.535, 35.381], [24.627, 35.41], [24.721, 35.425], [25.003, 35.41], [25.104, 35.347], [25.297, 35.339], [25.476, 35.306], [25.57, 35.328], [25.73, 35.349], [25.756, 35.326], [25.735, 35.184], [25.745, 35.143], [25.791, 35.123], [25.837, 35.133], [25.893, 35.179], [26.028, 35.215], [26.168, 35.215], [26.286, 35.31], [26.32, 35.315], [26.299, 35.269], [26.281, 35.159], [26.256, 35.095], [26.244, 35.045], [26.166, 35.019], [26.047, 35.014], [25.83, 35.025], [25.611, 35.007], [25.206, 34.959], [24.8, 34.934], [24.745, 34.951], [24.744, 35.014], [24.735, 35.058], [24.709, 35.089], [24.583, 35.115], [24.464, 35.16], [23.994, 35.222], [23.884, 35.246], [23.704, 35.233], [23.638, 35.235], [23.593, 35.257], [23.562, 35.295], [23.548, 35.416], [23.57, 35.535], [23.609, 35.566], [23.627, 35.53], [23.673, 35.514], [23.715, 35.55], [23.715, 35.605], [23.737, 35.656], [23.771, 35.634], [23.793, 35.556], [23.852, 35.535]]], [[[26.321, 41.717], [26.411, 41.696], [26.462, 41.663], [26.495, 41.633], [26.545, 41.607], [26.581, 41.601], [26.61, 41.512], [26.625, 41.402], [26.602, 41.354], [26.536, 41.343], [26.331, 41.239], [26.326, 41.143], [26.328, 41.097], [26.333, 41.064], [26.354, 41.037], [26.354, 40.997], [26.331, 40.954], [26.241, 40.883], [26.179, 40.827], [26.109, 40.75], [26.07, 40.74], [26.039, 40.727], [26.011, 40.769], [25.856, 40.844], [25.497, 40.888], [25.325, 40.943], [25.25, 40.933], [25.104, 40.995], [25.005, 40.968], [24.793, 40.858], [24.679, 40.869], [24.557, 40.936], [24.477, 40.948], [24.384, 40.913], [24.234, 40.786], [24.082, 40.724], [23.946, 40.748], [23.763, 40.748], [23.743, 40.677], [23.779, 40.628], [23.879, 40.544], [23.832, 40.482], [23.867, 40.419], [23.932, 40.406], [24.031, 40.409], [24.213, 40.328], [24.292, 40.242], [24.343, 40.148], [24.232, 40.215], [24.159, 40.28], [24.056, 40.304], [23.913, 40.359], [23.823, 40.368], [23.728, 40.33], [23.721, 40.286], [23.823, 40.205], [23.918, 40.155], [23.967, 40.115], [24.001, 40.025], [23.982, 39.994], [23.947, 39.966], [23.835, 40.022], [23.665, 40.224], [23.426, 40.264], [23.386, 40.222], [23.433, 40.115], [23.467, 40.074], [23.674, 39.959], [23.658, 39.934], [23.627, 39.924], [23.396, 39.99], [23.328, 40.09], [23.312, 40.216], [23.098, 40.304], [22.896, 40.4], [22.851, 40.491], [22.893, 40.524], [22.922, 40.591], [22.811, 40.579], [22.742, 40.536], [22.629, 40.496], [22.625, 40.429], [22.643, 40.367], [22.605, 40.276], [22.569, 40.119], [22.592, 40.037], [22.836, 39.801], [22.919, 39.629], [22.979, 39.564], [23.103, 39.492], [23.233, 39.358], [23.288, 39.289], [23.328, 39.175], [23.218, 39.104], [23.155, 39.101], [23.119, 39.133], [23.169, 39.21], [23.162, 39.258], [22.993, 39.331], [22.921, 39.306], [22.839, 39.259], [22.886, 39.17], [22.939, 39.112], [22.966, 39.031], [23.067, 39.038], [22.93, 38.948], [22.803, 38.902], [22.677, 38.899], [22.597, 38.891], [22.569, 38.867], [22.634, 38.851], [22.688, 38.849], [22.774, 38.8], [23.02, 38.742], [23.138, 38.668], [23.253, 38.661], [23.369, 38.526], [23.57, 38.489], [23.684, 38.352], [23.836, 38.325], [23.967, 38.275], [24.005, 38.227], [24.025, 38.14], [24.033, 37.955], [24.061, 37.818], [24.062, 37.775], [24.055, 37.71], [24.02, 37.678], [23.972, 37.677], [23.877, 37.778], [23.733, 37.884], [23.58, 38.011], [23.537, 38.033], [23.502, 38.035], [23.42, 37.992], [23.194, 37.959], [23.087, 37.913], [23.047, 37.903], [23.036, 37.878], [23.086, 37.853], [23.147, 37.795], [23.147, 37.716], [23.198, 37.62], [23.263, 37.595], [23.348, 37.598], [23.396, 37.58], [23.409, 37.542], [23.458, 37.497], [23.491, 37.464], [23.489, 37.44], [23.253, 37.377], [23.203, 37.349], [23.162, 37.334], [23.1, 37.364], [23.096, 37.441], [23.015, 37.482], [22.941, 37.517], [22.851, 37.532], [22.775, 37.585], [22.725, 37.542], [22.765, 37.393], [22.851, 37.291], [22.995, 37.016], [23.06, 36.854], [23.074, 36.775], [23.041, 36.645], [23.112, 36.548], [23.16, 36.448], [23.107, 36.452], [23.061, 36.487], [22.983, 36.528], [22.832, 36.687], [22.78, 36.786], [22.717, 36.794], [22.608, 36.78], [22.489, 36.568], [22.489, 36.447], [22.428, 36.476], [22.375, 36.514], [22.381, 36.646], [22.376, 36.702], [22.231, 36.883], [22.165, 36.903], [22.134, 36.964], [22.08, 37.029], [22.012, 37.017], [21.956, 36.99], [21.94, 36.892], [21.934, 36.804], [21.892, 36.737], [21.738, 36.863], [21.583, 37.081], [21.579, 37.2], [21.692, 37.309], [21.679, 37.387], [21.571, 37.541], [21.416, 37.64], [21.329, 37.669], [21.288, 37.775], [21.205, 37.829], [21.138, 37.854], [21.125, 37.892], [21.145, 37.919], [21.308, 38.027], [21.404, 38.197], [21.451, 38.205], [21.549, 38.165], [21.658, 38.175], [21.748, 38.274], [21.825, 38.328], [21.953, 38.321], [22.244, 38.189], [22.556, 38.113], [22.712, 38.047], [22.8, 37.981], [22.846, 37.968], [22.92, 37.958], [22.917, 38.007], [22.893, 38.051], [22.955, 38.075], [23.122, 38.073], [23.153, 38.096], [23.183, 38.134], [23.149, 38.176], [23.094, 38.196], [23.034, 38.202], [22.995, 38.216], [22.933, 38.202], [22.834, 38.235], [22.784, 38.262], [22.754, 38.29], [22.583, 38.345], [22.422, 38.439], [22.385, 38.386], [22.32, 38.357], [22.227, 38.353], [21.965, 38.412], [21.805, 38.367], [21.717, 38.355], [21.65, 38.354], [21.568, 38.334], [21.473, 38.321], [21.39, 38.408], [21.355, 38.475], [21.331, 38.487], [21.33, 38.424], [21.303, 38.374], [21.183, 38.346], [21.113, 38.385], [21.06, 38.503], [20.992, 38.654], [20.873, 38.776], [20.777, 38.808], [20.769, 38.874], [20.777, 38.928], [20.893, 38.941], [21.074, 38.885], [21.112, 38.896], [21.152, 38.922], [21.145, 38.979], [21.118, 39.03], [21.069, 39.032], [21.034, 39.026], [20.923, 39.037], [20.78, 39.009], [20.713, 39.035], [20.691, 39.067], [20.572, 39.148], [20.468, 39.255], [20.301, 39.327], [20.191, 39.546], [20.099, 39.641], [20.001, 39.709], [20.023, 39.711], [20.06, 39.699], [20.131, 39.662], [20.207, 39.654], [20.248, 39.678], [20.272, 39.701], [20.288, 39.739], [20.294, 39.782], [20.306, 39.797], [20.364, 39.792], [20.382, 39.803], [20.382, 39.842], [20.344, 39.891], [20.311, 39.951], [20.311, 39.979], [20.338, 39.991], [20.384, 40.017], [20.408, 40.049], [20.456, 40.066], [20.527, 40.069], [20.606, 40.083], [20.657, 40.117], [20.665, 40.152], [20.697, 40.246], [20.718, 40.293], [20.752, 40.335], [20.77, 40.392], [20.806, 40.445], [20.882, 40.468], [20.95, 40.494], [21.002, 40.563], [21.031, 40.622], [21.031, 40.659], [20.988, 40.718], [20.956, 40.775], [20.964, 40.85], [21.1, 40.856], [21.148, 40.863], [21.324, 40.867], [21.404, 40.907], [21.46, 40.904], [21.576, 40.869], [21.628, 40.896], [21.779, 40.95], [21.929, 41.107], [21.993, 41.131], [22.139, 41.141], [22.184, 41.159], [22.238, 41.155], [22.401, 41.123], [22.494, 41.119], [22.604, 41.14], [22.725, 41.179], [22.755, 41.313], [22.784, 41.332], [22.859, 41.337], [22.916, 41.336], [23.026, 41.326], [23.156, 41.322], [23.24, 41.385], [23.372, 41.39], [23.433, 41.399], [23.536, 41.386], [23.635, 41.387], [23.762, 41.413], [23.881, 41.456], [23.974, 41.452], [24.011, 41.46], [24.033, 41.469], [24.056, 41.527], [24.23, 41.531], [24.289, 41.525], [24.387, 41.524], [24.488, 41.555], [24.518, 41.553], [24.569, 41.467], [24.596, 41.443], [24.651, 41.42], [24.774, 41.356], [24.796, 41.373], [24.847, 41.394], [24.994, 41.365], [25.133, 41.316], [25.251, 41.244], [25.382, 41.264], [25.527, 41.3], [25.621, 41.31], [25.724, 41.315], [25.785, 41.33], [25.923, 41.312], [26.066, 41.351], [26.135, 41.386], [26.155, 41.435], [26.144, 41.522], [26.111, 41.608], [26.077, 41.64], [26.066, 41.673], [26.086, 41.704], [26.107, 41.726], [26.201, 41.744], [26.321, 41.717]]]]}}, {"type": "Feature", "properties": {"ISO_A2": "VA", "ISO_A3": "VAT", "NAME": "Vatican", "fillColor": "#D4AF37"}, "geometry": {"type": "Polygon", "coordinates": [[[12.439, 41.898], [12.431, 41.898], [12.428, 41.901], [12.431, 41.905], [12.438, 41.906], [12.439, 41.898]]]}}, {"type": "Feature", "properties": {"ISO_A2": "NA", "ISO_A3": "NAM", "NAME": "Namibia", "fillColor": "#003580"}, "geometry": {"type": "Polygon", "coordinates": [[[23.381, -17.641], [23.595, -17.599], [23.799, -17.56], [24.037, -17.521], [24.227, -17.49], [24.275, -17.481], [24.733, -17.518], [24.932, -17.543], [25.002, -17.569], [25.092, -17.634], [25.259, -17.794], [25.216, -17.788], [24.909, -17.821], [24.792, -17.865], [24.531, -18.053], [24.475, -18.029], [24.412, -17.989], [24.359, -17.978], [24.244, -18.023], [24.129, -18.078], [24.003, -18.154], [23.898, -18.229], [23.864, -18.27], [23.7, -18.424], [23.647, -18.449], [23.6, -18.46], [23.581, -18.453], [23.56, -18.386], [23.46, -18.231], [23.299, -18.027], [23.252, -18.008], [23.219, -18.0], [23.1, -18.01], [22.753, -18.067], [22.46, -18.116], [22.011, -18.199], [21.53, -18.266], [21.233, -18.307], [20.974, -18.319], [20.974, -18.521], [20.975, -18.929], [20.976, -19.336], [20.976, -19.744], [20.977, -20.152], [20.977, -20.56], [20.978, -20.968], [20.979, -21.376], [20.979, -21.784], [20.979, -21.962], [20.971, -22.0], [20.823, -22.0], [20.488, -22.0], [20.205, -22.0], [19.977, -22.0], [19.978, -22.243], [19.978, -22.529], [19.978, -22.816], [19.979, -23.103], [19.979, -23.389], [19.979, -23.676], [19.98, -23.962], [19.98, -24.249], [19.98, -24.536], [19.98, -24.752], [19.98, -24.777], [19.98, -25.197], [19.98, -25.642], [19.98, -26.086], [19.98, -26.531], [19.98, -26.976], [19.98, -27.421], [19.98, -27.866], [19.98, -28.31], [19.98, -28.451], [19.878, -28.449], [19.671, -28.504], [19.54, -28.575], [19.483, -28.662], [19.407, -28.714], [19.313, -28.733], [19.271, -28.778], [19.282, -28.848], [19.246, -28.902], [19.162, -28.939], [19.026, -28.928], [18.839, -28.869], [18.6, -28.855], [18.311, -28.886], [18.103, -28.872], [17.976, -28.811], [17.842, -28.777], [17.699, -28.768], [17.617, -28.743], [17.448, -28.698], [17.416, -28.621], [17.396, -28.563], [17.348, -28.501], [17.343, -28.452], [17.38, -28.414], [17.386, -28.353], [17.359, -28.269], [17.312, -28.229], [17.246, -28.231], [17.205, -28.199], [17.188, -28.133], [17.149, -28.082], [17.056, -28.031], [16.933, -28.07], [16.875, -28.128], [16.841, -28.219], [16.81, -28.265], [16.795, -28.341], [16.788, -28.395], [16.756, -28.452], [16.723, -28.475], [16.689, -28.465], [16.626, -28.488], [16.487, -28.573], [16.448, -28.618], [16.335, -28.537], [16.007, -28.232], [15.891, -28.153], [15.719, -27.966], [15.342, -27.387], [15.288, -27.275], [15.216, -26.995], [15.133, -26.788], [15.124, -26.668], [15.163, -26.6], [15.139, -26.508], [15.097, -26.426], [14.968, -26.318], [14.931, -25.958], [14.845, -25.726], [14.864, -25.534], [14.823, -25.359], [14.819, -25.246], [14.837, -25.033], [14.768, -24.788], [14.628, -24.548], [14.502, -24.202], [14.483, -24.05], [14.497, -23.643], [14.472, -23.477], [14.474, -23.281], [14.424, -23.079], [14.403, -22.968], [14.438, -22.881], [14.459, -22.908], [14.496, -22.921], [14.52, -22.805], [14.526, -22.703], [14.463, -22.449], [14.322, -22.19], [13.973, -21.768], [13.888, -21.607], [13.839, -21.473], [13.451, -20.917], [13.284, -20.524], [13.168, -20.185], [13.042, -20.028], [12.458, -18.927], [12.329, -18.751], [12.096, -18.541], [12.041, -18.471], [11.951, -18.271], [11.776, -18.002], [11.733, -17.751], [11.722, -17.467], [11.743, -17.249], [11.903, -17.227], [12.014, -17.169], [12.114, -17.165], [12.213, -17.21], [12.318, -17.213], [12.359, -17.206], [12.548, -17.213], [12.657, -17.161], [12.785, -17.108], [12.859, -17.063], [12.963, -17.015], [13.101, -16.968], [13.179, -16.972], [13.276, -16.99], [13.404, -17.008], [13.476, -17.04], [13.562, -17.141], [13.694, -17.233], [13.792, -17.288], [13.904, -17.361], [13.938, -17.389], [13.987, -17.404], [14.017, -17.409], [14.226, -17.398], [14.415, -17.388], [14.618, -17.388], [15.001, -17.389], [15.383, -17.389], [15.766, -17.39], [16.148, -17.39], [16.531, -17.391], [16.914, -17.391], [17.296, -17.392], [17.679, -17.393], [17.835, -17.393], [18.109, -17.396], [18.396, -17.399], [18.428, -17.405], [18.46, -17.425], [18.487, -17.443], [18.588, -17.57], [18.718, -17.703], [18.826, -17.766], [18.955, -17.804], [19.076, -17.818], [19.189, -17.808], [19.377, -17.825], [19.639, -17.869], [19.912, -17.881], [20.194, -17.864], [20.393, -17.887], [20.508, -17.953], [20.625, -17.997], [20.746, -18.02], [20.908, -18.006], [21.113, -17.956], [21.288, -17.963], [21.369, -18.0], [21.417, -18.001], [21.718, -17.948], [21.961, -17.905], [22.324, -17.837], [22.624, -17.782], [23.068, -17.699], [23.381, -17.641]]]}}, {"type": "Feature", "properties": {"ISO_A2": "JP", "ISO_A3": "JPN", "NAME": "Japan", "fillColor": "#BC002D"}, "geometry": {"type": "MultiPolygon", "coordinates": [[[[133.371, 36.204], [133.325, 36.167], [133.239, 36.179], [133.19, 36.233], [133.206, 36.293], [133.296, 36.34], [133.381, 36.246], [133.371, 36.204]]], [[[138.344, 37.822], [138.249, 37.82], [138.225, 37.829], [138.283, 37.854], [138.288, 37.896], [138.322, 37.97], [138.322, 37.991], [138.246, 37.995], [138.25, 38.078], [138.306, 38.161], [138.461, 38.291], [138.504, 38.316], [138.51, 38.259], [138.463, 38.124], [138.454, 38.076], [138.575, 38.066], [138.497, 37.904], [138.344, 37.822]]], [[[134.933, 34.288], [134.824, 34.203], [134.731, 34.209], [134.683, 34.247], [134.668, 34.294], [134.757, 34.368], [134.834, 34.473], [134.904, 34.519], [134.961, 34.545], [135.005, 34.544], [134.905, 34.398], [134.933, 34.288]]], [[[130.623, 30.263], [130.508, 30.241], [130.446, 30.265], [130.388, 30.388], [130.497, 30.466], [130.644, 30.389], [130.673, 30.367], [130.623, 30.263]]], [[[130.96, 30.397], [130.872, 30.386], [130.87, 30.444], [130.94, 30.575], [130.947, 30.671], [131.012, 30.792], [131.04, 30.819], [131.06, 30.828], [131.083, 30.791], [131.057, 30.642], [130.993, 30.53], [130.96, 30.397]]], [[[130.083, 32.23], [130.004, 32.194], [129.993, 32.228], [129.96, 32.244], [130.017, 32.292], [130.015, 32.314], [129.979, 32.346], [130.021, 32.469], [130.01, 32.522], [130.168, 32.541], [130.197, 32.492], [130.2, 32.341], [130.083, 32.23]]], [[[129.279, 34.123], [129.214, 34.083], [129.186, 34.145], [129.215, 34.321], [129.337, 34.285], [129.335, 34.231], [129.279, 34.123]]], [[[129.386, 34.354], [129.365, 34.306], [129.297, 34.34], [129.267, 34.37], [129.329, 34.522], [129.322, 34.579], [129.326, 34.607], [129.451, 34.687], [129.472, 34.671], [129.48, 34.649], [129.469, 34.616], [129.475, 34.54], [129.381, 34.416], [129.386, 34.354]]], [[[128.665, 32.784], [128.704, 32.757], [128.761, 32.772], [128.806, 32.776], [128.839, 32.763], [128.879, 32.693], [128.895, 32.652], [128.821, 32.646], [128.79, 32.637], [128.75, 32.586], [128.693, 32.605], [128.657, 32.628], [128.649, 32.662], [128.665, 32.784]]], [[[130.381, 32.424], [130.293, 32.419], [130.256, 32.431], [130.242, 32.463], [130.365, 32.527], [130.461, 32.516], [130.419, 32.458], [130.381, 32.424]]], [[[141.073, 45.333], [141.034, 45.269], [140.982, 45.364], [140.972, 45.465], [141.002, 45.465], [141.057, 45.45], [141.07, 45.4], [141.073, 45.333]]], [[[141.295, 45.119], [141.226, 45.112], [141.145, 45.154], [141.135, 45.206], [141.194, 45.248], [141.252, 45.232], [141.31, 45.179], [141.329, 45.15], [141.295, 45.119]]], [[[139.481, 42.081], [139.458, 42.076], [139.435, 42.084], [139.412, 42.16], [139.431, 42.2], [139.496, 42.227], [139.558, 42.235], [139.505, 42.096], [139.481, 42.081]]], [[[134.352, 34.484], [134.333, 34.464], [134.315, 34.469], [134.252, 34.423], [134.238, 34.467], [134.188, 34.496], [134.182, 34.519], [134.326, 34.534], [134.372, 34.522], [134.352, 34.484]]], [[[139.456, 34.727], [139.446, 34.68], [139.392, 34.69], [139.367, 34.721], [139.37, 34.775], [139.426, 34.776], [139.456, 34.727]]], [[[129.077, 32.84], [129.052, 32.829], [129.02, 32.92], [128.997, 32.952], [129.035, 32.969], [129.11, 33.133], [129.124, 33.068], [129.153, 33.003], [129.182, 32.993], [129.154, 32.946], [129.112, 32.929], [129.077, 32.84]]], [[[129.492, 33.223], [129.421, 33.176], [129.37, 33.176], [129.417, 33.231], [129.423, 33.257], [129.462, 33.331], [129.538, 33.358], [129.57, 33.361], [129.508, 33.284], [129.492, 33.223]]], [[[129.796, 33.749], [129.727, 33.707], [129.675, 33.74], [129.7, 33.829], [129.717, 33.858], [129.776, 33.829], [129.796, 33.749]]], [[[132.578, 34.115], [132.549, 34.075], [132.461, 34.087], [132.496, 34.122], [132.524, 34.164], [132.543, 34.173], [132.56, 34.127], [132.578, 34.115]]], [[[132.266, 33.945], [132.315, 33.909], [132.43, 33.924], [132.445, 33.913], [132.411, 33.88], [132.36, 33.847], [132.267, 33.871], [132.209, 33.873], [132.201, 33.928], [132.208, 33.948], [132.266, 33.945]]], [[[129.718, 31.657], [129.687, 31.64], [129.707, 31.718], [129.787, 31.787], [129.794, 31.742], [129.718, 31.657]]], [[[142.188, 26.617], [142.17, 26.616], [142.107, 26.722], [142.125, 26.726], [142.162, 26.71], [142.202, 26.649], [142.188, 26.617]]], [[[143.824, 44.117], [143.95, 44.112], [144.005, 44.117], [144.101, 44.102], [144.482, 43.95], [144.597, 43.93], [144.715, 43.928], [144.799, 43.94], [144.872, 43.982], [145.102, 44.166], [145.343, 44.334], [145.37, 44.327], [145.37, 44.281], [145.352, 44.23], [145.245, 44.076], [145.126, 43.869], [145.101, 43.765], [145.14, 43.663], [145.214, 43.578], [145.273, 43.463], [145.341, 43.303], [145.436, 43.282], [145.488, 43.28], [145.583, 43.328], [145.674, 43.389], [145.751, 43.396], [145.833, 43.386], [145.726, 43.343], [145.624, 43.291], [145.537, 43.193], [145.505, 43.174], [145.405, 43.18], [145.347, 43.177], [145.23, 43.135], [145.127, 43.089], [145.029, 43.032], [144.921, 43.001], [144.807, 42.994], [144.631, 42.947], [144.516, 42.944], [144.302, 42.984], [144.197, 42.974], [143.969, 42.881], [143.762, 42.748], [143.581, 42.599], [143.429, 42.419], [143.369, 42.325], [143.332, 42.22], [143.327, 42.151], [143.314, 42.084], [143.279, 42.038], [143.237, 42.0], [143.112, 42.022], [142.906, 42.118], [142.508, 42.258], [142.088, 42.472], [141.851, 42.579], [141.407, 42.547], [140.986, 42.342], [140.948, 42.36], [140.788, 42.5], [140.71, 42.556], [140.617, 42.571], [140.548, 42.57], [140.48, 42.559], [140.385, 42.487], [140.351, 42.435], [140.324, 42.376], [140.315, 42.334], [140.327, 42.293], [140.417, 42.201], [140.528, 42.132], [140.578, 42.119], [140.684, 42.123], [140.734, 42.116], [140.912, 41.978], [141.108, 41.848], [141.151, 41.805], [141.079, 41.76], [141.0, 41.737], [140.908, 41.743], [140.816, 41.76], [140.66, 41.816], [140.593, 41.769], [140.489, 41.672], [140.432, 41.567], [140.385, 41.519], [140.27, 41.456], [140.149, 41.423], [140.085, 41.434], [140.037, 41.474], [140.009, 41.521], [139.995, 41.576], [140.021, 41.696], [140.084, 41.803], [140.108, 41.913], [140.057, 42.067], [140.024, 42.1], [139.895, 42.19], [139.835, 42.278], [139.821, 42.388], [139.829, 42.448], [139.86, 42.582], [139.891, 42.649], [139.951, 42.671], [140.015, 42.685], [140.115, 42.733], [140.224, 42.796], [140.329, 42.867], [140.432, 42.954], [140.486, 43.05], [140.397, 43.167], [140.379, 43.237], [140.392, 43.303], [140.487, 43.338], [140.585, 43.312], [140.781, 43.215], [140.819, 43.205], [140.954, 43.201], [141.138, 43.18], [141.245, 43.185], [141.296, 43.2], [141.374, 43.28], [141.412, 43.381], [141.398, 43.513], [141.398, 43.643], [141.447, 43.749], [141.601, 43.919], [141.645, 44.019], [141.661, 44.264], [141.716, 44.371], [141.761, 44.483], [141.782, 44.716], [141.719, 44.941], [141.656, 45.051], [141.583, 45.156], [141.594, 45.256], [141.653, 45.349], [141.654, 45.377], [141.668, 45.401], [141.778, 45.419], [141.829, 45.439], [141.879, 45.483], [141.938, 45.51], [141.981, 45.483], [142.016, 45.438], [142.172, 45.326], [142.416, 45.125], [142.704, 44.819], [142.885, 44.67], [143.075, 44.535], [143.289, 44.397], [143.512, 44.278], [143.655, 44.221], [143.759, 44.132], [143.824, 44.117]]], [[[131.175, 33.603], [131.309, 33.573], [131.366, 33.571], [131.419, 33.584], [131.499, 33.624], [131.583, 33.652], [131.643, 33.638], [131.696, 33.603], [131.724, 33.554], [131.711, 33.502], [131.616, 33.392], [131.537, 33.274], [131.717, 33.252], [131.897, 33.255], [131.855, 33.182], [131.848, 33.118], [131.903, 33.088], [131.949, 33.047], [131.937, 33.01], [131.91, 32.974], [132.009, 32.919], [132.002, 32.882], [131.977, 32.844], [131.732, 32.593], [131.66, 32.466], [131.61, 32.325], [131.565, 32.223], [131.531, 32.117], [131.506, 32.002], [131.46, 31.883], [131.475, 31.778], [131.46, 31.671], [131.337, 31.405], [131.25, 31.41], [131.14, 31.442], [131.071, 31.437], [131.035, 31.378], [131.098, 31.256], [130.902, 31.112], [130.686, 31.015], [130.684, 31.059], [130.704, 31.094], [130.736, 31.122], [130.758, 31.156], [130.79, 31.269], [130.774, 31.383], [130.709, 31.526], [130.704, 31.577], [130.749, 31.598], [130.78, 31.604], [130.796, 31.624], [130.797, 31.671], [130.776, 31.706], [130.715, 31.718], [130.655, 31.718], [130.613, 31.665], [130.556, 31.563], [130.528, 31.46], [130.54, 31.403], [130.566, 31.352], [130.645, 31.267], [130.621, 31.218], [130.589, 31.179], [130.311, 31.267], [130.251, 31.273], [130.201, 31.292], [130.147, 31.408], [130.261, 31.437], [130.294, 31.451], [130.307, 31.488], [130.322, 31.601], [130.269, 31.696], [130.224, 31.73], [130.188, 31.769], [130.211, 31.849], [130.196, 31.95], [130.194, 32.091], [130.214, 32.115], [130.319, 32.144], [130.395, 32.219], [130.462, 32.305], [130.56, 32.456], [130.641, 32.619], [130.563, 32.626], [130.498, 32.657], [130.569, 32.734], [130.547, 32.832], [130.44, 32.951], [130.382, 33.093], [130.287, 33.155], [130.238, 33.178], [130.177, 33.145], [130.127, 33.105], [130.173, 33.013], [130.168, 32.932], [130.175, 32.851], [130.222, 32.847], [130.28, 32.867], [130.326, 32.853], [130.354, 32.81], [130.361, 32.756], [130.34, 32.702], [130.298, 32.675], [130.246, 32.677], [130.193, 32.706], [130.152, 32.748], [130.054, 32.771], [129.951, 32.722], [129.853, 32.622], [129.769, 32.571], [129.808, 32.645], [129.827, 32.725], [129.786, 32.782], [129.69, 32.875], [129.668, 32.929], [129.662, 32.995], [129.679, 33.06], [129.778, 32.986], [129.828, 32.893], [129.901, 32.852], [129.992, 32.852], [129.922, 32.988], [129.897, 33.022], [129.799, 33.084], [129.665, 33.187], [129.58, 33.236], [129.61, 33.344], [129.66, 33.365], [129.702, 33.36], [129.844, 33.322], [129.858, 33.375], [129.837, 33.404], [129.826, 33.437], [129.919, 33.483], [130.072, 33.522], [130.103, 33.54], [130.131, 33.578], [130.168, 33.598], [130.275, 33.598], [130.365, 33.634], [130.439, 33.734], [130.457, 33.789], [130.484, 33.835], [130.67, 33.915], [130.716, 33.928], [130.84, 33.918], [130.953, 33.872], [131.009, 33.776], [131.058, 33.673], [131.175, 33.603]]], [[[134.357, 34.256], [134.496, 34.215], [134.637, 34.227], [134.635, 34.044], [134.655, 33.983], [134.695, 33.928], [134.675, 33.848], [134.739, 33.821], [134.549, 33.729], [134.377, 33.608], [134.307, 33.527], [134.243, 33.439], [134.206, 33.347], [134.182, 33.247], [134.124, 33.287], [133.959, 33.448], [133.854, 33.493], [133.686, 33.516], [133.632, 33.511], [133.286, 33.36], [133.24, 33.25], [133.146, 33.083], [133.101, 33.028], [133.051, 33.012], [133.016, 32.984], [132.977, 32.842], [132.87, 32.755], [132.804, 32.752], [132.692, 32.776], [132.642, 32.762], [132.709, 32.902], [132.602, 32.92], [132.495, 32.917], [132.493, 33.008], [132.428, 33.059], [132.476, 33.126], [132.477, 33.181], [132.505, 33.211], [132.515, 33.255], [132.511, 33.293], [132.445, 33.305], [132.405, 33.331], [132.413, 33.43], [132.375, 33.434], [132.281, 33.417], [132.086, 33.34], [132.033, 33.34], [132.114, 33.395], [132.288, 33.47], [132.366, 33.512], [132.536, 33.633], [132.643, 33.69], [132.699, 33.791], [132.716, 33.852], [132.752, 33.906], [132.784, 33.992], [132.839, 34.021], [132.935, 34.095], [132.99, 34.088], [133.051, 33.997], [133.134, 33.927], [133.193, 33.933], [133.299, 33.969], [133.35, 33.977], [133.472, 33.973], [133.582, 34.017], [133.627, 34.069], [133.643, 34.135], [133.603, 34.244], [133.656, 34.233], [133.706, 34.237], [133.826, 34.307], [133.948, 34.348], [134.076, 34.358], [134.219, 34.319], [134.357, 34.256]]], [[[141.229, 41.373], [141.269, 41.354], [141.455, 41.405], [141.42, 41.251], [141.4, 41.096], [141.414, 40.839], [141.43, 40.723], [141.463, 40.611], [141.542, 40.531], [141.646, 40.474], [141.797, 40.291], [141.878, 40.067], [141.935, 39.958], [141.978, 39.844], [141.991, 39.792], [141.992, 39.74], [141.979, 39.668], [141.993, 39.611], [141.977, 39.429], [141.909, 39.219], [141.901, 39.111], [141.842, 39.09], [141.807, 39.04], [141.776, 39.017], [141.742, 39.0], [141.694, 38.995], [141.659, 38.975], [141.645, 38.918], [141.622, 38.865], [141.58, 38.817], [141.546, 38.763], [141.519, 38.632], [141.509, 38.498], [141.467, 38.404], [141.368, 38.38], [141.254, 38.381], [141.108, 38.338], [141.077, 38.313], [140.962, 38.149], [140.929, 38.053], [140.928, 37.95], [140.96, 37.823], [141.003, 37.698], [141.036, 37.467], [141.002, 37.115], [140.968, 37.002], [140.895, 36.926], [140.84, 36.89], [140.792, 36.847], [140.73, 36.732], [140.627, 36.503], [140.619, 36.445], [140.619, 36.386], [140.592, 36.308], [140.574, 36.231], [140.59, 36.142], [140.622, 36.059], [140.76, 35.846], [140.813, 35.783], [140.874, 35.725], [140.639, 35.661], [140.597, 35.632], [140.457, 35.51], [140.413, 35.395], [140.417, 35.267], [140.393, 35.221], [140.355, 35.181], [140.315, 35.155], [140.159, 35.096], [140.059, 35.038], [139.96, 34.947], [139.92, 34.9], [139.844, 34.915], [139.799, 34.957], [139.843, 35.01], [139.83, 35.072], [139.851, 35.232], [139.826, 35.297], [139.906, 35.345], [139.944, 35.423], [140.027, 35.485], [140.086, 35.54], [140.097, 35.585], [140.044, 35.633], [139.988, 35.668], [139.91, 35.668], [139.835, 35.658], [139.786, 35.612], [139.77, 35.55], [139.774, 35.52], [139.768, 35.495], [139.65, 35.409], [139.666, 35.319], [139.7, 35.274], [139.744, 35.252], [139.731, 35.222], [139.675, 35.149], [139.636, 35.142], [139.564, 35.243], [139.474, 35.299], [139.363, 35.298], [139.249, 35.278], [139.163, 35.211], [139.134, 35.155], [139.116, 35.097], [139.122, 34.956], [139.086, 34.839], [139.016, 34.736], [138.983, 34.698], [138.897, 34.628], [138.838, 34.619], [138.795, 34.651], [138.761, 34.699], [138.804, 34.876], [138.803, 34.975], [138.904, 35.025], [138.821, 35.096], [138.72, 35.124], [138.577, 35.086], [138.537, 35.044], [138.51, 34.987], [138.433, 34.915], [138.349, 34.848], [138.253, 34.733], [138.189, 34.596], [137.979, 34.641], [137.864, 34.651], [137.749, 34.647], [137.543, 34.664], [137.318, 34.636], [137.062, 34.583], [137.077, 34.621], [137.288, 34.704], [137.295, 34.728], [137.275, 34.773], [137.223, 34.775], [137.097, 34.759], [137.032, 34.766], [137.006, 34.814], [136.963, 34.835], [136.935, 34.815], [136.944, 34.722], [136.913, 34.709], [136.871, 34.733], [136.885, 34.806], [136.856, 34.913], [136.853, 34.979], [136.897, 35.036], [136.852, 35.06], [136.804, 35.05], [136.744, 35.023], [136.69, 34.984], [136.577, 34.79], [136.533, 34.678], [136.616, 34.589], [136.842, 34.464], [136.88, 34.434], [136.881, 34.38], [136.854, 34.324], [136.792, 34.299], [136.544, 34.258], [136.33, 34.177], [136.268, 34.095], [136.073, 33.778], [135.916, 33.562], [135.695, 33.487], [135.453, 33.553], [135.394, 33.629], [135.347, 33.722], [135.257, 33.806], [135.175, 33.898], [135.128, 34.007], [135.135, 34.183], [135.1, 34.288], [135.132, 34.317], [135.266, 34.381], [135.309, 34.417], [135.385, 34.5], [135.412, 34.547], [135.416, 34.617], [135.355, 34.654], [135.198, 34.653], [135.042, 34.631], [134.93, 34.662], [134.785, 34.747], [134.74, 34.765], [134.584, 34.771], [134.472, 34.755], [134.363, 34.724], [134.247, 34.714], [134.208, 34.698], [134.075, 34.593], [133.968, 34.527], [133.876, 34.495], [133.678, 34.486], [133.579, 34.465], [133.474, 34.43], [133.445, 34.433], [133.336, 34.385], [133.21, 34.344], [133.142, 34.302], [133.019, 34.33], [132.775, 34.255], [132.657, 34.246], [132.534, 34.287], [132.421, 34.353], [132.313, 34.325], [132.238, 34.227], [132.202, 34.032], [132.159, 33.944], [132.146, 33.839], [132.09, 33.855], [131.763, 34.045], [131.741, 34.052], [131.476, 34.019], [131.408, 34.004], [131.323, 33.965], [131.233, 33.948], [131.15, 33.976], [131.072, 34.021], [130.996, 34.007], [130.919, 33.976], [130.889, 34.262], [130.904, 34.3], [130.952, 34.35], [131.004, 34.393], [131.132, 34.407], [131.262, 34.393], [131.354, 34.413], [131.433, 34.47], [131.515, 34.55], [131.608, 34.615], [131.734, 34.667], [131.856, 34.726], [131.963, 34.809], [132.065, 34.9], [132.158, 34.967], [132.26, 35.022], [132.414, 35.156], [132.619, 35.307], [132.698, 35.418], [132.747, 35.449], [132.923, 35.511], [133.157, 35.559], [133.267, 35.557], [133.376, 35.459], [133.435, 35.472], [133.495, 35.497], [133.615, 35.511], [133.739, 35.495], [133.86, 35.495], [133.981, 35.507], [134.214, 35.539], [134.337, 35.578], [134.456, 35.628], [134.882, 35.663], [135.174, 35.747], [135.221, 35.741], [135.265, 35.722], [135.269, 35.66], [135.232, 35.592], [135.268, 35.551], [135.327, 35.526], [135.602, 35.518], [135.68, 35.503], [135.795, 35.55], [135.903, 35.607], [136.016, 35.683], [136.095, 35.768], [136.022, 35.874], [136.006, 35.991], [136.067, 36.117], [136.156, 36.223], [136.262, 36.288], [136.359, 36.362], [136.556, 36.572], [136.698, 36.742], [136.749, 36.951], [136.719, 37.198], [136.843, 37.382], [136.962, 37.414], [137.199, 37.497], [137.323, 37.522], [137.341, 37.485], [137.338, 37.437], [137.152, 37.283], [137.046, 37.22], [136.982, 37.2], [136.924, 37.172], [136.9, 37.118], [136.994, 37.027], [137.019, 36.96], [137.013, 36.895], [137.017, 36.837], [137.124, 36.774], [137.246, 36.753], [137.298, 36.754], [137.343, 36.77], [137.483, 36.925], [137.514, 36.952], [137.913, 37.065], [138.11, 37.151], [138.218, 37.173], [138.32, 37.218], [138.548, 37.392], [138.633, 37.472], [138.709, 37.561], [138.771, 37.663], [138.819, 37.775], [138.885, 37.844], [139.247, 38.009], [139.364, 38.099], [139.401, 38.143], [139.446, 38.269], [139.477, 38.4], [139.521, 38.503], [139.58, 38.599], [139.66, 38.697], [139.749, 38.788], [139.802, 38.882], [139.879, 39.105], [139.912, 39.229], [139.939, 39.273], [139.977, 39.311], [140.011, 39.358], [140.037, 39.411], [140.048, 39.464], [140.065, 39.624], [140.055, 39.749], [139.995, 39.855], [139.945, 39.885], [139.891, 39.887], [139.81, 39.878], [139.742, 39.921], [139.755, 39.959], [139.826, 39.966], [139.874, 39.986], [139.908, 40.022], [139.972, 40.137], [140.011, 40.26], [140.014, 40.315], [139.964, 40.414], [139.924, 40.534], [139.923, 40.598], [139.967, 40.673], [140.029, 40.733], [140.085, 40.747], [140.146, 40.752], [140.201, 40.775], [140.252, 40.809], [140.281, 40.846], [140.326, 40.948], [140.344, 41.006], [140.315, 41.161], [140.344, 41.203], [140.386, 41.23], [140.441, 41.21], [140.498, 41.206], [140.564, 41.212], [140.628, 41.195], [140.64, 41.156], [140.679, 40.893], [140.702, 40.858], [140.749, 40.83], [140.801, 40.834], [140.846, 40.875], [140.876, 40.93], [140.936, 40.941], [141.119, 40.882], [141.183, 40.924], [141.225, 40.988], [141.262, 41.103], [141.244, 41.206], [141.2, 41.244], [141.155, 41.237], [141.115, 41.208], [141.07, 41.193], [140.801, 41.139], [140.802, 41.254], [140.86, 41.425], [140.892, 41.48], [140.937, 41.506], [141.05, 41.476], [141.106, 41.456], [141.229, 41.373]]], [[[124.293, 24.516], [124.234, 24.358], [124.186, 24.335], [124.136, 24.348], [124.085, 24.436], [124.12, 24.47], [124.17, 24.452], [124.211, 24.459], [124.302, 24.587], [124.324, 24.566], [124.293, 24.516]]], [[[123.889, 24.28], [123.826, 24.266], [123.75, 24.283], [123.681, 24.288], [123.68, 24.318], [123.752, 24.348], [123.754, 24.391], [123.771, 24.414], [123.935, 24.362], [123.928, 24.324], [123.889, 24.28]]], [[[125.444, 24.743], [125.359, 24.717], [125.269, 24.733], [125.284, 24.872], [125.315, 24.852], [125.335, 24.805], [125.402, 24.777], [125.444, 24.743]]], [[[128.259, 26.653], [128.162, 26.607], [128.127, 26.552], [128.038, 26.534], [127.951, 26.456], [127.867, 26.442], [127.869, 26.381], [127.905, 26.328], [127.849, 26.319], [127.79, 26.255], [127.786, 26.209], [127.806, 26.171], [127.804, 26.153], [127.729, 26.097], [127.653, 26.095], [127.65, 26.154], [127.655, 26.199], [127.727, 26.308], [127.729, 26.434], [127.796, 26.449], [127.82, 26.466], [127.926, 26.556], [127.946, 26.594], [127.891, 26.631], [127.895, 26.675], [127.907, 26.694], [127.994, 26.679], [128.03, 26.647], [128.047, 26.643], [128.098, 26.668], [128.122, 26.711], [128.217, 26.797], [128.255, 26.882], [128.332, 26.812], [128.311, 26.721], [128.259, 26.653]]], [[[128.998, 27.721], [128.956, 27.702], [128.9, 27.728], [128.883, 27.842], [128.908, 27.898], [128.952, 27.91], [128.99, 27.811], [129.016, 27.77], [128.998, 27.721]]], [[[129.453, 28.209], [129.366, 28.128], [129.275, 28.201], [129.165, 28.25], [129.217, 28.263], [129.248, 28.283], [129.251, 28.314], [129.322, 28.36], [129.465, 28.395], [129.51, 28.398], [129.561, 28.431], [129.577, 28.461], [129.598, 28.476], [129.69, 28.517], [129.715, 28.47], [129.71, 28.432], [129.642, 28.411], [129.575, 28.361], [129.513, 28.299], [129.457, 28.272], [129.439, 28.255], [129.453, 28.209]]], [[[129.324, 28.105], [129.331, 28.082], [129.232, 28.101], [129.192, 28.192], [129.257, 28.176], [129.277, 28.145], [129.324, 28.105]]], [[[139.841, 33.056], [139.824, 33.045], [139.776, 33.078], [139.769, 33.107], [139.777, 33.125], [139.809, 33.129], [139.874, 33.094], [139.841, 33.056]]]]}}, {"type": "Feature", "properties": {"ISO_A2": "AO", "ISO_A3": "AGO", "NAME": "Angola", "fillColor": "#CC092F"}, "geometry": {"type": "MultiPolygon", "coordinates": [[[[13.073, -4.635], [13.057, -4.651], [12.947, -4.695], [12.83, -4.737], [12.675, -4.905], [12.596, -4.978], [12.574, -4.997], [12.503, -5.037], [12.451, -5.071], [12.453, -5.091], [12.487, -5.113], [12.522, -5.149], [12.519, -5.425], [12.504, -5.696], [12.485, -5.719], [12.386, -5.728], [12.255, -5.746], [12.214, -5.759], [12.199, -5.732], [12.155, -5.633], [12.18, -5.539], [12.207, -5.468], [12.177, -5.325], [12.111, -5.197], [12.04, -5.035], [12.018, -5.004], [12.078, -4.952], [12.167, -4.838], [12.204, -4.779], [12.308, -4.766], [12.347, -4.724], [12.374, -4.658], [12.385, -4.619], [12.501, -4.588], [12.642, -4.531], [12.719, -4.47], [12.798, -4.431], [12.848, -4.429], [12.881, -4.445], [12.971, -4.552], [13.048, -4.619], [13.073, -4.635]]], [[[23.967, -10.872], [23.988, -11.003], [24.01, -11.185], [24.026, -11.316], [24.041, -11.374], [24.047, -11.405], [24.029, -11.439], [24.015, -11.518], [23.987, -11.587], [23.971, -11.636], [23.984, -11.725], [23.973, -11.853], [23.962, -11.988], [23.959, -12.118], [23.996, -12.351], [23.991, -12.422], [23.945, -12.544], [23.909, -12.636], [23.887, -12.743], [23.882, -12.799], [23.968, -12.957], [23.963, -12.988], [23.897, -12.998], [23.843, -13.001], [23.636, -13.001], [23.339, -13.001], [23.042, -13.001], [22.744, -13.001], [22.471, -13.001], [22.21, -13.001], [21.979, -13.001], [21.979, -13.157], [21.979, -13.478], [21.979, -13.799], [21.979, -14.12], [21.979, -14.441], [21.979, -14.761], [21.98, -15.082], [21.98, -15.403], [21.98, -15.724], [21.98, -15.956], [22.04, -16.263], [22.151, -16.597], [22.194, -16.628], [22.305, -16.69], [22.459, -16.815], [22.546, -16.91], [22.722, -17.075], [22.956, -17.286], [23.182, -17.474], [23.381, -17.641], [23.068, -17.699], [22.624, -17.782], [22.324, -17.837], [21.961, -17.905], [21.718, -17.948], [21.417, -18.001], [21.369, -18.0], [21.288, -17.963], [21.113, -17.956], [20.908, -18.006], [20.746, -18.02], [20.625, -17.997], [20.508, -17.953], [20.393, -17.887], [20.194, -17.864], [19.912, -17.881], [19.639, -17.869], [19.377, -17.825], [19.189, -17.808], [19.076, -17.818], [18.955, -17.804], [18.826, -17.766], [18.718, -17.703], [18.588, -17.57], [18.487, -17.443], [18.46, -17.425], [18.428, -17.405], [18.396, -17.399], [18.109, -17.396], [17.835, -17.393], [17.679, -17.393], [17.296, -17.392], [16.914, -17.391], [16.531, -17.391], [16.148, -17.39], [15.766, -17.39], [15.383, -17.389], [15.001, -17.389], [14.618, -17.388], [14.415, -17.388], [14.226, -17.398], [14.017, -17.409], [13.987, -17.404], [13.938, -17.389], [13.904, -17.361], [13.792, -17.288], [13.694, -17.233], [13.562, -17.141], [13.476, -17.04], [13.404, -17.008], [13.276, -16.99], [13.179, -16.972], [13.101, -16.968], [12.963, -17.015], [12.859, -17.063], [12.785, -17.108], [12.657, -17.161], [12.548, -17.213], [12.359, -17.206], [12.318, -17.213], [12.213, -17.21], [12.114, -17.165], [12.014, -17.169], [11.903, -17.227], [11.743, -17.249], [11.78, -16.871], [11.819, -16.704], [11.82, -16.504], [11.797, -15.986], [11.769, -15.915], [11.751, -15.832], [11.85, -15.768], [11.9, -15.72], [11.968, -15.634], [12.016, -15.514], [12.073, -15.248], [12.28, -14.637], [12.379, -14.039], [12.504, -13.755], [12.55, -13.438], [12.898, -13.028], [12.983, -12.776], [13.163, -12.652], [13.417, -12.52], [13.598, -12.286], [13.686, -12.124], [13.785, -11.813], [13.784, -11.488], [13.847, -11.054], [13.834, -10.93], [13.739, -10.757], [13.721, -10.634], [13.633, -10.512], [13.539, -10.421], [13.495, -10.257], [13.332, -9.999], [13.287, -9.827], [13.209, -9.703], [13.197, -9.551], [13.156, -9.39], [13.076, -9.23], [12.999, -9.048], [12.999, -8.991], [13.047, -8.922], [13.093, -8.9], [13.077, -8.934], [13.047, -8.975], [13.054, -9.007], [13.359, -8.687], [13.378, -8.625], [13.368, -8.555], [13.366, -8.469], [13.379, -8.37], [13.091, -7.78], [12.862, -7.232], [12.823, -6.955], [12.521, -6.59], [12.402, -6.353], [12.334, -6.187], [12.283, -6.124], [12.303, -6.093], [12.38, -6.084], [12.554, -6.046], [12.791, -6.004], [13.01, -5.908], [13.068, -5.865], [13.184, -5.856], [13.303, -5.882], [13.346, -5.863], [13.371, -5.862], [13.649, -5.862], [13.765, -5.855], [13.979, -5.857], [14.114, -5.865], [14.191, -5.876], [14.399, -5.893], [14.658, -5.889], [14.749, -5.88], [15.089, -5.875], [15.425, -5.869], [15.727, -5.864], [16.06, -5.865], [16.315, -5.866], [16.431, -5.9], [16.537, -5.966], [16.585, -6.025], [16.608, -6.052], [16.64, -6.115], [16.697, -6.164], [16.718, -6.241], [16.701, -6.346], [16.709, -6.472], [16.743, -6.618], [16.813, -6.773], [16.919, -6.934], [16.966, -7.062], [16.952, -7.157], [16.985, -7.257], [17.064, -7.363], [17.122, -7.419], [17.155, -7.461], [17.245, -7.623], [17.411, -7.882], [17.536, -8.076], [17.58, -8.099], [17.643, -8.091], [17.779, -8.071], [17.913, -8.068], [18.009, -8.108], [18.047, -8.101], [18.192, -8.024], [18.335, -8.0], [18.485, -7.969], [18.563, -7.936], [18.653, -7.936], [18.898, -7.998], [18.944, -8.001], [19.143, -8.001], [19.341, -7.967], [19.37, -7.707], [19.372, -7.655], [19.419, -7.557], [19.48, -7.472], [19.487, -7.391], [19.484, -7.279], [19.528, -7.144], [19.66, -7.037], [19.875, -6.986], [19.997, -6.976], [20.19, -6.946], [20.482, -6.916], [20.59, -6.92], [20.599, -6.935], [20.537, -7.122], [20.536, -7.183], [20.558, -7.244], [20.608, -7.278], [20.911, -7.281], [21.19, -7.285], [21.511, -7.297], [21.751, -7.305], [21.782, -7.315], [21.806, -7.329], [21.842, -7.421], [21.834, -7.602], [21.78, -7.865], [21.801, -8.112], [21.896, -8.341], [21.905, -8.693], [21.872, -8.904], [21.829, -9.168], [21.813, -9.469], [21.857, -9.594], [21.949, -9.726], [22.089, -9.863], [22.198, -10.041], [22.275, -10.259], [22.302, -10.397], [22.282, -10.453], [22.283, -10.552], [22.307, -10.691], [22.28, -10.784], [22.204, -10.829], [22.178, -10.892], [22.217, -11.013], [22.226, -11.122], [22.257, -11.164], [22.279, -11.194], [22.315, -11.199], [22.393, -11.159], [22.486, -11.087], [22.561, -11.056], [22.667, -11.06], [22.815, -11.08], [23.076, -11.088], [23.157, -11.075], [23.4, -10.976], [23.464, -10.969], [23.56, -10.979], [23.696, -11.008], [23.834, -11.014], [23.901, -10.983], [23.907, -10.943], [23.929, -10.892], [23.967, -10.872]]]]}}, {"type": "Feature", "properties": {"ISO_A2": "SG", "ISO_A3": "SGP", "NAME": "Singapore", "fillColor": "#EE2536"}, "geometry": {"type": "Polygon", "coordinates": [[[103.97, 1.331], [103.82, 1.265], [103.65, 1.326], [103.705, 1.423], [103.818, 1.447], [103.909, 1.416], [103.961, 1.392], [103.996, 1.365], [103.97, 1.331]]]}}, {"type": "Feature", "properties": {"ISO_A2": "KG", "ISO_A3": "KGZ", "NAME": "Kyrgyzstan", "fillColor": "#E8112D"}, "geometry": {"type": "Polygon", "coordinates": [[[70.958, 40.239], [70.991, 40.255], [71.095, 40.271], [71.305, 40.287], [71.376, 40.275], [71.457, 40.242], [71.52, 40.209], [71.58, 40.21], [71.63, 40.217], [71.651, 40.208], [71.667, 40.179], [71.692, 40.152], [71.773, 40.188], [71.845, 40.234], [71.903, 40.241], [71.956, 40.259], [71.971, 40.29], [72.013, 40.341], [72.131, 40.439], [72.193, 40.454], [72.233, 40.454], [72.235, 40.439], [72.254, 40.424], [72.358, 40.402], [72.389, 40.427], [72.406, 40.463], [72.37, 40.52], [72.369, 40.543], [72.383, 40.565], [72.402, 40.578], [72.567, 40.524], [72.604, 40.525], [72.68, 40.556], [72.749, 40.609], [72.774, 40.65], [73.113, 40.786], [73.137, 40.811], [73.132, 40.829], [72.99, 40.86], [72.926, 40.842], [72.867, 40.842], [72.831, 40.862], [72.658, 40.87], [72.62, 40.884], [72.506, 40.982], [72.427, 41.019], [72.364, 41.043], [72.295, 41.04], [72.213, 41.014], [72.187, 41.026], [72.181, 41.067], [72.181, 41.118], [72.164, 41.174], [72.115, 41.187], [72.052, 41.165], [71.958, 41.187], [71.879, 41.195], [71.858, 41.311], [71.826, 41.361], [71.792, 41.413], [71.758, 41.428], [71.701, 41.454], [71.697, 41.516], [71.685, 41.533], [71.665, 41.541], [71.638, 41.534], [71.602, 41.503], [71.62, 41.435], [71.606, 41.367], [71.586, 41.333], [71.546, 41.308], [71.5, 41.307], [71.421, 41.342], [71.408, 41.136], [71.393, 41.123], [71.299, 41.152], [71.223, 41.14], [71.111, 41.153], [71.026, 41.187], [70.963, 41.196], [70.86, 41.225], [70.782, 41.263], [70.734, 41.401], [70.689, 41.45], [70.646, 41.46], [70.471, 41.413], [70.408, 41.45], [70.29, 41.497], [70.201, 41.514], [70.177, 41.54], [70.181, 41.571], [70.455, 41.725], [70.563, 41.831], [70.631, 41.875], [70.728, 41.905], [70.803, 41.923], [70.842, 42.02], [70.857, 42.031], [70.91, 42.038], [71.032, 42.078], [71.229, 42.163], [71.232, 42.186], [71.213, 42.206], [71.13, 42.25], [71.036, 42.285], [70.979, 42.267], [70.947, 42.249], [70.893, 42.294], [70.893, 42.34], [70.952, 42.419], [71.002, 42.459], [71.023, 42.535], [71.094, 42.587], [71.167, 42.667], [71.257, 42.734], [71.422, 42.783], [71.514, 42.767], [71.601, 42.779], [71.735, 42.819], [71.761, 42.821], [71.817, 42.822], [72.162, 42.761], [72.276, 42.758], [72.543, 42.678], [72.666, 42.66], [72.753, 42.638], [72.792, 42.603], [72.855, 42.561], [73.191, 42.527], [73.283, 42.504], [73.316, 42.467], [73.412, 42.42], [73.493, 42.409], [73.422, 42.594], [73.45, 42.703], [73.556, 43.003], [73.612, 43.048], [73.719, 43.088], [73.886, 43.133], [73.949, 43.195], [74.086, 43.189], [74.146, 43.194], [74.187, 43.205], [74.209, 43.24], [74.364, 43.179], [74.622, 43.056], [74.818, 42.978], [75.048, 42.904], [75.366, 42.837], [75.636, 42.815], [75.682, 42.83], [75.79, 42.933], [75.84, 42.938], [75.932, 42.929], [76.218, 42.924], [76.509, 42.919], [76.646, 42.929], [76.944, 42.971], [76.988, 42.974], [77.057, 42.971], [77.236, 42.913], [77.369, 42.904], [77.459, 42.905], [77.512, 42.9], [77.622, 42.902], [77.802, 42.895], [78.023, 42.858], [78.29, 42.864], [78.376, 42.871], [78.524, 42.865], [78.642, 42.829], [78.792, 42.791], [78.885, 42.775], [78.948, 42.767], [79.06, 42.764], [79.127, 42.776], [79.165, 42.759], [79.203, 42.666], [79.296, 42.605], [79.368, 42.547], [79.428, 42.483], [79.49, 42.458], [79.598, 42.457], [79.803, 42.438], [79.921, 42.413], [80.071, 42.303], [80.209, 42.19], [80.229, 42.13], [80.246, 42.06], [80.235, 42.043], [80.216, 42.032], [79.91, 42.015], [79.84, 41.996], [79.766, 41.899], [79.504, 41.821], [79.354, 41.781], [79.294, 41.783], [79.148, 41.719], [78.743, 41.56], [78.543, 41.46], [78.443, 41.418], [78.362, 41.372], [78.349, 41.325], [78.346, 41.281], [78.123, 41.076], [77.956, 41.051], [77.815, 41.056], [77.719, 41.024], [77.582, 40.993], [77.284, 41.014], [77.182, 41.011], [76.987, 41.039], [76.908, 41.024], [76.824, 40.982], [76.708, 40.818], [76.661, 40.78], [76.64, 40.742], [76.622, 40.662], [76.578, 40.578], [76.521, 40.511], [76.48, 40.45], [76.396, 40.39], [76.319, 40.352], [76.258, 40.431], [76.206, 40.408], [76.157, 40.376], [76.062, 40.388], [76.004, 40.371], [75.872, 40.303], [75.677, 40.306], [75.656, 40.329], [75.617, 40.517], [75.583, 40.605], [75.556, 40.625], [75.521, 40.628], [75.241, 40.48], [75.111, 40.454], [75.004, 40.45], [74.866, 40.494], [74.835, 40.483], [74.811, 40.459], [74.801, 40.429], [74.842, 40.345], [74.83, 40.329], [74.768, 40.33], [74.68, 40.311], [74.613, 40.272], [74.412, 40.137], [74.243, 40.092], [74.085, 40.074], [74.021, 40.059], [73.992, 40.043], [73.939, 39.979], [73.885, 39.878], [73.856, 39.829], [73.835, 39.8], [73.84, 39.763], [73.883, 39.715], [73.915, 39.606], [73.907, 39.579], [73.873, 39.533], [73.823, 39.489], [73.716, 39.462], [73.632, 39.449], [73.576, 39.458], [73.47, 39.461], [73.387, 39.443], [73.336, 39.412], [73.235, 39.375], [73.109, 39.362], [72.949, 39.357], [72.872, 39.36], [72.64, 39.386], [72.563, 39.377], [72.49, 39.357], [72.358, 39.337], [72.287, 39.274], [72.25, 39.216], [72.23, 39.208], [72.147, 39.261], [72.084, 39.311], [72.043, 39.352], [71.991, 39.351], [71.806, 39.276], [71.779, 39.278], [71.726, 39.307], [71.735, 39.378], [71.732, 39.423], [71.673, 39.447], [71.546, 39.453], [71.503, 39.479], [71.506, 39.517], [71.517, 39.554], [71.503, 39.582], [71.47, 39.604], [71.404, 39.598], [71.329, 39.569], [71.273, 39.535], [71.203, 39.52], [71.118, 39.514], [71.065, 39.493], [71.005, 39.412], [70.799, 39.395], [70.733, 39.413], [70.679, 39.471], [70.608, 39.564], [70.568, 39.576], [70.501, 39.587], [70.392, 39.582], [70.245, 39.543], [70.209, 39.575], [70.171, 39.584], [70.137, 39.558], [70.102, 39.561], [69.956, 39.553], [69.772, 39.557], [69.667, 39.575], [69.599, 39.574], [69.463, 39.532], [69.392, 39.532], [69.298, 39.525], [69.28, 39.666], [69.229, 39.761], [69.245, 39.827], [69.279, 39.918], [69.307, 39.969], [69.365, 39.947], [69.432, 39.91], [69.476, 39.92], [69.488, 39.95], [69.471, 39.991], [69.469, 40.021], [69.494, 40.06], [69.53, 40.097], [69.765, 40.158], [69.967, 40.202], [70.071, 40.173], [70.274, 40.105], [70.379, 40.07], [70.451, 40.049], [70.515, 39.95], [70.557, 39.954], [70.599, 39.975], [70.624, 39.999], [70.644, 40.083], [70.739, 40.131], [70.946, 40.188], [70.961, 40.221], [70.958, 40.239]], [[71.206, 39.893], [71.216, 39.907], [71.179, 39.98], [71.229, 40.048], [71.13, 40.06], [71.08, 40.08], [71.024, 40.149], [71.005, 40.152], [70.976, 40.133], [70.961, 40.088], [70.974, 40.039], [71.014, 40.006], [71.041, 39.995], [71.045, 39.993], [71.044, 39.976], [71.012, 39.895], [71.064, 39.885], [71.156, 39.883], [71.206, 39.893]], [[71.78, 39.95], [71.79, 39.995], [71.765, 39.993], [71.737, 39.981], [71.681, 39.969], [71.669, 39.946], [71.706, 39.917], [71.753, 39.907], [71.78, 39.95]], [[70.702, 39.825], [70.698, 39.846], [70.664, 39.855], [70.567, 39.867], [70.498, 39.882], [70.483, 39.883], [70.489, 39.863], [70.519, 39.828], [70.56, 39.791], [70.612, 39.787], [70.702, 39.825]]]}}, {"type": "Feature", "properties": {"ISO_A2": "CO", "ISO_A3": "COL", "NAME": "Colombia", "fillColor": "#FCD116"}, "geometry": {"type": "MultiPolygon", "coordinates": [[[[-71.32, 11.862], [-71.356, 11.85], [-71.4, 11.824], [-71.536, 11.774], [-71.719, 11.727], [-71.958, 11.666], [-72.012, 11.602], [-72.248, 11.196], [-72.446, 11.114], [-72.518, 11.054], [-72.572, 10.977], [-72.69, 10.836], [-72.739, 10.727], [-72.869, 10.491], [-72.94, 10.196], [-72.967, 10.03], [-73.007, 9.789], [-73.064, 9.668], [-73.141, 9.555], [-73.224, 9.444], [-73.296, 9.322], [-73.356, 9.227], [-73.366, 9.194], [-73.337, 9.168], [-73.193, 9.194], [-73.137, 9.223], [-73.058, 9.26], [-73.009, 9.24], [-72.96, 9.135], [-72.904, 9.122], [-72.852, 9.135], [-72.796, 9.109], [-72.726, 8.848], [-72.665, 8.628], [-72.526, 8.49], [-72.417, 8.382], [-72.39, 8.287], [-72.364, 8.153], [-72.358, 8.087], [-72.392, 8.048], [-72.446, 7.966], [-72.46, 7.81], [-72.469, 7.758], [-72.479, 7.613], [-72.472, 7.524], [-72.443, 7.455], [-72.395, 7.415], [-72.296, 7.395], [-72.208, 7.37], [-72.157, 7.25], [-72.084, 7.097], [-72.007, 7.033], [-71.893, 6.99], [-71.811, 7.006], [-71.621, 7.033], [-71.457, 7.026], [-71.218, 6.985], [-71.129, 6.987], [-71.013, 6.994], [-70.811, 7.078], [-70.737, 7.09], [-70.655, 7.083], [-70.536, 7.041], [-70.471, 7.007], [-70.388, 6.973], [-70.266, 6.948], [-70.188, 6.952], [-70.129, 6.954], [-70.095, 6.938], [-69.904, 6.7], [-69.739, 6.494], [-69.595, 6.321], [-69.439, 6.135], [-69.427, 6.124], [-69.357, 6.148], [-69.311, 6.138], [-69.268, 6.1], [-69.195, 6.115], [-69.09, 6.184], [-68.937, 6.198], [-68.736, 6.157], [-68.472, 6.157], [-68.143, 6.198], [-67.939, 6.242], [-67.859, 6.29], [-67.727, 6.285], [-67.568, 6.242], [-67.482, 6.18], [-67.472, 6.12], [-67.439, 6.026], [-67.474, 5.93], [-67.575, 5.833], [-67.631, 5.709], [-67.642, 5.559], [-67.695, 5.448], [-67.788, 5.375], [-67.825, 5.27], [-67.804, 5.133], [-67.814, 4.931], [-67.855, 4.665], [-67.855, 4.507], [-67.814, 4.455], [-67.795, 4.381], [-67.799, 4.284], [-67.783, 4.198], [-67.732, 4.087], [-67.662, 3.864], [-67.603, 3.769], [-67.551, 3.734], [-67.499, 3.691], [-67.348, 3.464], [-67.311, 3.416], [-67.322, 3.374], [-67.336, 3.343], [-67.354, 3.323], [-67.515, 3.187], [-67.835, 2.893], [-67.861, 2.855], [-67.859, 2.794], [-67.766, 2.833], [-67.667, 2.8], [-67.619, 2.794], [-67.597, 2.769], [-67.568, 2.69], [-67.535, 2.677], [-67.486, 2.644], [-67.392, 2.56], [-67.312, 2.472], [-67.253, 2.429], [-67.211, 2.39], [-67.198, 2.333], [-67.215, 2.275], [-67.165, 2.143], [-67.131, 2.101], [-67.114, 2.051], [-67.131, 2.0], [-67.09, 1.94], [-67.044, 1.823], [-66.988, 1.68], [-66.982, 1.601], [-66.958, 1.564], [-66.931, 1.458], [-66.884, 1.358], [-66.896, 1.29], [-66.876, 1.223], [-67.065, 1.178], [-67.082, 1.185], [-67.094, 1.21], [-67.088, 1.401], [-67.09, 1.616], [-67.119, 1.704], [-67.206, 1.845], [-67.321, 2.032], [-67.352, 2.086], [-67.4, 2.117], [-67.458, 2.121], [-67.5, 2.108], [-67.556, 2.073], [-67.609, 2.035], [-67.712, 1.922], [-67.815, 1.79], [-67.876, 1.761], [-67.936, 1.748], [-67.99, 1.753], [-68.033, 1.788], [-68.077, 1.86], [-68.13, 1.956], [-68.194, 1.987], [-68.218, 1.958], [-68.239, 1.901], [-68.256, 1.846], [-68.213, 1.775], [-68.177, 1.72], [-68.24, 1.722], [-68.443, 1.722], [-68.678, 1.721], [-68.913, 1.721], [-69.124, 1.721], [-69.32, 1.721], [-69.394, 1.726], [-69.47, 1.758], [-69.543, 1.773], [-69.581, 1.771], [-69.65, 1.739], [-69.74, 1.735], [-69.8, 1.705], [-69.849, 1.709], [-69.849, 1.544], [-69.851, 1.309], [-69.852, 1.06], [-69.798, 1.078], [-69.751, 1.077], [-69.717, 1.059], [-69.621, 1.073], [-69.568, 1.066], [-69.517, 1.059], [-69.47, 1.059], [-69.442, 1.039], [-69.403, 1.042], [-69.361, 1.064], [-69.312, 1.05], [-69.259, 1.015], [-69.224, 0.963], [-69.194, 0.898], [-69.163, 0.864], [-69.165, 0.802], [-69.166, 0.753], [-69.177, 0.713], [-69.163, 0.687], [-69.153, 0.659], [-69.156, 0.643], [-69.174, 0.635], [-69.213, 0.63], [-69.254, 0.625], [-69.283, 0.627], [-69.306, 0.652], [-69.327, 0.655], [-69.359, 0.652], [-69.392, 0.667], [-69.421, 0.698], [-69.472, 0.73], [-69.527, 0.716], [-69.565, 0.7], [-69.604, 0.68], [-69.639, 0.66], [-69.674, 0.665], [-69.719, 0.65], [-69.757, 0.626], [-69.807, 0.607], [-69.862, 0.598], [-69.925, 0.589], [-69.985, 0.586], [-70.054, 0.579], [-70.058, 0.447], [-70.066, 0.189], [-70.071, 0.019], [-70.071, -0.139], [-70.044, -0.196], [-69.923, -0.317], [-69.828, -0.381], [-69.747, -0.453], [-69.667, -0.482], [-69.634, -0.509], [-69.612, -0.553], [-69.601, -0.6], [-69.592, -0.639], [-69.601, -0.681], [-69.621, -0.721], [-69.612, -0.763], [-69.583, -0.796], [-69.574, -0.838], [-69.555, -0.877], [-69.544, -0.917], [-69.519, -0.946], [-69.488, -0.966], [-69.449, -0.999], [-69.444, -1.03], [-69.449, -1.065], [-69.449, -1.092], [-69.411, -1.152], [-69.4, -1.195], [-69.418, -1.246], [-69.435, -1.422], [-69.479, -1.622], [-69.506, -1.775], [-69.552, -2.024], [-69.605, -2.314], [-69.669, -2.668], [-69.733, -3.017], [-69.794, -3.355], [-69.85, -3.66], [-69.911, -3.997], [-69.948, -4.201], [-69.966, -4.236], [-70.017, -4.162], [-70.095, -4.092], [-70.168, -4.05], [-70.198, -3.995], [-70.24, -3.883], [-70.298, -3.844], [-70.34, -3.814], [-70.379, -3.819], [-70.421, -3.85], [-70.486, -3.869], [-70.53, -3.866], [-70.706, -3.789], [-70.735, -3.782], [-70.622, -3.605], [-70.419, -3.288], [-70.29, -3.087], [-70.147, -2.864], [-70.074, -2.75], [-70.064, -2.731], [-70.065, -2.702], [-70.096, -2.658], [-70.165, -2.64], [-70.244, -2.607], [-70.295, -2.553], [-70.364, -2.529], [-70.418, -2.491], [-70.517, -2.453], [-70.576, -2.418], [-70.648, -2.406], [-70.705, -2.342], [-70.915, -2.219], [-70.969, -2.207], [-71.027, -2.226], [-71.113, -2.245], [-71.196, -2.313], [-71.3, -2.335], [-71.397, -2.334], [-71.447, -2.294], [-71.496, -2.279], [-71.559, -2.224], [-71.671, -2.182], [-71.753, -2.153], [-71.803, -2.166], [-71.867, -2.228], [-71.932, -2.289], [-71.984, -2.327], [-72.054, -2.325], [-72.137, -2.381], [-72.218, -2.4], [-72.301, -2.409], [-72.396, -2.429], [-72.501, -2.395], [-72.587, -2.365], [-72.625, -2.352], [-72.66, -2.361], [-72.714, -2.392], [-72.811, -2.405], [-72.887, -2.408], [-72.941, -2.394], [-72.99, -2.34], [-73.068, -2.312], [-73.154, -2.278], [-73.173, -2.208], [-73.16, -2.156], [-73.127, -2.081], [-73.145, -2.003], [-73.181, -1.88], [-73.197, -1.83], [-73.224, -1.788], [-73.266, -1.772], [-73.35, -1.784], [-73.44, -1.737], [-73.496, -1.693], [-73.525, -1.639], [-73.494, -1.537], [-73.521, -1.45], [-73.575, -1.401], [-73.61, -1.316], [-73.664, -1.249], [-73.736, -1.214], [-73.807, -1.218], [-73.863, -1.197], [-73.927, -1.125], [-73.987, -1.098], [-74.054, -1.029], [-74.181, -0.998], [-74.246, -0.971], [-74.284, -0.928], [-74.334, -0.851], [-74.329, -0.808], [-74.353, -0.767], [-74.375, -0.691], [-74.418, -0.581], [-74.465, -0.518], [-74.514, -0.47], [-74.555, -0.43], [-74.616, -0.37], [-74.692, -0.335], [-74.755, -0.299], [-74.78, -0.245], [-74.802, -0.2], [-74.838, -0.203], [-74.889, -0.199], [-74.945, -0.188], [-75.005, -0.156], [-75.055, -0.117], [-75.138, -0.05], [-75.184, -0.042], [-75.225, -0.042], [-75.284, -0.107], [-75.464, -0.038], [-75.617, 0.063], [-75.777, 0.089], [-75.88, 0.151], [-75.975, 0.248], [-76.026, 0.313], [-76.068, 0.346], [-76.271, 0.439], [-76.311, 0.448], [-76.388, 0.405], [-76.413, 0.379], [-76.418, 0.304], [-76.427, 0.261], [-76.495, 0.235], [-76.603, 0.241], [-76.679, 0.268], [-76.729, 0.272], [-76.739, 0.251], [-76.768, 0.242], [-76.829, 0.248], [-76.92, 0.269], [-77.002, 0.296], [-77.114, 0.355], [-77.166, 0.348], [-77.293, 0.36], [-77.396, 0.394], [-77.423, 0.425], [-77.468, 0.637], [-77.481, 0.651], [-77.526, 0.66], [-77.601, 0.69], [-77.649, 0.724], [-77.673, 0.782], [-77.703, 0.838], [-77.83, 0.825], [-78.037, 0.899], [-78.181, 0.969], [-78.312, 1.046], [-78.512, 1.199], [-78.588, 1.237], [-78.682, 1.283], [-78.737, 1.359], [-78.829, 1.435], [-78.86, 1.455], [-78.888, 1.524], [-79.025, 1.624], [-78.958, 1.752], [-78.793, 1.849], [-78.577, 1.774], [-78.55, 1.924], [-78.629, 2.056], [-78.617, 2.307], [-78.592, 2.357], [-78.535, 2.424], [-78.46, 2.47], [-78.417, 2.483], [-78.343, 2.461], [-78.296, 2.51], [-78.12, 2.488], [-78.067, 2.509], [-78.03, 2.543], [-77.987, 2.569], [-77.932, 2.629], [-77.901, 2.699], [-77.875, 2.726], [-77.814, 2.716], [-77.808, 2.746], [-77.777, 2.787], [-77.67, 2.879], [-77.671, 2.919], [-77.701, 3.008], [-77.694, 3.04], [-77.632, 3.051], [-77.559, 3.076], [-77.52, 3.16], [-77.472, 3.234], [-77.417, 3.342], [-77.357, 3.349], [-77.324, 3.475], [-77.243, 3.585], [-77.077, 3.913], [-77.127, 3.906], [-77.167, 3.862], [-77.212, 3.867], [-77.264, 3.893], [-77.248, 4.041], [-77.278, 4.058], [-77.358, 3.945], [-77.427, 4.06], [-77.434, 4.131], [-77.404, 4.201], [-77.409, 4.248], [-77.521, 4.213], [-77.516, 4.256], [-77.446, 4.301], [-77.414, 4.348], [-77.354, 4.398], [-77.328, 4.475], [-77.314, 4.594], [-77.286, 4.722], [-77.307, 4.785], [-77.339, 4.839], [-77.367, 5.077], [-77.359, 5.215], [-77.373, 5.324], [-77.402, 5.416], [-77.534, 5.537], [-77.325, 5.676], [-77.249, 5.78], [-77.345, 5.995], [-77.469, 6.177], [-77.473, 6.286], [-77.44, 6.272], [-77.398, 6.275], [-77.36, 6.504], [-77.369, 6.576], [-77.439, 6.69], [-77.526, 6.693], [-77.602, 6.837], [-77.646, 6.87], [-77.681, 6.96], [-77.804, 7.137], [-77.901, 7.229], [-77.828, 7.443], [-77.765, 7.484], [-77.744, 7.537], [-77.769, 7.668], [-77.762, 7.699], [-77.747, 7.712], [-77.732, 7.711], [-77.706, 7.691], [-77.659, 7.635], [-77.619, 7.565], [-77.587, 7.543], [-77.538, 7.566], [-77.351, 7.706], [-77.363, 7.749], [-77.346, 7.837], [-77.283, 7.908], [-77.216, 7.933], [-77.196, 7.972], [-77.212, 8.034], [-77.283, 8.187], [-77.346, 8.27], [-77.386, 8.352], [-77.407, 8.427], [-77.479, 8.498], [-77.448, 8.566], [-77.393, 8.645], [-77.374, 8.658], [-77.344, 8.637], [-77.262, 8.494], [-77.13, 8.401], [-76.992, 8.25], [-76.936, 8.147], [-76.891, 8.128], [-76.852, 8.09], [-76.869, 8.063], [-76.912, 8.033], [-76.925, 7.973], [-76.897, 7.939], [-76.867, 7.918], [-76.787, 7.932], [-76.742, 8.002], [-76.772, 8.311], [-76.819, 8.465], [-76.872, 8.513], [-76.92, 8.574], [-76.888, 8.62], [-76.802, 8.641], [-76.689, 8.695], [-76.277, 8.989], [-76.135, 9.266], [-76.027, 9.366], [-75.905, 9.431], [-75.756, 9.416], [-75.639, 9.45], [-75.604, 9.538], [-75.635, 9.658], [-75.68, 9.73], [-75.637, 9.834], [-75.593, 9.993], [-75.596, 10.126], [-75.539, 10.205], [-75.558, 10.236], [-75.642, 10.172], [-75.708, 10.143], [-75.671, 10.196], [-75.554, 10.328], [-75.493, 10.528], [-75.446, 10.611], [-75.281, 10.727], [-75.248, 10.783], [-75.123, 10.87], [-74.922, 11.058], [-74.845, 11.11], [-74.454, 10.989], [-74.33, 10.997], [-74.352, 10.975], [-74.41, 10.967], [-74.492, 10.934], [-74.516, 10.863], [-74.46, 10.787], [-74.401, 10.765], [-74.35, 10.814], [-74.3, 10.952], [-74.219, 11.105], [-74.2, 11.266], [-74.143, 11.321], [-74.059, 11.341], [-73.91, 11.309], [-73.796, 11.276], [-73.677, 11.271], [-73.313, 11.296], [-72.722, 11.712], [-72.447, 11.802], [-72.275, 11.889], [-72.165, 12.06], [-72.136, 12.189], [-72.055, 12.238], [-71.97, 12.238], [-71.931, 12.27], [-71.919, 12.309], [-71.715, 12.42], [-71.597, 12.434], [-71.494, 12.432], [-71.262, 12.335], [-71.155, 12.164], [-71.137, 12.046], [-71.284, 11.918], [-71.32, 11.862]]], [[[-78.114, 2.542], [-78.141, 2.52], [-78.192, 2.559], [-78.21, 2.609], [-78.178, 2.646], [-78.138, 2.634], [-78.119, 2.604], [-78.114, 2.542]]]]}}, {"type": "Feature", "properties": {"ISO_A2": "TH", "ISO_A3": "THA", "NAME": "Thailand", "fillColor": "#A51931"}, "geometry": {"type": "MultiPolygon", "coordinates": [[[[102.606, 11.677], [102.59, 11.572], [102.533, 11.615], [102.546, 11.668], [102.569, 11.692], [102.606, 11.677]]], [[[102.427, 11.989], [102.43, 11.965], [102.378, 11.983], [102.36, 11.974], [102.302, 11.981], [102.273, 12.119], [102.277, 12.152], [102.319, 12.142], [102.378, 12.073], [102.408, 12.025], [102.427, 11.989]]], [[[98.409, 7.902], [98.398, 7.828], [98.357, 7.829], [98.316, 7.782], [98.296, 7.776], [98.262, 7.926], [98.301, 8.136], [98.322, 8.166], [98.351, 8.111], [98.435, 8.086], [98.399, 7.965], [98.409, 7.902]]], [[[100.122, 20.317], [100.115, 20.258], [100.14, 20.245], [100.174, 20.273], [100.218, 20.34], [100.266, 20.377], [100.318, 20.386], [100.373, 20.34], [100.432, 20.241], [100.492, 20.184], [100.52, 20.178], [100.54, 20.132], [100.543, 20.089], [100.515, 19.996], [100.466, 19.889], [100.398, 19.756], [100.42, 19.644], [100.514, 19.553], [100.625, 19.5], [100.744, 19.515], [100.807, 19.542], [100.858, 19.585], [100.906, 19.605], [100.967, 19.611], [101.155, 19.579], [101.212, 19.548], [101.221, 19.487], [101.198, 19.328], [101.227, 19.212], [101.28, 19.089], [101.286, 18.977], [101.221, 18.793], [101.166, 18.618], [101.106, 18.534], [101.06, 18.479], [101.047, 18.442], [101.051, 18.407], [101.093, 18.355], [101.138, 18.287], [101.149, 18.222], [101.144, 18.143], [101.113, 18.034], [100.999, 17.797], [100.908, 17.584], [100.956, 17.541], [101.046, 17.51], [101.105, 17.48], [101.167, 17.499], [101.3, 17.625], [101.414, 17.719], [101.555, 17.812], [101.564, 17.821], [101.688, 17.889], [101.744, 17.953], [101.775, 18.033], [101.819, 18.065], [101.875, 18.046], [101.947, 18.081], [102.035, 18.17], [102.101, 18.211], [102.148, 18.204], [102.232, 18.149], [102.352, 18.046], [102.459, 17.985], [102.553, 17.965], [102.598, 17.927], [102.596, 17.87], [102.617, 17.833], [102.661, 17.818], [102.68, 17.824], [102.675, 17.852], [102.718, 17.892], [102.807, 17.946], [102.899, 17.977], [102.991, 17.986], [103.051, 18.029], [103.091, 18.138], [103.149, 18.222], [103.2, 18.259], [103.263, 18.278], [103.28, 18.305], [103.249, 18.339], [103.252, 18.373], [103.288, 18.408], [103.367, 18.423], [103.488, 18.418], [103.63, 18.383], [103.792, 18.317], [103.899, 18.295], [103.95, 18.319], [104.049, 18.217], [104.196, 17.988], [104.323, 17.816], [104.428, 17.699], [104.539, 17.609], [104.656, 17.547], [104.74, 17.462], [104.816, 17.3], [104.759, 17.077], [104.744, 16.884], [104.751, 16.648], [104.819, 16.466], [104.95, 16.34], [105.026, 16.238], [105.047, 16.16], [105.149, 16.094], [105.331, 16.038], [105.406, 15.987], [105.376, 15.942], [105.373, 15.89], [105.399, 15.83], [105.462, 15.78], [105.562, 15.741], [105.622, 15.7], [105.641, 15.657], [105.639, 15.586], [105.616, 15.488], [105.574, 15.413], [105.513, 15.361], [105.506, 15.32], [105.49, 15.257], [105.49, 15.128], [105.533, 15.042], [105.547, 14.932], [105.523, 14.843], [105.5, 14.661], [105.497, 14.591], [105.476, 14.53], [105.423, 14.472], [105.342, 14.417], [105.244, 14.368], [105.183, 14.346], [105.169, 14.336], [105.126, 14.281], [105.074, 14.227], [105.034, 14.227], [105.003, 14.254], [104.982, 14.289], [104.97, 14.366], [104.879, 14.404], [104.779, 14.428], [104.576, 14.39], [104.412, 14.37], [104.228, 14.396], [104.054, 14.363], [103.982, 14.358], [103.899, 14.363], [103.818, 14.362], [103.742, 14.374], [103.6, 14.421], [103.546, 14.417], [103.432, 14.379], [103.313, 14.351], [103.199, 14.333], [103.031, 14.253], [102.909, 14.137], [102.873, 14.055], [102.813, 13.972], [102.729, 13.842], [102.62, 13.717], [102.545, 13.66], [102.566, 13.626], [102.547, 13.586], [102.429, 13.568], [102.336, 13.56], [102.32, 13.54], [102.331, 13.288], [102.363, 13.193], [102.423, 13.078], [102.462, 13.015], [102.491, 12.828], [102.5, 12.67], [102.63, 12.57], [102.703, 12.494], [102.756, 12.426], [102.737, 12.383], [102.706, 12.256], [102.737, 12.09], [102.918, 11.732], [102.934, 11.707], [102.912, 11.704], [102.884, 11.773], [102.792, 11.889], [102.763, 12.012], [102.655, 12.149], [102.594, 12.203], [102.575, 12.158], [102.54, 12.109], [102.434, 12.179], [102.343, 12.253], [102.259, 12.394], [102.248, 12.361], [102.23, 12.332], [102.134, 12.443], [102.034, 12.532], [101.945, 12.564], [101.889, 12.593], [101.836, 12.64], [101.724, 12.689], [101.445, 12.619], [101.09, 12.674], [100.954, 12.621], [100.898, 12.654], [100.863, 12.715], [100.896, 12.818], [100.904, 13.035], [100.946, 13.187], [100.926, 13.303], [100.947, 13.358], [100.963, 13.432], [100.907, 13.462], [100.656, 13.521], [100.603, 13.568], [100.536, 13.514], [100.236, 13.484], [100.122, 13.44], [100.017, 13.353], [99.991, 13.243], [100.051, 13.171], [100.09, 13.046], [99.982, 12.771], [99.964, 12.69], [100.006, 12.355], [99.989, 12.171], [99.93, 12.047], [99.837, 11.937], [99.799, 11.749], [99.725, 11.662], [99.627, 11.463], [99.561, 11.215], [99.514, 11.101], [99.487, 10.89], [99.285, 10.569], [99.237, 10.388], [99.165, 10.32], [99.19, 10.266], [99.195, 10.175], [99.169, 9.934], [99.161, 9.734], [99.191, 9.627], [99.288, 9.415], [99.265, 9.353], [99.254, 9.265], [99.335, 9.225], [99.394, 9.214], [99.724, 9.314], [99.836, 9.288], [99.878, 9.195], [99.905, 9.113], [99.961, 8.671], [99.99, 8.589], [100.056, 8.511], [100.129, 8.428], [100.154, 8.443], [100.159, 8.474], [100.163, 8.508], [100.229, 8.425], [100.279, 8.269], [100.454, 7.442], [100.504, 7.337], [100.545, 7.227], [100.439, 7.281], [100.411, 7.464], [100.38, 7.542], [100.343, 7.553], [100.284, 7.552], [100.28, 7.584], [100.324, 7.644], [100.317, 7.716], [100.257, 7.775], [100.158, 7.728], [100.161, 7.599], [100.205, 7.501], [100.371, 7.28], [100.424, 7.188], [100.49, 7.161], [100.586, 7.176], [100.702, 7.082], [100.793, 6.995], [101.018, 6.861], [101.154, 6.875], [101.302, 6.908], [101.401, 6.9], [101.498, 6.865], [101.614, 6.754], [101.799, 6.475], [102.101, 6.242], [102.068, 6.185], [102.055, 6.097], [101.936, 5.979], [101.917, 5.911], [101.874, 5.825], [101.791, 5.779], [101.72, 5.771], [101.678, 5.779], [101.65, 5.796], [101.601, 5.877], [101.577, 5.902], [101.556, 5.908], [101.404, 5.852], [101.257, 5.789], [101.23, 5.734], [101.191, 5.669], [101.148, 5.643], [101.114, 5.637], [101.082, 5.675], [101.025, 5.725], [100.982, 5.771], [100.993, 5.846], [101.076, 5.956], [101.087, 6.034], [101.076, 6.166], [101.054, 6.243], [101.029, 6.245], [100.989, 6.258], [100.874, 6.245], [100.817, 6.332], [100.794, 6.426], [100.754, 6.46], [100.716, 6.481], [100.629, 6.448], [100.564, 6.468], [100.345, 6.55], [100.261, 6.683], [100.217, 6.687], [100.177, 6.672], [100.161, 6.642], [100.138, 6.489], [100.119, 6.442], [99.869, 6.75], [99.696, 6.877], [99.72, 7.106], [99.668, 7.151], [99.602, 7.155], [99.553, 7.219], [99.597, 7.356], [99.529, 7.329], [99.435, 7.334], [99.359, 7.372], [99.3, 7.561], [99.264, 7.619], [99.183, 7.718], [99.078, 7.718], [99.043, 7.766], [99.051, 7.888], [98.974, 7.963], [98.872, 8.024], [98.789, 8.06], [98.704, 8.257], [98.636, 8.305], [98.579, 8.344], [98.5, 8.318], [98.474, 8.247], [98.421, 8.178], [98.361, 8.187], [98.305, 8.226], [98.238, 8.423], [98.227, 8.544], [98.242, 8.768], [98.326, 8.969], [98.371, 9.291], [98.443, 9.493], [98.493, 9.561], [98.562, 9.838], [98.703, 10.19], [98.718, 10.266], [98.747, 10.351], [98.768, 10.431], [98.775, 10.557], [98.757, 10.624], [98.757, 10.661], [98.787, 10.708], [98.887, 10.788], [99.025, 10.92], [99.19, 11.105], [99.359, 11.389], [99.443, 11.554], [99.478, 11.613], [99.515, 11.631], [99.573, 11.687], [99.612, 11.75], [99.615, 11.781], [99.523, 12.09], [99.463, 12.19], [99.432, 12.309], [99.416, 12.395], [99.394, 12.474], [99.405, 12.548], [99.372, 12.594], [99.297, 12.653], [99.22, 12.74], [99.174, 12.882], [99.174, 12.961], [99.124, 13.031], [99.107, 13.104], [99.137, 13.173], [99.176, 13.233], [99.172, 13.497], [99.156, 13.576], [99.137, 13.717], [99.086, 13.823], [99.015, 13.947], [98.934, 14.05], [98.721, 14.236], [98.57, 14.36], [98.495, 14.473], [98.4, 14.603], [98.332, 14.696], [98.246, 14.815], [98.202, 14.976], [98.178, 15.147], [98.191, 15.204], [98.232, 15.241], [98.286, 15.272], [98.329, 15.279], [98.452, 15.357], [98.537, 15.351], [98.557, 15.368], [98.565, 15.404], [98.554, 15.56], [98.558, 15.769], [98.574, 15.939], [98.592, 16.051], [98.818, 16.181], [98.866, 16.237], [98.888, 16.298], [98.888, 16.352], [98.869, 16.394], [98.835, 16.418], [98.689, 16.305], [98.661, 16.33], [98.594, 16.515], [98.565, 16.571], [98.523, 16.638], [98.478, 16.732], [98.471, 16.895], [98.439, 16.976], [98.257, 17.148], [98.175, 17.24], [98.063, 17.373], [97.929, 17.533], [97.793, 17.681], [97.729, 17.776], [97.706, 17.797], [97.699, 17.834], [97.74, 17.935], [97.72, 18.037], [97.652, 18.174], [97.622, 18.258], [97.632, 18.29], [97.599, 18.303], [97.524, 18.296], [97.451, 18.36], [97.381, 18.494], [97.374, 18.518], [97.397, 18.518], [97.485, 18.494], [97.515, 18.498], [97.577, 18.529], [97.672, 18.561], [97.728, 18.572], [97.746, 18.588], [97.754, 18.621], [97.706, 18.932], [97.714, 18.996], [97.804, 19.13], [97.794, 19.266], [97.817, 19.46], [97.916, 19.593], [97.991, 19.654], [98.015, 19.75], [98.049, 19.77], [98.111, 19.762], [98.239, 19.691], [98.294, 19.687], [98.371, 19.689], [98.455, 19.694], [98.494, 19.701], [98.761, 19.771], [98.82, 19.778], [98.876, 19.77], [98.917, 19.773], [98.958, 19.805], [98.987, 19.861], [99.021, 20.042], [99.04, 20.074], [99.074, 20.099], [99.131, 20.117], [99.197, 20.115], [99.284, 20.08], [99.338, 20.079], [99.399, 20.093], [99.452, 20.118], [99.486, 20.15], [99.502, 20.188], [99.487, 20.261], [99.448, 20.352], [99.459, 20.363], [99.532, 20.343], [99.639, 20.32], [99.72, 20.325], [99.773, 20.341], [99.825, 20.384], [99.89, 20.424], [99.954, 20.415], [100.004, 20.38], [100.122, 20.317]]], [[[100.074, 9.697], [100.064, 9.68], [100.026, 9.712], [99.998, 9.748], [99.983, 9.794], [100.043, 9.792], [100.073, 9.749], [100.074, 9.697]]], [[[100.071, 9.586], [100.075, 9.529], [100.054, 9.461], [99.962, 9.422], [99.931, 9.476], [99.94, 9.56], [99.954, 9.581], [100.043, 9.577], [100.071, 9.586]]], [[[99.663, 6.522], [99.644, 6.516], [99.607, 6.597], [99.654, 6.714], [99.701, 6.571], [99.663, 6.522]]], [[[98.592, 7.934], [98.58, 7.917], [98.529, 8.109], [98.604, 8.057], [98.592, 7.934]]], [[[98.308, 9.051], [98.251, 9.041], [98.258, 9.095], [98.274, 9.13], [98.301, 9.139], [98.312, 9.08], [98.308, 9.051]]], [[[99.078, 7.592], [99.104, 7.471], [99.068, 7.496], [99.038, 7.548], [99.038, 7.626], [99.045, 7.637], [99.078, 7.592]]]]}}, {"type": "Feature", "properties": {"ISO_A2": "DE", "ISO_A3": "DEU", "NAME": "Germany", "fillColor": "#FFCE00"}, "geometry": {"type": "MultiPolygon", "coordinates": [[[[9.524, 47.524], [9.35, 47.599], [9.183, 47.671], [9.128, 47.671], [8.881, 47.656], [8.874, 47.663], [8.831, 47.704], [8.793, 47.717], [8.77, 47.71], [8.755, 47.698], [8.728, 47.7], [8.618, 47.766], [8.573, 47.776], [8.51, 47.767], [8.436, 47.731], [8.403, 47.688], [8.413, 47.663], [8.452, 47.652], [8.552, 47.659], [8.567, 47.652], [8.571, 47.638], [8.559, 47.624], [8.478, 47.613], [8.454, 47.596], [8.43, 47.592], [8.415, 47.59], [8.328, 47.607], [8.198, 47.607], [8.094, 47.576], [7.927, 47.564], [7.698, 47.57], [7.616, 47.593], [7.565, 47.607], [7.529, 47.674], [7.539, 47.774], [7.593, 47.906], [7.608, 48.003], [7.584, 48.064], [7.617, 48.157], [7.706, 48.28], [7.765, 48.41], [7.795, 48.547], [7.838, 48.636], [7.923, 48.699], [8.124, 48.873], [8.14, 48.886], [8.135, 48.974], [8.081, 48.986], [8.001, 49.011], [7.799, 49.042], [7.611, 49.062], [7.525, 49.086], [7.451, 49.152], [7.404, 49.153], [7.313, 49.13], [7.2, 49.114], [7.117, 49.128], [7.066, 49.125], [7.037, 49.113], [7.022, 49.123], [7.001, 49.18], [6.958, 49.195], [6.891, 49.208], [6.85, 49.202], [6.821, 49.174], [6.776, 49.154], [6.735, 49.161], [6.608, 49.291], [6.575, 49.32], [6.566, 49.346], [6.534, 49.395], [6.458, 49.443], [6.382, 49.458], [6.344, 49.453], [6.348, 49.513], [6.378, 49.6], [6.407, 49.645], [6.445, 49.682], [6.485, 49.708], [6.494, 49.754], [6.487, 49.798], [6.441, 49.805], [6.325, 49.838], [6.256, 49.872], [6.205, 49.915], [6.138, 49.974], [6.11, 50.034], [6.108, 50.094], [6.117, 50.121], [6.121, 50.139], [6.175, 50.233], [6.364, 50.316], [6.344, 50.4], [6.341, 50.452], [6.295, 50.485], [6.203, 50.499], [6.179, 50.523], [6.168, 50.545], [6.236, 50.597], [6.154, 50.637], [6.119, 50.679], [6.006, 50.732], [5.994, 50.75], [6.048, 50.905], [6.007, 50.95], [5.955, 50.973], [5.895, 50.984], [5.867, 51.006], [5.858, 51.03], [5.868, 51.045], [5.939, 51.041], [5.961, 51.057], [6.13, 51.147], [6.137, 51.165], [6.113, 51.175], [6.082, 51.18], [6.075, 51.199], [6.076, 51.224], [6.166, 51.355], [6.193, 51.411], [6.199, 51.45], [6.193, 51.489], [6.142, 51.55], [6.091, 51.599], [6.089, 51.638], [6.053, 51.658], [5.949, 51.762], [5.949, 51.803], [6.008, 51.834], [6.09, 51.854], [6.117, 51.87], [6.167, 51.881], [6.297, 51.851], [6.356, 51.825], [6.372, 51.83], [6.425, 51.858], [6.518, 51.854], [6.742, 51.911], [6.775, 51.938], [6.8, 51.967], [6.802, 51.98], [6.716, 52.036], [6.713, 52.057], [6.725, 52.08], [6.749, 52.099], [6.8, 52.111], [6.855, 52.136], [6.977, 52.206], [7.02, 52.266], [7.033, 52.331], [7.035, 52.38], [7.002, 52.419], [6.968, 52.444], [6.922, 52.44], [6.833, 52.442], [6.749, 52.464], [6.703, 52.499], [6.692, 52.53], [6.712, 52.55], [6.719, 52.574], [6.705, 52.598], [6.711, 52.618], [6.748, 52.634], [7.013, 52.634], [7.033, 52.651], [7.051, 52.745], [7.117, 52.887], [7.179, 52.966], [7.19, 53.0], [7.189, 53.187], [7.197, 53.282], [7.152, 53.327], [7.053, 53.376], [7.074, 53.478], [7.107, 53.557], [7.206, 53.655], [7.285, 53.681], [7.629, 53.697], [8.009, 53.691], [8.167, 53.543], [8.108, 53.468], [8.201, 53.432], [8.245, 53.445], [8.279, 53.511], [8.302, 53.584], [8.334, 53.606], [8.451, 53.552], [8.493, 53.514], [8.495, 53.394], [8.538, 53.557], [8.506, 53.671], [8.528, 53.781], [8.576, 53.838], [8.619, 53.875], [8.898, 53.836], [9.206, 53.856], [9.322, 53.813], [9.585, 53.6], [9.673, 53.566], [9.784, 53.555], [9.631, 53.6], [9.312, 53.859], [9.216, 53.891], [9.07, 53.901], [8.978, 53.926], [8.92, 53.965], [8.904, 54.0], [8.907, 54.261], [8.852, 54.3], [8.78, 54.313], [8.736, 54.295], [8.645, 54.295], [8.626, 54.354], [8.648, 54.398], [8.831, 54.428], [8.952, 54.468], [8.957, 54.538], [8.881, 54.594], [8.79, 54.696], [8.682, 54.792], [8.67, 54.903], [8.671, 54.903], [8.857, 54.901], [8.903, 54.897], [9.186, 54.845], [9.255, 54.808], [9.342, 54.806], [9.499, 54.84], [9.616, 54.855], [9.661, 54.834], [9.725, 54.826], [9.74, 54.826], [9.746, 54.807], [9.892, 54.781], [9.954, 54.738], [10.022, 54.674], [10.029, 54.581], [9.941, 54.515], [9.869, 54.472], [10.143, 54.488], [10.171, 54.45], [10.212, 54.409], [10.36, 54.438], [10.732, 54.316], [10.956, 54.376], [11.013, 54.379], [11.064, 54.281], [11.009, 54.181], [10.811, 54.075], [10.855, 54.01], [10.918, 53.995], [11.104, 54.009], [11.4, 53.945], [11.461, 53.965], [11.701, 54.114], [11.796, 54.145], [12.111, 54.168], [12.169, 54.226], [12.296, 54.284], [12.379, 54.347], [12.575, 54.467], [12.779, 54.446], [12.898, 54.423], [13.029, 54.411], [13.147, 54.283], [13.448, 54.141], [13.724, 54.153], [13.822, 54.019], [13.866, 53.853], [13.95, 53.801], [14.025, 53.767], [14.25, 53.732], [14.259, 53.73], [14.266, 53.707], [14.28, 53.625], [14.299, 53.556], [14.415, 53.283], [14.412, 53.217], [14.411, 53.199], [14.369, 53.106], [14.293, 53.027], [14.194, 52.982], [14.139, 52.933], [14.129, 52.878], [14.254, 52.783], [14.514, 52.646], [14.619, 52.529], [14.57, 52.431], [14.555, 52.36], [14.574, 52.314], [14.616, 52.278], [14.68, 52.25], [14.705, 52.207], [14.692, 52.15], [14.705, 52.11], [14.753, 52.082], [14.748, 52.071], [14.725, 52.031], [14.693, 51.958], [14.675, 51.905], [14.602, 51.832], [14.624, 51.771], [14.681, 51.698], [14.725, 51.662], [14.739, 51.627], [14.711, 51.545], [14.725, 51.524], [14.906, 51.463], [14.936, 51.435], [14.953, 51.377], [15.017, 51.253], [14.964, 51.095], [14.917, 51.009], [14.814, 50.872], [14.809, 50.859], [14.797, 50.842], [14.767, 50.818], [14.723, 50.815], [14.658, 50.833], [14.614, 50.856], [14.624, 50.915], [14.595, 50.919], [14.56, 50.955], [14.546, 50.994], [14.507, 51.01], [14.367, 51.026], [14.32, 51.038], [14.283, 51.029], [14.256, 51.002], [14.273, 50.977], [14.299, 50.953], [14.377, 50.914], [14.369, 50.899], [14.202, 50.861], [14.096, 50.823], [13.998, 50.801], [13.899, 50.761], [13.701, 50.717], [13.557, 50.705], [13.527, 50.693], [13.473, 50.617], [13.436, 50.601], [13.401, 50.609], [13.375, 50.622], [13.341, 50.611], [13.306, 50.586], [13.27, 50.576], [13.238, 50.577], [13.181, 50.51], [13.016, 50.49], [12.997, 50.456], [12.967, 50.416], [12.943, 50.406], [12.868, 50.422], [12.765, 50.431], [12.706, 50.409], [12.636, 50.397], [12.549, 50.393], [12.453, 50.35], [12.359, 50.273], [12.306, 50.206], [12.277, 50.181], [12.231, 50.245], [12.175, 50.288], [12.135, 50.311], [12.099, 50.311], [12.09, 50.302], [12.09, 50.269], [12.128, 50.213], [12.175, 50.176], [12.183, 50.148], [12.208, 50.098], [12.276, 50.042], [12.384, 49.999], [12.458, 49.956], [12.512, 49.896], [12.512, 49.877], [12.498, 49.853], [12.472, 49.83], [12.45, 49.8], [12.391, 49.74], [12.408, 49.713], [12.457, 49.68], [12.5, 49.64], [12.556, 49.575], [12.632, 49.461], [12.681, 49.415], [12.748, 49.366], [12.813, 49.329], [12.917, 49.33], [13.024, 49.26], [13.141, 49.158], [13.228, 49.112], [13.289, 49.097], [13.339, 49.061], [13.384, 49.008], [13.401, 48.978], [13.441, 48.956], [13.548, 48.96], [13.685, 48.877], [13.77, 48.816], [13.815, 48.767], [13.803, 48.748], [13.797, 48.686], [13.799, 48.622], [13.785, 48.587], [13.724, 48.542], [13.692, 48.533], [13.675, 48.523], [13.487, 48.582], [13.472, 48.572], [13.46, 48.565], [13.409, 48.394], [13.375, 48.361], [13.323, 48.331], [13.215, 48.302], [13.14, 48.29], [13.082, 48.275], [12.897, 48.204], [12.814, 48.161], [12.76, 48.107], [12.76, 48.076], [12.85, 47.985], [12.954, 47.891], [12.954, 47.808], [12.908, 47.746], [12.898, 47.722], [12.928, 47.713], [12.986, 47.709], [13.034, 47.699], [13.054, 47.655], [13.048, 47.579], [13.032, 47.508], [13.014, 47.478], [12.968, 47.476], [12.879, 47.506], [12.809, 47.542], [12.783, 47.564], [12.781, 47.59], [12.796, 47.607], [12.771, 47.639], [12.686, 47.669], [12.594, 47.656], [12.527, 47.636], [12.483, 47.637], [12.436, 47.666], [12.363, 47.688], [12.268, 47.703], [12.209, 47.718], [12.197, 47.709], [12.204, 47.647], [12.186, 47.62], [11.717, 47.583], [11.574, 47.55], [11.47, 47.506], [11.393, 47.487], [11.374, 47.46], [11.298, 47.425], [11.212, 47.414], [11.191, 47.425], [11.136, 47.409], [11.042, 47.393], [10.981, 47.398], [10.952, 47.427], [10.894, 47.47], [10.871, 47.501], [10.873, 47.52], [10.742, 47.524], [10.659, 47.547], [10.483, 47.542], [10.439, 47.552], [10.43, 47.541], [10.404, 47.417], [10.369, 47.366], [10.313, 47.313], [10.241, 47.284], [10.183, 47.279], [10.186, 47.317], [10.2, 47.363], [10.159, 47.374], [10.096, 47.38], [10.066, 47.393], [10.074, 47.429], [10.06, 47.449], [10.034, 47.474], [9.972, 47.505], [9.839, 47.552], [9.749, 47.576], [9.715, 47.551], [9.651, 47.526], [9.549, 47.534], [9.524, 47.524]]], [[[13.709, 54.383], [13.734, 54.315], [13.707, 54.281], [13.595, 54.338], [13.482, 54.337], [13.415, 54.25], [13.364, 54.246], [13.19, 54.326], [13.162, 54.365], [13.156, 54.397], [13.181, 54.509], [13.177, 54.544], [13.231, 54.583], [13.24, 54.638], [13.337, 54.697], [13.423, 54.699], [13.45, 54.65], [13.491, 54.615], [13.636, 54.577], [13.658, 54.56], [13.671, 54.535], [13.603, 54.488], [13.58, 54.464], [13.602, 54.425], [13.709, 54.383]]], [[[14.211, 53.95], [14.198, 53.919], [14.214, 53.871], [14.172, 53.874], [14.048, 53.863], [13.926, 53.879], [13.902, 53.939], [13.922, 53.997], [13.872, 54.036], [13.827, 54.06], [13.82, 54.093], [13.828, 54.127], [14.039, 54.035], [14.211, 53.95]]], [[[11.283, 54.418], [11.129, 54.416], [11.071, 54.456], [11.012, 54.466], [11.043, 54.515], [11.085, 54.533], [11.234, 54.501], [11.28, 54.438], [11.283, 54.418]]], [[[8.308, 54.787], [8.285, 54.767], [8.296, 54.908], [8.405, 55.059], [8.451, 55.055], [8.404, 55.015], [8.39, 54.986], [8.371, 54.929], [8.38, 54.9], [8.63, 54.892], [8.601, 54.865], [8.347, 54.848], [8.308, 54.787]]], [[[8.588, 54.713], [8.549, 54.688], [8.454, 54.691], [8.4, 54.714], [8.418, 54.739], [8.468, 54.757], [8.51, 54.76], [8.573, 54.749], [8.588, 54.713]]]]}}, {"type": "Feature", "properties": {"ISO_A2": "BA", "ISO_A3": "BIH", "NAME": "Bosnia and Herz.", "fillColor": "#003F87"}, "geometry": {"type": "Polygon", "coordinates": [[[19.349, 44.881], [19.357, 44.859], [19.334, 44.781], [19.292, 44.697], [19.223, 44.61], [19.151, 44.527], [19.132, 44.484], [19.127, 44.415], [19.118, 44.36], [19.128, 44.33], [19.152, 44.303], [19.232, 44.281], [19.339, 44.226], [19.43, 44.154], [19.547, 44.073], [19.584, 44.043], [19.584, 44.011], [19.55, 43.987], [19.449, 43.978], [19.345, 43.985], [19.305, 43.993], [19.268, 43.983], [19.245, 43.965], [19.257, 43.943], [19.364, 43.845], [19.488, 43.704], [19.495, 43.643], [19.48, 43.595], [19.451, 43.562], [19.4, 43.568], [19.36, 43.593], [19.301, 43.592], [19.254, 43.584], [19.194, 43.533], [19.164, 43.535], [19.113, 43.528], [19.08, 43.518], [19.028, 43.533], [18.974, 43.542], [18.951, 43.527], [18.94, 43.497], [18.974, 43.442], [19.037, 43.357], [19.027, 43.292], [18.979, 43.285], [18.935, 43.339], [18.896, 43.348], [18.851, 43.346], [18.749, 43.284], [18.674, 43.231], [18.657, 43.194], [18.63, 43.154], [18.622, 43.125], [18.624, 43.028], [18.488, 43.012], [18.46, 42.998], [18.444, 42.968], [18.455, 42.844], [18.466, 42.777], [18.543, 42.674], [18.546, 42.642], [18.535, 42.62], [18.48, 42.579], [18.454, 42.565], [18.436, 42.56], [18.347, 42.587], [18.304, 42.599], [18.124, 42.691], [18.045, 42.741], [17.919, 42.807], [17.841, 42.845], [17.802, 42.902], [17.74, 42.915], [17.668, 42.897], [17.585, 42.938], [17.643, 42.96], [17.658, 42.98], [17.65, 43.007], [17.625, 43.043], [17.402, 43.199], [17.293, 43.306], [17.275, 43.344], [17.274, 43.446], [17.248, 43.47], [17.085, 43.517], [16.902, 43.649], [16.713, 43.779], [16.688, 43.815], [16.591, 43.913], [16.472, 44.003], [16.378, 44.06], [16.3, 44.125], [16.214, 44.215], [16.17, 44.352], [16.13, 44.474], [16.103, 44.521], [16.049, 44.538], [15.88, 44.682], [15.737, 44.766], [15.738, 44.856], [15.762, 45.008], [15.788, 45.179], [15.823, 45.203], [15.888, 45.216], [15.963, 45.211], [16.028, 45.19], [16.157, 45.072], [16.231, 45.027], [16.293, 45.009], [16.365, 45.058], [16.454, 45.162], [16.531, 45.217], [16.791, 45.197], [16.919, 45.277], [17.125, 45.172], [17.211, 45.156], [17.259, 45.171], [17.324, 45.164], [17.469, 45.133], [17.503, 45.12], [17.546, 45.123], [17.654, 45.163], [17.69, 45.158], [17.813, 45.078], [17.874, 45.077], [17.949, 45.112], [17.996, 45.142], [18.137, 45.119], [18.218, 45.133], [18.285, 45.134], [18.358, 45.121], [18.424, 45.102], [18.488, 45.086], [18.663, 45.077], [18.746, 45.027], [18.779, 44.977], [18.78, 44.947], [18.788, 44.915], [18.836, 44.883], [18.941, 44.865], [19.007, 44.869], [19.042, 44.871], [19.132, 44.9], [19.237, 44.914], [19.313, 44.897], [19.349, 44.881]]]}}, {"type": "Feature", "properties": {"ISO_A2": "ZM", "ISO_A3": "ZMB", "NAME": "Zambia", "fillColor": "#198A00"}, "geometry": {"type": "Polygon", "coordinates": [[[30.396, -15.643], [30.251, -15.643], [29.995, -15.644], [29.73, -15.645], [29.487, -15.697], [29.288, -15.776], [29.051, -15.901], [28.973, -15.95], [28.913, -15.988], [28.876, -16.036], [28.857, -16.142], [28.857, -16.306], [28.833, -16.424], [28.761, -16.532], [28.761, -16.532], [28.4, -16.663], [28.164, -16.77], [27.932, -16.896], [27.757, -17.06], [27.637, -17.262], [27.438, -17.512], [27.236, -17.728], [27.021, -17.958], [26.78, -18.042], [26.578, -18.023], [26.333, -17.929], [26.14, -17.912], [25.996, -17.97], [25.863, -17.952], [25.742, -17.858], [25.64, -17.824], [25.557, -17.85], [25.452, -17.845], [25.259, -17.794], [25.092, -17.634], [25.002, -17.569], [24.932, -17.543], [24.733, -17.518], [24.275, -17.481], [24.227, -17.49], [24.037, -17.521], [23.799, -17.56], [23.595, -17.599], [23.381, -17.641], [23.182, -17.474], [22.956, -17.286], [22.722, -17.075], [22.546, -16.91], [22.459, -16.815], [22.305, -16.69], [22.194, -16.628], [22.151, -16.597], [22.04, -16.263], [21.98, -15.956], [21.98, -15.724], [21.98, -15.403], [21.98, -15.082], [21.979, -14.761], [21.979, -14.441], [21.979, -14.12], [21.979, -13.799], [21.979, -13.478], [21.979, -13.157], [21.979, -13.001], [22.21, -13.001], [22.471, -13.001], [22.744, -13.001], [23.042, -13.001], [23.339, -13.001], [23.636, -13.001], [23.843, -13.001], [23.897, -12.998], [23.963, -12.988], [23.968, -12.957], [23.882, -12.799], [23.887, -12.743], [23.909, -12.636], [23.945, -12.544], [23.991, -12.422], [23.996, -12.351], [23.959, -12.118], [23.962, -11.988], [23.973, -11.853], [23.984, -11.725], [23.971, -11.636], [23.987, -11.587], [24.015, -11.518], [24.029, -11.439], [24.047, -11.405], [24.041, -11.374], [24.026, -11.316], [24.01, -11.185], [23.988, -11.003], [23.967, -10.872], [24.003, -10.879], [24.078, -10.892], [24.115, -10.956], [24.137, -11.026], [24.187, -11.03], [24.32, -11.072], [24.366, -11.13], [24.396, -11.255], [24.378, -11.319], [24.335, -11.371], [24.378, -11.417], [24.467, -11.448], [24.519, -11.438], [24.668, -11.353], [24.728, -11.338], [24.806, -11.321], [24.877, -11.299], [25.076, -11.26], [25.185, -11.243], [25.246, -11.212], [25.289, -11.212], [25.319, -11.237], [25.292, -11.325], [25.283, -11.405], [25.321, -11.554], [25.349, -11.623], [25.413, -11.674], [25.46, -11.7], [25.512, -11.753], [25.619, -11.744], [25.855, -11.82], [25.927, -11.855], [26.026, -11.89], [26.096, -11.903], [26.34, -11.93], [26.43, -11.948], [26.596, -11.972], [26.73, -11.976], [26.824, -11.965], [26.89, -11.944], [26.931, -11.919], [26.95, -11.899], [26.977, -11.825], [27.027, -11.664], [27.046, -11.616], [27.095, -11.594], [27.159, -11.579], [27.196, -11.605], [27.238, -11.783], [27.424, -11.945], [27.487, -12.08], [27.533, -12.195], [27.574, -12.227], [27.644, -12.267], [27.757, -12.281], [27.857, -12.285], [28.069, -12.368], [28.237, -12.435], [28.358, -12.482], [28.413, -12.518], [28.451, -12.577], [28.474, -12.623], [28.511, -12.742], [28.551, -12.836], [28.615, -12.854], [28.673, -12.861], [28.73, -12.925], [28.773, -12.982], [28.859, -13.119], [28.922, -13.215], [28.942, -13.307], [29.014, -13.369], [29.112, -13.395], [29.202, -13.398], [29.254, -13.371], [29.382, -13.323], [29.481, -13.268], [29.554, -13.249], [29.597, -13.261], [29.63, -13.299], [29.648, -13.373], [29.652, -13.414], [29.723, -13.454], [29.775, -13.438], [29.795, -13.393], [29.796, -13.37], [29.796, -13.167], [29.796, -12.992], [29.796, -12.827], [29.796, -12.626], [29.796, -12.451], [29.795, -12.306], [29.795, -12.155], [29.75, -12.164], [29.692, -12.198], [29.56, -12.202], [29.508, -12.228], [29.492, -12.267], [29.502, -12.318], [29.505, -12.386], [29.486, -12.418], [29.428, -12.431], [29.344, -12.405], [29.191, -12.37], [29.064, -12.349], [28.973, -12.258], [28.85, -12.121], [28.769, -12.051], [28.575, -11.908], [28.542, -11.879], [28.483, -11.812], [28.432, -11.698], [28.407, -11.623], [28.383, -11.567], [28.357, -11.483], [28.404, -11.354], [28.47, -11.11], [28.518, -10.933], [28.544, -10.802], [28.639, -10.669], [28.646, -10.55], [28.607, -10.397], [28.617, -10.313], [28.624, -10.099], [28.629, -9.919], [28.63, -9.831], [28.604, -9.679], [28.541, -9.51], [28.4, -9.275], [28.401, -9.225], [28.484, -9.169], [28.617, -9.072], [28.681, -9.015], [28.759, -8.933], [28.794, -8.891], [28.87, -8.786], [28.918, -8.701], [28.934, -8.59], [28.898, -8.485], [28.972, -8.465], [29.216, -8.428], [29.484, -8.387], [29.766, -8.344], [30.051, -8.3], [30.328, -8.258], [30.578, -8.22], [30.751, -8.194], [30.777, -8.266], [30.831, -8.386], [30.892, -8.474], [30.968, -8.551], [31.033, -8.598], [31.076, -8.612], [31.351, -8.607], [31.449, -8.654], [31.535, -8.713], [31.556, -8.805], [31.613, -8.863], [31.674, -8.909], [31.7, -8.914], [31.745, -8.903], [31.818, -8.902], [31.886, -8.922], [31.919, -8.942], [31.922, -9.019], [31.943, -9.054], [32.035, -9.067], [32.13, -9.073], [32.221, -9.126], [32.319, -9.135], [32.433, -9.156], [32.487, -9.213], [32.608, -9.271], [32.757, -9.322], [32.863, -9.381], [32.92, -9.407], [32.923, -9.434], [32.951, -9.484], [32.98, -9.52], [32.982, -9.574], [32.996, -9.623], [33.038, -9.635], [33.072, -9.638], [33.104, -9.603], [33.148, -9.604], [33.196, -9.626], [33.213, -9.683], [33.25, -9.76], [33.31, -9.812], [33.351, -9.862], [33.337, -9.954], [33.312, -10.038], [33.394, -10.121], [33.5, -10.2], [33.529, -10.235], [33.538, -10.352], [33.554, -10.391], [33.626, -10.489], [33.662, -10.553], [33.659, -10.591], [33.465, -10.783], [33.403, -10.802], [33.345, -10.813], [33.293, -10.852], [33.261, -10.893], [33.273, -10.915], [33.293, -10.981], [33.339, -11.085], [33.38, -11.158], [33.346, -11.249], [33.268, -11.404], [33.233, -11.418], [33.226, -11.535], [33.25, -11.578], [33.288, -11.611], [33.304, -11.691], [33.305, -11.8], [33.301, -11.888], [33.252, -12.113], [33.34, -12.308], [33.37, -12.33], [33.491, -12.331], [33.512, -12.348], [33.483, -12.403], [33.431, -12.46], [33.398, -12.49], [33.243, -12.557], [33.022, -12.63], [32.975, -12.701], [32.946, -12.804], [32.971, -12.865], [33, -12.9], [32.99, -12.989], [32.971, -13.084], [32.978, -13.159], [32.968, -13.225], [32.939, -13.257], [32.9, -13.357], [32.852, -13.457], [32.814, -13.503], [32.758, -13.55], [32.67, -13.59], [32.672, -13.61], [32.772, -13.657], [32.797, -13.688], [32.807, -13.71], [32.785, -13.731], [32.765, -13.761], [32.811, -13.792], [32.867, -13.817], [32.92, -13.884], [32.968, -13.977], [32.981, -14.009], [32.992, -14.022], [33.009, -14.024], [33.042, -14.01], [33.104, -13.959], [33.148, -13.941], [33.202, -14.013], [32.987, -14.085], [32.875, -14.122], [32.553, -14.23], [32.273, -14.323], [32.2, -14.341], [32.054, -14.387], [31.982, -14.414], [31.729, -14.496], [31.623, -14.537], [31.538, -14.577], [31.329, -14.638], [31.131, -14.695], [30.915, -14.753], [30.673, -14.819], [30.538, -14.867], [30.446, -14.908], [30.232, -14.99], [30.222, -15.011], [30.225, -15.067], [30.252, -15.183], [30.306, -15.289], [30.351, -15.35], [30.38, -15.506], [30.396, -15.643]]]}}, {"type": "Feature", "properties": {"ISO_A2": "ID", "ISO_A3": "IDN", "NAME": "Indonesia", "fillColor": "#E11C2B"}, "geometry": {"type": "MultiPolygon", "coordinates": [[[[97.482, 1.465], [97.698, 1.184], [97.786, 1.146], [97.903, 1.018], [97.932, 0.974], [97.902, 0.884], [97.876, 0.628], [97.82, 0.564], [97.684, 0.596], [97.683, 0.641], [97.604, 0.834], [97.461, 0.941], [97.405, 0.947], [97.369, 1.057], [97.297, 1.187], [97.079, 1.425], [97.244, 1.424], [97.324, 1.482], [97.343, 1.528], [97.356, 1.54], [97.482, 1.465]]], [[[99.164, -1.778], [99.072, -1.783], [98.874, -1.664], [98.828, -1.61], [98.816, -1.538], [98.627, -1.261], [98.602, -1.198], [98.676, -0.971], [98.869, -0.916], [98.933, -0.954], [98.955, -1.056], [99.065, -1.241], [99.101, -1.34], [99.129, -1.384], [99.14, -1.418], [99.131, -1.442], [99.21, -1.559], [99.267, -1.628], [99.271, -1.738], [99.164, -1.778]]], [[[116.641, -8.614], [116.514, -8.821], [116.559, -8.854], [116.587, -8.886], [116.377, -8.929], [116.29, -8.906], [116.239, -8.912], [116.027, -8.873], [115.875, -8.826], [115.857, -8.788], [115.869, -8.743], [115.914, -8.758], [116.032, -8.765], [116.076, -8.745], [116.078, -8.611], [116.061, -8.437], [116.22, -8.295], [116.304, -8.238], [116.402, -8.204], [116.647, -8.283], [116.688, -8.304], [116.719, -8.336], [116.734, -8.387], [116.641, -8.614]]], [[[115.448, -8.155], [115.549, -8.208], [115.691, -8.364], [115.704, -8.407], [115.661, -8.448], [115.56, -8.514], [115.334, -8.616], [115.295, -8.664], [115.247, -8.758], [115.236, -8.798], [115.22, -8.82], [115.194, -8.835], [115.145, -8.849], [115.092, -8.829], [115.14, -8.769], [115.142, -8.697], [115.106, -8.629], [115.055, -8.573], [114.952, -8.496], [114.842, -8.429], [114.731, -8.394], [114.613, -8.378], [114.571, -8.345], [114.502, -8.261], [114.479, -8.215], [114.468, -8.166], [114.475, -8.119], [114.504, -8.117], [114.62, -8.128], [114.833, -8.183], [114.938, -8.187], [114.998, -8.174], [115.154, -8.066], [115.191, -8.067], [115.34, -8.115], [115.448, -8.155]]], [[[106.046, -1.669], [106.08, -1.738], [106.127, -1.8], [106.162, -1.867], [106.209, -2.189], [106.366, -2.465], [106.818, -2.573], [106.744, -2.618], [106.707, -2.658], [106.679, -2.704], [106.612, -2.896], [106.619, -2.936], [106.658, -3.001], [106.667, -3.072], [106.611, -3.071], [106.547, -3.056], [106.496, -3.029], [106.449, -2.994], [106.397, -2.967], [106.342, -2.949], [106.25, -2.894], [106.126, -2.855], [105.999, -2.825], [105.937, -2.744], [105.908, -2.643], [105.939, -2.493], [105.908, -2.452], [105.862, -2.415], [105.807, -2.307], [105.786, -2.181], [105.705, -2.133], [105.599, -2.103], [105.553, -2.079], [105.343, -2.125], [105.293, -2.114], [105.248, -2.079], [105.133, -2.043], [105.138, -1.973], [105.191, -1.917], [105.316, -1.861], [105.375, -1.813], [105.387, -1.751], [105.364, -1.705], [105.373, -1.657], [105.413, -1.611], [105.46, -1.575], [105.585, -1.527], [105.64, -1.61], [105.668, -1.68], [105.701, -1.731], [105.754, -1.659], [105.72, -1.534], [105.816, -1.506], [105.91, -1.505], [105.981, -1.539], [106.027, -1.593], [106.046, -1.669]]], [[[123.18, -4.551], [123.203, -4.766], [123.196, -4.823], [123.139, -4.74], [123.119, -4.723], [123.104, -4.74], [123.084, -4.749], [123.055, -4.748], [123.018, -4.832], [123.015, -4.91], [122.987, -4.963], [122.972, -5.138], [122.981, -5.186], [123.025, -5.162], [123.051, -5.156], [123.15, -5.224], [123.202, -5.273], [123.187, -5.333], [123.121, -5.393], [123.043, -5.419], [122.986, -5.394], [122.969, -5.406], [122.935, -5.437], [122.909, -5.477], [122.916, -5.519], [122.85, -5.638], [122.812, -5.671], [122.733, -5.635], [122.684, -5.666], [122.645, -5.663], [122.585, -5.545], [122.586, -5.489], [122.642, -5.426], [122.643, -5.381], [122.67, -5.331], [122.731, -5.262], [122.767, -5.21], [122.768, -5.177], [122.794, -5.052], [122.804, -5.0], [122.821, -4.944], [122.849, -4.831], [122.853, -4.618], [122.947, -4.443], [123.038, -4.395], [123.075, -4.387], [123.069, -4.434], [123.18, -4.551]]], [[[122.645, -5.269], [122.619, -5.336], [122.564, -5.388], [122.52, -5.391], [122.474, -5.381], [122.392, -5.335], [122.371, -5.383], [122.307, -5.381], [122.283, -5.32], [122.329, -5.138], [122.396, -5.07], [122.39, -4.999], [122.334, -4.847], [122.369, -4.767], [122.524, -4.707], [122.66, -4.634], [122.702, -4.619], [122.74, -4.675], [122.76, -4.934], [122.614, -5.139], [122.645, -5.269]]], [[[108.316, 3.69], [108.18, 3.653], [108.1, 3.705], [108.186, 3.768], [108.216, 3.772], [108.236, 3.785], [108.243, 3.81], [108.088, 3.852], [108.045, 3.889], [108.002, 3.983], [108.004, 4.043], [108.202, 4.2], [108.248, 4.217], [108.256, 4.152], [108.393, 3.986], [108.399, 3.876], [108.394, 3.836], [108.316, 3.69]]], [[[108.207, -2.998], [108.192, -3.103], [108.167, -3.143], [108.084, -3.195], [108.055, -3.227], [107.977, -3.222], [107.967, -3.167], [107.941, -3.129], [107.858, -3.086], [107.837, -3.097], [107.822, -3.161], [107.66, -3.206], [107.614, -3.209], [107.637, -3.125], [107.595, -3.058], [107.592, -2.977], [107.584, -2.941], [107.563, -2.92], [107.605, -2.863], [107.598, -2.8], [107.642, -2.732], [107.666, -2.566], [107.838, -2.53], [107.875, -2.56], [108.074, -2.597], [108.215, -2.697], [108.291, -2.83], [108.207, -2.998]]], [[[135.383, -0.651], [135.596, -0.69], [135.673, -0.688], [135.749, -0.733], [135.841, -0.712], [135.894, -0.726], [136.069, -0.878], [136.155, -0.978], [136.283, -1.065], [136.375, -1.094], [136.305, -1.173], [136.165, -1.215], [136.11, -1.217], [136.003, -1.17], [135.915, -1.178], [135.839, -1.119], [135.826, -1.028], [135.747, -0.823], [135.646, -0.882], [135.524, -0.787], [135.491, -0.785], [135.483, -0.801], [135.432, -0.769], [135.388, -0.705], [135.383, -0.651]]], [[[135.474, -1.592], [135.869, -1.642], [135.976, -1.636], [136.202, -1.655], [136.39, -1.722], [136.719, -1.734], [136.817, -1.754], [136.893, -1.8], [136.709, -1.838], [136.622, -1.873], [136.461, -1.89], [136.326, -1.872], [136.228, -1.894], [136.193, -1.859], [136.049, -1.824], [135.866, -1.752], [135.488, -1.668], [135.47, -1.616], [135.474, -1.592]]], [[[130.813, -0.004], [130.987, -0.047], [131.026, -0.04], [131.277, -0.15], [131.317, -0.204], [131.303, -0.241], [131.34, -0.29], [131.258, -0.366], [131.218, -0.374], [131.178, -0.346], [131.098, -0.33], [131.005, -0.361], [130.946, -0.338], [130.897, -0.268], [130.808, -0.226], [130.683, -0.081], [130.622, -0.086], [130.638, -0.143], [130.691, -0.181], [130.761, -0.291], [130.802, -0.302], [130.843, -0.298], [130.899, -0.344], [130.896, -0.416], [130.75, -0.444], [130.7, -0.392], [130.689, -0.297], [130.607, -0.329], [130.575, -0.362], [130.551, -0.366], [130.496, -0.267], [130.341, -0.262], [130.237, -0.21], [130.288, -0.155], [130.295, -0.101], [130.363, -0.073], [130.431, -0.098], [130.5, -0.06], [130.548, -0.07], [130.584, -0.045], [130.722, -0.03], [130.813, -0.004]]], [[[128.454, 2.052], [128.296, 2.035], [128.26, 2.083], [128.218, 2.297], [128.33, 2.469], [128.472, 2.571], [128.569, 2.596], [128.602, 2.598], [128.688, 2.474], [128.623, 2.224], [128.548, 2.097], [128.454, 2.052]]], [[[128.153, -1.661], [128.092, -1.701], [128.061, -1.712], [127.914, -1.685], [127.741, -1.691], [127.562, -1.729], [127.458, -1.697], [127.392, -1.645], [127.395, -1.59], [127.457, -1.454], [127.592, -1.351], [127.647, -1.332], [127.743, -1.36], [127.905, -1.439], [128.033, -1.532], [128.149, -1.604], [128.153, -1.661]]], [[[126.055, -2.451], [126.038, -2.469], [125.978, -2.415], [125.938, -2.263], [125.903, -2.222], [125.863, -2.077], [125.873, -2.036], [125.923, -1.975], [125.963, -1.976], [125.993, -2.012], [125.976, -2.168], [126.066, -2.366], [126.055, -2.451]]], [[[126.024, -1.79], [126.332, -1.823], [126.288, -1.859], [125.956, -1.917], [125.839, -1.906], [125.479, -1.94], [125.433, -1.938], [125.426, -1.882], [125.387, -1.843], [125.445, -1.809], [125.521, -1.801], [125.72, -1.814], [126.024, -1.79]]], [[[124.97, -1.705], [125.063, -1.741], [125.096, -1.741], [125.127, -1.699], [125.146, -1.693], [125.188, -1.713], [125.198, -1.78], [125.258, -1.771], [125.305, -1.794], [125.32, -1.81], [125.314, -1.877], [125.135, -1.889], [125.007, -1.943], [124.834, -1.894], [124.639, -1.978], [124.521, -2.007], [124.418, -2.005], [124.33, -1.859], [124.381, -1.688], [124.418, -1.659], [124.483, -1.644], [124.664, -1.636], [124.97, -1.705]]], [[[131.326, -8.0], [131.309, -8.011], [131.185, -7.998], [131.114, -7.997], [131.123, -7.922], [131.087, -7.865], [131.137, -7.782], [131.138, -7.685], [131.19, -7.672], [131.197, -7.617], [131.26, -7.471], [131.297, -7.438], [131.349, -7.425], [131.411, -7.34], [131.446, -7.315], [131.483, -7.251], [131.535, -7.221], [131.531, -7.165], [131.561, -7.136], [131.643, -7.113], [131.701, -7.14], [131.736, -7.197], [131.644, -7.267], [131.691, -7.439], [131.624, -7.626], [131.58, -7.682], [131.498, -7.731], [131.474, -7.777], [131.377, -7.869], [131.348, -7.948], [131.343, -7.981], [131.326, -8.0]]], [[[126.801, -7.668], [126.814, -7.717], [126.813, -7.738], [126.693, -7.754], [126.577, -7.808], [126.518, -7.87], [126.472, -7.95], [126.313, -7.918], [126.171, -7.912], [126.108, -7.884], [126.04, -7.886], [125.952, -7.911], [125.826, -7.979], [125.798, -7.985], [125.808, -7.881], [125.843, -7.817], [125.975, -7.663], [126.085, -7.697], [126.214, -7.707], [126.359, -7.677], [126.463, -7.608], [126.61, -7.572], [126.726, -7.662], [126.801, -7.668]]], [[[124.576, -8.141], [124.6, -8.202], [124.677, -8.168], [124.752, -8.16], [124.924, -8.166], [125.05, -8.18], [125.125, -8.205], [125.132, -8.326], [125.097, -8.353], [124.444, -8.445], [124.381, -8.415], [124.356, -8.386], [124.426, -8.296], [124.394, -8.253], [124.431, -8.183], [124.509, -8.135], [124.576, -8.141]]], [[[131.002, -1.316], [130.967, -1.343], [130.845, -1.317], [130.782, -1.255], [130.739, -1.173], [130.712, -1.104], [130.704, -1.05], [130.668, -0.984], [130.673, -0.96], [130.897, -0.89], [130.939, -0.915], [131.033, -0.918], [131.074, -0.968], [131.046, -1.188], [131.002, -1.316]]], [[[96.493, 5.229], [96.615, 5.22], [96.843, 5.274], [96.968, 5.269], [97.086, 5.23], [97.19, 5.207], [97.451, 5.236], [97.5, 5.228], [97.547, 5.206], [97.588, 5.17], [97.707, 5.04], [97.908, 4.88], [97.967, 4.777], [98.0, 4.662], [98.021, 4.635], [98.248, 4.415], [98.273, 4.322], [98.241, 4.195], [98.307, 4.093], [98.528, 3.998], [98.659, 3.928], [98.687, 3.886], [98.706, 3.835], [98.778, 3.759], [98.869, 3.71], [99.151, 3.581], [99.521, 3.311], [99.732, 3.183], [99.907, 2.988], [99.969, 2.895], [100.021, 2.794], [100.127, 2.648], [100.307, 2.467], [100.353, 2.411], [100.401, 2.332], [100.457, 2.257], [100.524, 2.189], [100.604, 2.137], [100.685, 2.12], [100.817, 1.989], [100.888, 1.948], [100.877, 2.051], [100.817, 2.14], [100.818, 2.194], [100.828, 2.243], [100.877, 2.283], [100.936, 2.295], [101.046, 2.257], [101.225, 2.102], [101.301, 2.012], [101.358, 1.887], [101.405, 1.757], [101.477, 1.693], [101.575, 1.671], [101.684, 1.661], [101.785, 1.621], [102.02, 1.442], [102.098, 1.358], [102.157, 1.259], [102.198, 1.142], [102.223, 1.019], [102.239, 0.99], [102.39, 0.842], [102.469, 0.779], [102.566, 0.749], [102.849, 0.715], [102.949, 0.664], [103.032, 0.579], [103.067, 0.492], [103.008, 0.415], [102.786, 0.298], [102.55, 0.216], [102.78, 0.244], [102.896, 0.279], [103.003, 0.332], [103.109, 0.4], [103.277, 0.495], [103.339, 0.514], [103.412, 0.507], [103.479, 0.48], [103.579, 0.387], [103.673, 0.289], [103.743, 0.174], [103.787, 0.047], [103.706, -0.02], [103.589, -0.069], [103.429, -0.192], [103.412, -0.24], [103.444, -0.272], [103.405, -0.362], [103.495, -0.418], [103.509, -0.466], [103.431, -0.534], [103.439, -0.576], [103.533, -0.755], [103.578, -0.796], [103.721, -0.887], [103.94, -0.979], [104.061, -1.021], [104.199, -1.054], [104.258, -1.053], [104.361, -1.038], [104.381, -1.074], [104.426, -1.251], [104.447, -1.362], [104.478, -1.6], [104.519, -1.699], [104.516, -1.819], [104.569, -1.922], [104.676, -1.987], [104.791, -2.041], [104.845, -2.093], [104.845, -2.172], [104.826, -2.234], [104.787, -2.283], [104.668, -2.386], [104.647, -2.43], [104.631, -2.543], [104.651, -2.595], [104.698, -2.598], [104.736, -2.571], [104.878, -2.419], [104.917, -2.392], [104.971, -2.371], [105.026, -2.358], [105.287, -2.356], [105.397, -2.38], [105.495, -2.43], [105.582, -2.492], [105.899, -2.888], [106.044, -3.106], [106.056, -3.161], [106.058, -3.217], [106.034, -3.261], [105.901, -3.41], [105.885, -3.451], [105.844, -3.614], [105.852, -3.731], [105.896, -3.78], [105.93, -3.833], [105.928, -3.881], [105.841, -4.122], [105.831, -4.163], [105.887, -4.554], [105.891, -4.66], [105.879, -4.794], [105.887, -5.01], [105.816, -5.677], [105.803, -5.716], [105.748, -5.818], [105.677, -5.818], [105.619, -5.8], [105.578, -5.761], [105.556, -5.712], [105.523, -5.673], [105.349, -5.55], [105.304, -5.57], [105.128, -5.723], [105.081, -5.746], [105.023, -5.727], [104.93, -5.681], [104.64, -5.52], [104.622, -5.572], [104.618, -5.642], [104.676, -5.816], [104.684, -5.893], [104.631, -5.908], [104.602, -5.905], [104.481, -5.803], [104.37, -5.691], [104.243, -5.539], [104.15, -5.467], [104.067, -5.386], [103.831, -5.08], [103.77, -5.033], [103.406, -4.816], [103.332, -4.765], [103.239, -4.676], [103.139, -4.596], [102.919, -4.471], [102.538, -4.152], [102.372, -3.969], [102.188, -3.675], [102.128, -3.599], [101.818, -3.378], [101.649, -3.244], [101.579, -3.167], [101.414, -2.899], [101.366, -2.808], [101.306, -2.729], [101.206, -2.664], [101.119, -2.588], [100.944, -2.345], [100.89, -2.249], [100.848, -2.144], [100.855, -1.934], [100.487, -1.299], [100.394, -1.101], [100.308, -0.827], [100.289, -0.799], [100.088, -0.553], [100.017, -0.474], [99.931, -0.4], [99.86, -0.314], [99.721, -0.033], [99.67, 0.045], [99.598, 0.102], [99.335, 0.209], [99.236, 0.268], [99.159, 0.352], [99.112, 0.459], [99.06, 0.686], [98.936, 1.032], [98.796, 1.495], [98.703, 1.702], [98.595, 1.865], [98.564, 1.902], [98.087, 2.195], [98.005, 2.238], [97.919, 2.264], [97.795, 2.283], [97.701, 2.359], [97.662, 2.494], [97.641, 2.676], [97.617, 2.785], [97.591, 2.847], [97.391, 2.975], [97.313, 3.077], [97.248, 3.189], [97.188, 3.276], [96.969, 3.575], [96.894, 3.654], [96.801, 3.709], [96.525, 3.767], [96.445, 3.816], [96.311, 3.986], [96.23, 4.073], [95.988, 4.263], [95.579, 4.662], [95.495, 4.761], [95.432, 4.865], [95.381, 4.976], [95.207, 5.284], [95.221, 5.346], [95.247, 5.411], [95.243, 5.464], [95.224, 5.517], [95.228, 5.565], [95.28, 5.593], [95.396, 5.629], [95.517, 5.625], [95.629, 5.609], [95.737, 5.579], [95.841, 5.515], [96.027, 5.351], [96.133, 5.294], [96.251, 5.267], [96.493, 5.229]]], [[[122.783, -8.612], [122.642, -8.647], [122.554, -8.681], [122.47, -8.725], [122.417, -8.735], [122.321, -8.738], [122.186, -8.73], [122.094, -8.745], [121.839, -8.86], [121.738, -8.87], [121.651, -8.899], [121.621, -8.854], [121.585, -8.821], [121.5, -8.812], [121.415, -8.815], [121.328, -8.917], [121.191, -8.896], [121.138, -8.904], [121.086, -8.926], [121.035, -8.935], [120.982, -8.928], [120.781, -8.849], [120.55, -8.802], [120.32, -8.82], [120.121, -8.777], [120.012, -8.81], [119.909, -8.858], [119.879, -8.808], [119.841, -8.764], [119.808, -8.698], [119.807, -8.623], [119.818, -8.571], [119.848, -8.523], [119.866, -8.473], [119.875, -8.42], [119.918, -8.445], [119.964, -8.436], [120.099, -8.378], [120.231, -8.29], [120.354, -8.258], [120.425, -8.249], [120.486, -8.266], [120.547, -8.26], [120.61, -8.24], [120.71, -8.308], [120.751, -8.321], [120.886, -8.327], [121.009, -8.366], [121.118, -8.424], [121.277, -8.478], [121.372, -8.551], [121.445, -8.578], [121.498, -8.585], [121.548, -8.575], [121.61, -8.526], [121.683, -8.506], [121.747, -8.507], [121.863, -8.494], [121.912, -8.482], [121.967, -8.455], [122.02, -8.472], [122.067, -8.497], [122.263, -8.625], [122.323, -8.628], [122.433, -8.601], [122.467, -8.566], [122.484, -8.514], [122.514, -8.47], [122.556, -8.432], [122.604, -8.402], [122.75, -8.353], [122.85, -8.304], [122.919, -8.222], [122.759, -8.186], [122.792, -8.127], [122.846, -8.093], [122.917, -8.106], [122.978, -8.152], [123.006, -8.329], [122.955, -8.354], [122.924, -8.381], [122.902, -8.416], [122.811, -8.481], [122.847, -8.562], [122.82, -8.596], [122.783, -8.612]]], [[[120.013, -9.375], [120.058, -9.42], [120.221, -9.506], [120.248, -9.543], [120.258, -9.603], [120.291, -9.648], [120.365, -9.655], [120.444, -9.646], [120.504, -9.674], [120.556, -9.719], [120.633, -9.806], [120.7, -9.903], [120.784, -9.957], [120.833, -10.037], [120.804, -10.108], [120.698, -10.207], [120.64, -10.228], [120.562, -10.236], [120.439, -10.294], [120.395, -10.263], [120.255, -10.242], [120.145, -10.2], [120.052, -10.123], [119.998, -10.04], [119.931, -9.967], [119.813, -9.917], [119.601, -9.774], [119.47, -9.761], [119.417, -9.771], [119.363, -9.772], [119.085, -9.707], [119.042, -9.669], [119.008, -9.621], [118.977, -9.573], [118.959, -9.519], [118.994, -9.472], [119.031, -9.44], [119.186, -9.384], [119.296, -9.367], [119.424, -9.37], [119.615, -9.352], [119.795, -9.38], [119.851, -9.36], [119.942, -9.301], [119.974, -9.322], [120.013, -9.375]]], [[[118.242, -8.318], [118.292, -8.357], [118.338, -8.354], [118.433, -8.293], [118.491, -8.271], [118.552, -8.27], [118.612, -8.281], [118.671, -8.323], [118.692, -8.393], [118.714, -8.415], [118.748, -8.331], [118.794, -8.306], [118.846, -8.293], [118.926, -8.298], [118.988, -8.338], [119.044, -8.457], [119.042, -8.561], [119.062, -8.6], [119.101, -8.628], [119.13, -8.668], [119.104, -8.71], [119.079, -8.73], [119.006, -8.75], [118.971, -8.741], [118.939, -8.713], [118.903, -8.703], [118.821, -8.712], [118.746, -8.735], [118.756, -8.774], [118.818, -8.791], [118.837, -8.809], [118.833, -8.833], [118.808, -8.838], [118.728, -8.805], [118.674, -8.812], [118.479, -8.856], [118.427, -8.855], [118.398, -8.813], [118.4, -8.704], [118.379, -8.675], [118.234, -8.808], [118.19, -8.841], [118.132, -8.856], [118.071, -8.851], [117.861, -8.931], [117.795, -8.92], [117.732, -8.92], [117.508, -9.008], [117.388, -9.032], [117.326, -9.034], [117.265, -9.026], [117.21, -9.034], [117.161, -9.069], [117.061, -9.099], [116.958, -9.076], [116.871, -9.046], [116.788, -9.006], [116.768, -8.955], [116.772, -8.894], [116.807, -8.811], [116.783, -8.665], [116.801, -8.598], [116.835, -8.532], [116.886, -8.508], [116.953, -8.503], [117.064, -8.444], [117.165, -8.367], [117.224, -8.375], [117.357, -8.429], [117.435, -8.435], [117.567, -8.426], [117.622, -8.46], [117.643, -8.536], [117.673, -8.563], [117.712, -8.583], [117.806, -8.711], [117.893, -8.704], [117.97, -8.728], [118.104, -8.65], [118.206, -8.652], [118.235, -8.592], [118.174, -8.528], [118.1, -8.475], [118.061, -8.464], [118.018, -8.467], [117.979, -8.459], [117.815, -8.342], [117.766, -8.279], [117.738, -8.205], [117.755, -8.15], [117.868, -8.101], [117.921, -8.089], [118.117, -8.122], [118.151, -8.15], [118.203, -8.267], [118.242, -8.318]]], [[[124.889, 0.995], [124.698, 0.826], [124.64, 0.744], [124.589, 0.655], [124.514, 0.557], [124.428, 0.471], [124.384, 0.445], [124.278, 0.398], [124.217, 0.38], [124.101, 0.375], [123.754, 0.306], [123.64, 0.297], [123.526, 0.3], [123.31, 0.318], [123.265, 0.327], [123.179, 0.416], [123.083, 0.486], [122.997, 0.494], [122.91, 0.486], [122.281, 0.481], [122.061, 0.468], [121.842, 0.437], [121.723, 0.451], [121.605, 0.486], [121.516, 0.498], [121.426, 0.495], [121.013, 0.442], [120.909, 0.447], [120.7, 0.515], [120.579, 0.528], [120.46, 0.51], [120.349, 0.449], [120.307, 0.408], [120.192, 0.269], [120.127, 0.167], [120.078, 0.04], [120.036, -0.09], [120.013, -0.196], [120.012, -0.307], [120.032, -0.432], [120.063, -0.556], [120.097, -0.65], [120.241, -0.868], [120.27, -0.899], [120.425, -0.961], [120.518, -1.039], [120.605, -1.258], [120.667, -1.37], [120.729, -1.371], [120.797, -1.364], [120.916, -1.378], [121.034, -1.407], [121.149, -1.339], [121.213, -1.212], [121.277, -1.118], [121.431, -0.939], [121.519, -0.856], [121.576, -0.829], [121.633, -0.84], [121.681, -0.888], [121.738, -0.926], [121.853, -0.946], [121.97, -0.933], [122.094, -0.875], [122.138, -0.839], [122.175, -0.794], [122.28, -0.757], [122.53, -0.757], [122.659, -0.77], [122.889, -0.755], [122.886, -0.722], [122.841, -0.687], [122.829, -0.659], [122.872, -0.641], [123.02, -0.6], [123.171, -0.571], [123.281, -0.592], [123.38, -0.649], [123.417, -0.707], [123.434, -0.778], [123.396, -0.962], [123.378, -1.004], [123.3, -1.026], [123.226, -1.002], [123.153, -0.907], [123.049, -0.872], [122.903, -0.901], [122.853, -0.928], [122.807, -0.966], [122.725, -1.064], [122.656, -1.175], [122.507, -1.348], [122.334, -1.498], [122.251, -1.555], [122.158, -1.594], [121.859, -1.693], [121.78, -1.767], [121.719, -1.863], [121.651, -1.895], [121.573, -1.906], [121.514, -1.888], [121.395, -1.834], [121.355, -1.878], [121.349, -1.946], [121.408, -1.97], [121.502, -2.045], [121.575, -2.151], [121.622, -2.174], [121.726, -2.208], [121.77, -2.241], [121.848, -2.332], [121.972, -2.542], [122.014, -2.656], [122.083, -2.75], [122.292, -2.908], [122.303, -2.952], [122.29, -3.004], [122.307, -3.052], [122.381, -3.142], [122.399, -3.201], [122.317, -3.275], [122.313, -3.383], [122.263, -3.527], [122.251, -3.576], [122.253, -3.62], [122.288, -3.662], [122.329, -3.694], [122.385, -3.711], [122.435, -3.74], [122.529, -3.853], [122.579, -3.882], [122.61, -3.923], [122.607, -3.985], [122.65, -4.021], [122.69, -4.084], [122.75, -4.1], [122.779, -4.082], [122.798, -4.054], [122.848, -4.065], [122.877, -4.109], [122.894, -4.166], [122.9, -4.229], [122.897, -4.349], [122.872, -4.392], [122.818, -4.39], [122.72, -4.341], [122.715, -4.376], [122.722, -4.411], [122.672, -4.422], [122.615, -4.417], [122.471, -4.422], [122.207, -4.496], [122.114, -4.54], [122.054, -4.62], [122.05, -4.675], [122.073, -4.792], [122.038, -4.832], [121.917, -4.848], [121.748, -4.817], [121.646, -4.786], [121.589, -4.76], [121.514, -4.681], [121.487, -4.581], [121.541, -4.283], [121.557, -4.245], [121.583, -4.211], [121.612, -4.156], [121.618, -4.093], [121.537, -4.015], [121.416, -3.984], [121.313, -3.919], [120.914, -3.556], [120.892, -3.521], [120.891, -3.46], [120.907, -3.404], [121.038, -3.205], [121.054, -3.167], [121.07, -3.01], [121.067, -2.881], [121.052, -2.752], [120.99, -2.67], [120.879, -2.646], [120.765, -2.642], [120.654, -2.668], [120.544, -2.733], [120.341, -2.87], [120.261, -2.949], [120.254, -3.053], [120.3, -3.154], [120.36, -3.247], [120.392, -3.348], [120.437, -3.707], [120.435, -3.748], [120.383, -3.852], [120.362, -4.086], [120.385, -4.415], [120.42, -4.617], [120.405, -4.727], [120.31, -4.963], [120.281, -5.093], [120.279, -5.146], [120.391, -5.393], [120.417, -5.49], [120.43, -5.591], [120.312, -5.542], [120.256, -5.544], [120.201, -5.559], [120.077, -5.575], [119.952, -5.578], [119.908, -5.596], [119.818, -5.662], [119.764, -5.688], [119.717, -5.693], [119.557, -5.611], [119.463, -5.522], [119.376, -5.425], [119.36, -5.314], [119.391, -5.201], [119.434, -5.079], [119.52, -4.877], [119.516, -4.742], [119.545, -4.631], [119.594, -4.523], [119.612, -4.424], [119.624, -4.034], [119.611, -4.0], [119.494, -3.769], [119.48, -3.73], [119.479, -3.667], [119.492, -3.608], [119.495, -3.554], [119.467, -3.513], [119.42, -3.475], [119.362, -3.459], [119.24, -3.475], [118.995, -3.538], [118.922, -3.483], [118.868, -3.398], [118.833, -3.28], [118.812, -3.157], [118.822, -3.041], [118.858, -2.929], [118.829, -2.85], [118.784, -2.765], [118.783, -2.721], [118.809, -2.682], [118.853, -2.65], [118.908, -2.631], [118.958, -2.597], [119.092, -2.483], [119.135, -2.382], [119.138, -2.258], [119.172, -2.14], [119.241, -2.031], [119.322, -1.93], [119.348, -1.825], [119.308, -1.66], [119.324, -1.584], [119.31, -1.496], [119.309, -1.408], [119.359, -1.243], [119.508, -0.907], [119.654, -0.728], [119.711, -0.681], [119.787, -0.764], [119.844, -0.862], [119.845, -0.773], [119.83, -0.686], [119.772, -0.484], [119.722, -0.088], [119.736, -0.051], [119.787, -0.057], [119.838, -0.022], [119.866, 0.04], [119.812, 0.187], [119.809, 0.239], [119.913, 0.445], [119.998, 0.52], [120.035, 0.567], [120.056, 0.693], [120.101, 0.74], [120.157, 0.774], [120.23, 0.861], [120.27, 0.971], [120.294, 0.979], [120.322, 0.983], [120.367, 0.888], [120.416, 0.849], [120.517, 0.818], [120.603, 0.854], [120.626, 0.902], [120.659, 0.944], [120.711, 0.987], [120.755, 1.036], [120.804, 1.149], [120.868, 1.253], [120.912, 1.289], [120.965, 1.312], [121.025, 1.326], [121.082, 1.328], [121.208, 1.262], [121.282, 1.25], [121.357, 1.255], [121.404, 1.244], [121.44, 1.214], [121.473, 1.156], [121.513, 1.105], [121.551, 1.08], [121.592, 1.068], [121.867, 1.089], [122.108, 1.031], [122.437, 1.018], [122.549, 0.984], [122.657, 0.941], [122.79, 0.863], [122.838, 0.846], [122.892, 0.85], [122.96, 0.923], [123.013, 0.939], [123.067, 0.942], [123.278, 0.928], [123.847, 0.838], [123.931, 0.85], [124.274, 1.022], [124.411, 1.185], [124.534, 1.23], [124.575, 1.304], [124.6, 1.392], [124.644, 1.416], [124.747, 1.441], [124.788, 1.468], [124.861, 1.576], [124.947, 1.672], [124.989, 1.701], [125.111, 1.686], [125.165, 1.644], [125.234, 1.502], [125.222, 1.479], [125.141, 1.408], [125.117, 1.379], [125.028, 1.18], [124.967, 1.083], [124.889, 0.995]]], [[[107.374, -6.008], [107.475, -6.122], [107.563, -6.183], [107.667, -6.216], [107.776, -6.219], [107.884, -6.233], [108.009, -6.277], [108.138, -6.297], [108.197, -6.289], [108.254, -6.267], [108.295, -6.265], [108.33, -6.286], [108.419, -6.383], [108.516, -6.471], [108.538, -6.516], [108.604, -6.729], [108.678, -6.791], [108.78, -6.808], [108.899, -6.808], [109.018, -6.817], [109.294, -6.867], [109.404, -6.86], [109.501, -6.81], [109.587, -6.843], [109.821, -6.902], [109.936, -6.916], [110.067, -6.899], [110.198, -6.895], [110.261, -6.912], [110.321, -6.938], [110.373, -6.948], [110.426, -6.947], [110.521, -6.897], [110.584, -6.806], [110.634, -6.69], [110.674, -6.57], [110.701, -6.518], [110.737, -6.472], [110.784, -6.443], [110.835, -6.424], [110.972, -6.436], [111.001, -6.465], [111.154, -6.669], [111.182, -6.687], [111.342, -6.7], [111.387, -6.693], [111.484, -6.652], [111.54, -6.648], [111.644, -6.699], [111.688, -6.742], [111.738, -6.773], [111.99, -6.806], [112.087, -6.893], [112.137, -6.905], [112.312, -6.894], [112.434, -6.903], [112.539, -6.926], [112.587, -7.051], [112.626, -7.178], [112.649, -7.221], [112.752, -7.265], [112.794, -7.304], [112.783, -7.432], [112.795, -7.552], [113.014, -7.658], [113.248, -7.718], [113.498, -7.724], [113.747, -7.703], [113.876, -7.677], [114.037, -7.632], [114.071, -7.633], [114.383, -7.771], [114.409, -7.792], [114.444, -7.896], [114.443, -8.005], [114.385, -8.263], [114.381, -8.334], [114.387, -8.405], [114.449, -8.559], [114.482, -8.604], [114.595, -8.685], [114.599, -8.727], [114.584, -8.77], [114.459, -8.741], [114.383, -8.705], [114.339, -8.647], [114.277, -8.615], [114.16, -8.626], [113.94, -8.568], [113.693, -8.478], [113.253, -8.287], [113.134, -8.288], [113.019, -8.313], [112.898, -8.361], [112.772, -8.396], [112.679, -8.409], [112.586, -8.4], [112.352, -8.354], [112.115, -8.324], [111.51, -8.305], [111.339, -8.262], [111.055, -8.24], [110.83, -8.202], [110.607, -8.149], [110.039, -7.891], [109.853, -7.828], [109.282, -7.705], [109.194, -7.695], [108.987, -7.704], [108.856, -7.668], [108.741, -7.667], [108.571, -7.707], [108.518, -7.736], [108.452, -7.797], [108.336, -7.794], [108.221, -7.782], [107.917, -7.724], [107.804, -7.688], [107.696, -7.636], [107.598, -7.567], [107.547, -7.542], [107.285, -7.472], [107.071, -7.447], [106.631, -7.416], [106.535, -7.394], [106.455, -7.369], [106.411, -7.312], [106.417, -7.239], [106.448, -7.177], [106.492, -7.114], [106.52, -7.054], [106.198, -6.928], [105.944, -6.859], [105.835, -6.846], [105.725, -6.846], [105.601, -6.86], [105.478, -6.854], [105.421, -6.833], [105.362, -6.826], [105.303, -6.841], [105.255, -6.835], [105.243, -6.778], [105.273, -6.729], [105.336, -6.674], [105.371, -6.664], [105.387, -6.751], [105.405, -6.768], [105.46, -6.787], [105.484, -6.782], [105.581, -6.671], [105.608, -6.617], [105.655, -6.47], [105.706, -6.498], [105.757, -6.48], [105.787, -6.457], [105.868, -6.116], [105.936, -6.017], [106.029, -5.934], [106.075, -5.914], [106.166, -5.965], [106.35, -5.984], [106.459, -6.018], [106.569, -6.022], [106.676, -6.038], [106.825, -6.098], [106.878, -6.092], [106.932, -6.073], [107.012, -6.008], [107.046, -5.904], [107.162, -5.957], [107.332, -5.978], [107.374, -6.008]]], [[[109.629, 2.028], [109.539, 1.896], [109.549, 1.848], [109.571, 1.806], [109.636, 1.777], [109.654, 1.615], [109.736, 1.523], [109.818, 1.439], [109.879, 1.398], [109.945, 1.338], [109.992, 1.283], [110.041, 1.236], [110.115, 1.19], [110.315, 0.996], [110.399, 0.939], [110.461, 0.882], [110.506, 0.862], [110.615, 0.878], [110.938, 1.017], [110.996, 1.026], [111.101, 1.051], [111.287, 1.043], [111.483, 0.996], [111.547, 0.994], [111.607, 1.023], [111.691, 1.014], [111.77, 0.999], [111.809, 1.012], [111.923, 1.113], [112.079, 1.143], [112.129, 1.244], [112.167, 1.338], [112.186, 1.439], [112.251, 1.48], [112.342, 1.515], [112.476, 1.559], [112.943, 1.567], [112.988, 1.548], [112.998, 1.496], [112.988, 1.457], [113.007, 1.434], [113.069, 1.432], [113.126, 1.408], [113.359, 1.327], [113.458, 1.302], [113.513, 1.308], [113.622, 1.236], [113.682, 1.261], [113.76, 1.311], [113.835, 1.38], [113.902, 1.434], [114, 1.455], [114.126, 1.452], [114.275, 1.471], [114.387, 1.5], [114.513, 1.452], [114.546, 1.467], [114.567, 1.514], [114.632, 1.617], [114.661, 1.686], [114.686, 1.819], [114.704, 1.851], [114.751, 1.869], [114.8, 1.894], [114.813, 1.934], [114.831, 1.98], [114.816, 2.019], [114.788, 2.052], [114.759, 2.162], [114.768, 2.213], [114.786, 2.25], [114.836, 2.269], [114.969, 2.351], [115.087, 2.446], [115.151, 2.493], [115.179, 2.523], [115.181, 2.567], [115.13, 2.612], [115.081, 2.634], [115.077, 2.687], [115.079, 2.723], [115.094, 2.758], [115.087, 2.791], [115.086, 2.841], [115.118, 2.895], [115.19, 2.974], [115.247, 3.026], [115.31, 2.994], [115.384, 3.009], [115.454, 3.034], [115.493, 3.128], [115.499, 3.173], [115.49, 3.209], [115.514, 3.342], [115.52, 3.362], [115.566, 3.446], [115.571, 3.502], [115.545, 3.634], [115.561, 3.733], [115.568, 3.939], [115.596, 3.976], [115.628, 4.082], [115.679, 4.193], [115.782, 4.254], [115.837, 4.333], [115.861, 4.348], [115.896, 4.349], [116.022, 4.291], [116.134, 4.355], [116.236, 4.363], [116.32, 4.354], [116.368, 4.327], [116.415, 4.308], [116.515, 4.371], [116.553, 4.36], [116.589, 4.338], [116.639, 4.339], [116.698, 4.355], [116.844, 4.34], [117.101, 4.337], [117.278, 4.299], [117.451, 4.193], [117.537, 4.171], [117.574, 4.171], [117.566, 4.162], [117.497, 4.133], [117.465, 4.076], [117.559, 3.988], [117.566, 3.93], [117.639, 3.878], [117.728, 3.797], [117.732, 3.77], [117.762, 3.734], [117.777, 3.689], [117.714, 3.645], [117.63, 3.636], [117.567, 3.678], [117.51, 3.73], [117.495, 3.666], [117.45, 3.629], [117.288, 3.639], [117.172, 3.639], [117.056, 3.623], [117.114, 3.613], [117.166, 3.592], [117.346, 3.427], [117.385, 3.365], [117.322, 3.244], [117.352, 3.194], [117.422, 3.165], [117.507, 3.105], [117.567, 3.098], [117.611, 3.064], [117.612, 3.005], [117.638, 2.951], [117.569, 2.929], [117.637, 2.915], [117.698, 2.887], [117.665, 2.859], [117.639, 2.825], [117.667, 2.807], [117.75, 2.776], [117.786, 2.747], [117.805, 2.669], [117.886, 2.542], [118.034, 2.378], [118.067, 2.318], [118.066, 2.263], [118.042, 2.215], [117.957, 2.16], [117.889, 2.087], [117.881, 2.061], [117.789, 2.027], [117.831, 2.002], [117.865, 1.968], [117.928, 1.867], [118.08, 1.702], [118.157, 1.64], [118.472, 1.416], [118.639, 1.319], [118.853, 1.096], [118.963, 1.044], [118.985, 0.982], [118.892, 0.887], [118.757, 0.839], [118.535, 0.814], [118.312, 0.847], [118.196, 0.874], [118.096, 0.929], [118.016, 1.039], [117.912, 1.099], [117.952, 1.032], [117.977, 0.964], [117.964, 0.89], [117.923, 0.831], [117.853, 0.789], [117.777, 0.754], [117.745, 0.73], [117.553, 0.341], [117.522, 0.236], [117.464, -0.2], [117.463, -0.324], [117.549, -0.554], [117.557, -0.675], [117.574, -0.728], [117.562, -0.771], [117.522, -0.797], [117.357, -0.867], [117.241, -0.926], [117.146, -1.009], [117.07, -1.113], [117.003, -1.188], [116.914, -1.224], [116.849, -1.218], [116.797, -1.184], [116.761, -1.117], [116.74, -1.044], [116.726, -1.098], [116.729, -1.151], [116.759, -1.207], [116.771, -1.267], [116.753, -1.327], [116.715, -1.376], [116.612, -1.429], [116.554, -1.474], [116.545, -1.553], [116.518, -1.598], [116.478, -1.633], [116.332, -1.712], [116.3, -1.744], [116.275, -1.785], [116.353, -1.779], [116.424, -1.785], [116.43, -1.864], [116.452, -1.923], [116.424, -2.053], [116.314, -2.14], [116.369, -2.158], [116.418, -2.187], [116.528, -2.208], [116.565, -2.3], [116.549, -2.411], [116.529, -2.511], [116.45, -2.538], [116.401, -2.52], [116.353, -2.522], [116.317, -2.552], [116.307, -2.603], [116.375, -2.578], [116.372, -2.707], [116.353, -2.833], [116.331, -2.902], [116.289, -2.959], [116.226, -2.977], [116.166, -2.935], [116.154, -2.984], [116.172, -3.025], [116.257, -3.126], [116.205, -3.149], [116.167, -3.183], [116.15, -3.233], [116.058, -3.348], [116.017, -3.433], [115.999, -3.523], [115.956, -3.595], [115.258, -3.907], [114.694, -4.17], [114.653, -4.152], [114.625, -4.112], [114.606, -3.703], [114.536, -3.494], [114.526, -3.377], [114.446, -3.482], [114.397, -3.471], [114.344, -3.444], [114.305, -3.41], [114.302, -3.365], [114.344, -3.235], [114.293, -3.306], [114.236, -3.361], [114.178, -3.354], [114.128, -3.327], [114.109, -3.285], [114.082, -3.279], [113.959, -3.394], [113.796, -3.456], [113.705, -3.455], [113.634, -3.42], [113.637, -3.332], [113.63, -3.246], [113.61, -3.196], [113.566, -3.178], [113.526, -3.184], [113.409, -3.229], [113.367, -3.224], [113.343, -3.246], [113.034, -2.933], [112.971, -3.187], [112.758, -3.322], [112.6, -3.4], [112.444, -3.371], [112.285, -3.321], [112.127, -3.381], [111.955, -3.53], [111.907, -3.553], [111.858, -3.552], [111.822, -3.533], [111.834, -3.42], [111.836, -3.308], [111.823, -3.057], [111.809, -3.008], [111.76, -2.939], [111.695, -2.889], [111.658, -2.926], [111.625, -2.975], [111.495, -2.973], [111.368, -2.934], [111.259, -2.956], [111.044, -3.056], [110.93, -3.071], [110.869, -3.049], [110.83, -2.995], [110.852, -2.946], [110.899, -2.909], [110.811, -2.938], [110.736, -2.989], [110.703, -3.021], [110.668, -3.005], [110.574, -2.891], [110.378, -2.934], [110.351, -2.947], [110.303, -2.985], [110.256, -2.966], [110.233, -2.925], [110.224, -2.689], [110.124, -2.234], [110.097, -2.001], [110.075, -1.946], [109.96, -1.863], [109.964, -1.743], [110.023, -1.643], [110.036, -1.526], [110.019, -1.399], [109.983, -1.275], [109.938, -1.181], [109.873, -1.101], [109.787, -1.011], [109.682, -0.944], [109.454, -0.869], [109.333, -0.875], [109.289, -0.846], [109.259, -0.807], [109.271, -0.732], [109.312, -0.68], [109.366, -0.667], [109.373, -0.638], [109.257, -0.577], [109.161, -0.495], [109.13, -0.445], [109.121, -0.391], [109.122, -0.265], [109.15, -0.186], [109.165, -0.142], [109.195, -0.009], [109.258, 0.031], [109.247, 0.056], [109.22, 0.074], [109.181, 0.117], [109.149, 0.168], [109.075, 0.253], [108.945, 0.356], [108.923, 0.533], [108.906, 0.794], [108.917, 0.913], [108.959, 1.135], [109.031, 1.204], [109.088, 1.224], [109.132, 1.254], [109.096, 1.258], [109.065, 1.247], [109.01, 1.24], [109.055, 1.438], [109.076, 1.496], [109.167, 1.607], [109.273, 1.705], [109.318, 1.821], [109.379, 1.923], [109.629, 2.028]]], [[[127.733, 0.848], [127.805, 0.826], [127.881, 0.832], [127.919, 0.877], [127.929, 0.935], [127.967, 1.043], [128.055, 1.116], [128.117, 1.127], [128.161, 1.158], [128.153, 1.238], [128.157, 1.317], [128.222, 1.401], [128.424, 1.518], [128.539, 1.559], [128.688, 1.573], [128.705, 1.528], [128.688, 1.464], [128.717, 1.367], [128.703, 1.106], [128.669, 1.069], [128.515, 0.979], [128.346, 0.907], [128.299, 0.877], [128.257, 0.805], [128.261, 0.734], [128.398, 0.639], [128.611, 0.55], [128.655, 0.508], [128.684, 0.438], [128.692, 0.36], [128.743, 0.323], [128.815, 0.305], [128.863, 0.268], [128.9, 0.216], [128.54, 0.338], [128.446, 0.392], [128.333, 0.398], [128.221, 0.414], [128.106, 0.461], [127.983, 0.472], [127.924, 0.438], [127.901, 0.372], [127.887, 0.298], [127.915, 0.206], [127.912, 0.151], [127.889, 0.05], [127.978, -0.248], [128.089, -0.485], [128.254, -0.732], [128.335, -0.816], [128.425, -0.893], [128.278, -0.87], [128.233, -0.788], [128.046, -0.706], [128.011, -0.657], [127.889, -0.424], [127.853, -0.38], [127.741, -0.3], [127.692, -0.242], [127.675, -0.163], [127.687, -0.08], [127.681, 0.035], [127.685, 0.149], [127.709, 0.288], [127.669, 0.337], [127.616, 0.383], [127.555, 0.49], [127.537, 0.611], [127.542, 0.681], [127.567, 0.743], [127.601, 0.796], [127.608, 0.848], [127.52, 0.924], [127.429, 1.14], [127.42, 1.252], [127.537, 1.467], [127.535, 1.572], [127.558, 1.634], [127.571, 1.7], [127.632, 1.844], [127.731, 1.966], [127.9, 2.137], [127.964, 2.175], [128.036, 2.199], [128.043, 2.157], [128.031, 2.12], [127.907, 1.946], [127.89, 1.906], [127.887, 1.833], [127.946, 1.79], [128.011, 1.701], [128.024, 1.583], [128.026, 1.458], [128.012, 1.332], [127.988, 1.29], [127.885, 1.163], [127.653, 1.014], [127.633, 0.977], [127.634, 0.936], [127.677, 0.887], [127.733, 0.848]]], [[[129.755, -2.866], [129.984, -2.977], [130.103, -2.993], [130.304, -2.979], [130.379, -2.989], [130.57, -3.131], [130.626, -3.228], [130.642, -3.312], [130.671, -3.392], [130.718, -3.411], [130.773, -3.419], [130.846, -3.533], [130.86, -3.57], [130.805, -3.858], [130.58, -3.749], [130.363, -3.625], [130.27, -3.579], [130.02, -3.475], [129.981, -3.439], [129.953, -3.392], [129.844, -3.327], [129.627, -3.317], [129.545, -3.319], [129.512, -3.329], [129.52, -3.363], [129.522, -3.434], [129.468, -3.453], [129.333, -3.409], [129.212, -3.393], [129.108, -3.349], [128.967, -3.326], [128.952, -3.304], [128.964, -3.272], [128.958, -3.241], [128.925, -3.229], [128.863, -3.235], [128.802, -3.266], [128.751, -3.3], [128.677, -3.397], [128.639, -3.433], [128.517, -3.449], [128.466, -3.44], [128.419, -3.416], [128.28, -3.241], [128.233, -3.203], [128.181, -3.172], [128.132, -3.157], [128.082, -3.184], [128.056, -3.239], [128.044, -3.303], [128.03, -3.341], [127.97, -3.444], [127.92, -3.506], [127.902, -3.496], [127.928, -3.397], [127.928, -3.341], [127.897, -3.282], [127.878, -3.222], [128.113, -2.935], [128.199, -2.866], [128.57, -2.842], [128.791, -2.857], [128.911, -2.85], [128.991, -2.829], [129.058, -2.838], [129.074, -2.895], [129.116, -2.937], [129.174, -2.933], [129.28, -2.889], [129.371, -2.821], [129.427, -2.791], [129.484, -2.786], [129.543, -2.79], [129.6, -2.806], [129.755, -2.866]]], [[[126.861, -3.088], [127.025, -3.166], [127.063, -3.217], [127.092, -3.278], [127.125, -3.311], [127.163, -3.338], [127.227, -3.391], [127.244, -3.471], [127.23, -3.633], [127.155, -3.647], [127.085, -3.671], [126.941, -3.765], [126.87, -3.783], [126.794, -3.789], [126.74, -3.814], [126.686, -3.824], [126.547, -3.772], [126.411, -3.711], [126.215, -3.605], [126.178, -3.579], [126.147, -3.523], [126.057, -3.421], [126.034, -3.356], [126.026, -3.171], [126.05, -3.128], [126.088, -3.105], [126.22, -3.148], [126.306, -3.103], [126.555, -3.065], [126.808, -3.069], [126.861, -3.088]]], [[[124.922, -8.942], [124.915, -9.032], [124.937, -9.053], [124.973, -9.064], [125.1, -9.004], [125.124, -9.015], [125.149, -9.043], [125.149, -9.123], [125.1, -9.19], [124.978, -9.195], [124.96, -9.214], [124.959, -9.255], [124.968, -9.294], [124.997, -9.326], [125.034, -9.382], [125.068, -9.512], [124.998, -9.565], [124.963, -9.666], [124.842, -9.76], [124.708, -9.914], [124.602, -9.993], [124.508, -10.086], [124.428, -10.149], [124.327, -10.17], [124.176, -10.183], [123.971, -10.295], [123.858, -10.344], [123.747, -10.347], [123.644, -10.311], [123.605, -10.27], [123.614, -10.215], [123.648, -10.168], [123.69, -10.129], [123.716, -10.079], [123.599, -10.015], [123.589, -9.967], [123.636, -9.838], [123.666, -9.705], [123.709, -9.615], [123.877, -9.453], [123.977, -9.373], [124.036, -9.342], [124.052, -9.375], [124.09, -9.416], [124.116, -9.423], [124.135, -9.414], [124.282, -9.428], [124.319, -9.414], [124.376, -9.35], [124.413, -9.314], [124.438, -9.239], [124.444, -9.19], [124.575, -9.155], [124.646, -9.117], [124.708, -9.062], [124.89, -8.968], [124.922, -8.942]]], [[[134.747, -5.707], [134.739, -5.746], [134.738, -5.817], [134.755, -5.883], [134.712, -5.95], [134.752, -6.05], [134.758, -6.1], [134.756, -6.171], [134.744, -6.202], [134.714, -6.295], [134.684, -6.328], [134.661, -6.337], [134.638, -6.365], [134.441, -6.335], [134.356, -6.271], [134.28, -6.201], [134.264, -6.172], [134.175, -6.09], [134.155, -6.063], [134.153, -6.02], [134.225, -6.008], [134.302, -6.01], [134.299, -5.971], [134.343, -5.833], [134.226, -5.744], [134.205, -5.707], [134.247, -5.682], [134.341, -5.713], [134.456, -5.558], [134.49, -5.525], [134.506, -5.438], [134.571, -5.427], [134.617, -5.439], [134.646, -5.492], [134.658, -5.539], [134.646, -5.581], [134.701, -5.603], [134.747, -5.707]]], [[[134.537, -6.442], [134.52, -6.513], [134.504, -6.591], [134.412, -6.68], [134.356, -6.815], [134.323, -6.849], [134.2, -6.909], [134.091, -6.834], [134.059, -6.769], [134.107, -6.472], [134.154, -6.481], [134.185, -6.479], [134.195, -6.46], [134.125, -6.426], [134.111, -6.255], [134.115, -6.191], [134.168, -6.176], [134.234, -6.226], [134.318, -6.316], [134.415, -6.387], [134.537, -6.442]]], [[[138.535, -8.274], [138.296, -8.405], [137.983, -8.382], [137.872, -8.38], [137.688, -8.412], [137.65, -8.386], [137.685, -8.262], [137.833, -7.932], [138.008, -7.642], [138.082, -7.566], [138.185, -7.495], [138.296, -7.438], [138.544, -7.38], [138.77, -7.39], [138.802, -7.415], [138.899, -7.512], [138.963, -7.588], [138.989, -7.696], [138.893, -7.882], [138.786, -8.059], [138.612, -8.198], [138.535, -8.274]]], [[[140.973, -2.61], [140.973, -2.614], [140.973, -2.681], [140.974, -2.803], [140.974, -3.007], [140.974, -3.21], [140.974, -3.413], [140.974, -3.617], [140.974, -3.82], [140.974, -4.023], [140.974, -4.226], [140.974, -4.43], [140.974, -4.633], [140.974, -4.836], [140.975, -5.04], [140.975, -5.243], [140.975, -5.446], [140.975, -5.65], [140.975, -5.853], [140.975, -6.056], [140.975, -6.259], [140.975, -6.346], [140.944, -6.452], [140.875, -6.612], [140.862, -6.74], [140.92, -6.84], [140.975, -6.905], [140.975, -7.073], [140.975, -7.276], [140.975, -7.479], [140.975, -7.683], [140.976, -7.886], [140.976, -8.089], [140.976, -8.292], [140.976, -8.496], [140.976, -8.699], [140.976, -8.902], [140.976, -9.106], [140.976, -9.119], [140.925, -9.085], [140.787, -8.974], [140.662, -8.847], [140.581, -8.728], [140.49, -8.62], [140.102, -8.301], [140.003, -8.196], [139.983, -8.167], [139.993, -8.139], [140.037, -8.084], [140.117, -7.924], [140.034, -8.023], [139.935, -8.101], [139.791, -8.106], [139.649, -8.125], [139.519, -8.173], [139.386, -8.189], [139.319, -8.166], [139.279, -8.107], [139.258, -8.047], [139.249, -7.982], [139.193, -8.086], [139.083, -8.143], [138.933, -8.262], [138.891, -8.238], [138.865, -8.192], [138.856, -8.145], [138.885, -8.095], [138.905, -8.041], [138.936, -7.913], [139.003, -7.838], [139.046, -7.691], [139.074, -7.639], [139.088, -7.587], [139.049, -7.528], [138.983, -7.508], [138.938, -7.472], [138.886, -7.373], [138.853, -7.34], [138.794, -7.299], [138.748, -7.251], [138.798, -7.216], [138.865, -7.201], [138.919, -7.204], [139.018, -7.226], [139.062, -7.227], [139.177, -7.19], [139.113, -7.202], [139.049, -7.201], [138.846, -7.136], [138.72, -7.07], [138.601, -6.937], [138.6, -6.911], [138.684, -6.887], [138.865, -6.858], [138.808, -6.79], [138.727, -6.731], [138.698, -6.626], [138.642, -6.56], [138.522, -6.454], [138.439, -6.343], [138.368, -6.119], [138.296, -5.949], [138.314, -5.888], [138.375, -5.844], [138.283, -5.839], [138.2, -5.807], [138.244, -5.724], [138.34, -5.676], [138.252, -5.688], [138.167, -5.712], [138.127, -5.717], [138.087, -5.709], [138.066, -5.676], [138.063, -5.629], [138.076, -5.546], [138.061, -5.465], [137.985, -5.428], [137.922, -5.37], [137.887, -5.349], [137.84, -5.35], [137.795, -5.312], [137.759, -5.256], [137.307, -5.014], [137.28, -4.945], [137.238, -4.976], [137.196, -4.99], [137.144, -4.951], [137.089, -4.924], [137.03, -4.929], [136.975, -4.907], [136.917, -4.895], [136.857, -4.893], [136.619, -4.819], [136.394, -4.701], [136.211, -4.651], [136.097, -4.585], [135.98, -4.531], [135.717, -4.478], [135.45, -4.443], [135.354, -4.442], [135.273, -4.453], [135.196, -4.451], [134.754, -4.195], [134.68, -4.079], [134.687, -4.011], [134.707, -3.955], [134.887, -3.938], [134.76, -3.922], [134.708, -3.93], [134.603, -3.976], [134.547, -3.979], [134.467, -3.949], [134.391, -3.91], [134.266, -3.946], [134.202, -3.887], [134.18, -3.825], [134.147, -3.797], [134.1, -3.8], [134.037, -3.822], [133.974, -3.818], [133.933, -3.776], [133.904, -3.72], [133.861, -3.68], [133.808, -3.65], [133.723, -3.578], [133.678, -3.479], [133.683, -3.309], [133.697, -3.248], [133.782, -3.149], [133.842, -3.055], [133.767, -3.044], [133.7, -3.087], [133.672, -3.132], [133.661, -3.186], [133.653, -3.364], [133.599, -3.416], [133.518, -3.412], [133.542, -3.516], [133.509, -3.616], [133.415, -3.732], [133.407, -3.785], [133.422, -3.843], [133.401, -3.899], [133.249, -4.062], [133.198, -4.07], [133.085, -4.069], [132.969, -4.095], [132.914, -4.057], [132.87, -4.007], [132.837, -3.949], [132.791, -3.828], [132.754, -3.704], [132.87, -3.551], [132.83, -3.413], [132.751, -3.295], [132.554, -3.131], [132.348, -2.975], [132.255, -2.943], [132.102, -2.93], [132.054, -2.915], [132.006, -2.856], [131.971, -2.789], [132.067, -2.76], [132.231, -2.68], [132.323, -2.684], [132.575, -2.727], [132.653, -2.766], [132.725, -2.789], [132.897, -2.658], [133.034, -2.487], [133.119, -2.45], [133.191, -2.438], [133.265, -2.454], [133.411, -2.514], [133.527, -2.542], [133.609, -2.547], [133.652, -2.601], [133.7, -2.625], [133.711, -2.544], [133.753, -2.451], [133.835, -2.422], [133.878, -2.415], [133.905, -2.391], [133.899, -2.304], [133.791, -2.294], [133.85, -2.22], [133.902, -2.184], [133.921, -2.147], [133.922, -2.102], [133.71, -2.189], [133.488, -2.226], [133.356, -2.216], [133.225, -2.214], [132.963, -2.273], [132.863, -2.27], [132.631, -2.247], [132.503, -2.218], [132.403, -2.24], [132.308, -2.242], [132.207, -2.176], [132.122, -2.092], [132.08, -2.033], [132.023, -1.99], [131.998, -1.933], [131.936, -1.715], [131.93, -1.56], [131.83, -1.557], [131.731, -1.541], [131.294, -1.393], [131.241, -1.43], [131.179, -1.448], [131.118, -1.455], [131.057, -1.448], [130.996, -1.425], [131.001, -1.384], [131.046, -1.284], [131.091, -1.247], [131.152, -1.219], [131.191, -1.166], [131.254, -1.007], [131.259, -0.953], [131.252, -0.897], [131.257, -0.855], [131.296, -0.834], [131.462, -0.782], [131.804, -0.704], [131.891, -0.657], [131.962, -0.582], [132.046, -0.537], [132.084, -0.491], [132.128, -0.454], [132.394, -0.355], [132.508, -0.347], [132.625, -0.359], [132.856, -0.417], [133.077, -0.512], [133.268, -0.636], [133.473, -0.726], [133.724, -0.741], [133.85, -0.731], [133.975, -0.744], [134.025, -0.77], [134.112, -0.847], [134.087, -0.897], [134.072, -1.002], [134.116, -1.102], [134.188, -1.203], [134.247, -1.311], [134.26, -1.363], [134.237, -1.474], [134.217, -1.529], [134.145, -1.621], [134.106, -1.721], [134.131, -1.845], [134.145, -1.969], [134.143, -2.083], [134.156, -2.195], [134.195, -2.309], [134.362, -2.621], [134.46, -2.832], [134.491, -2.714], [134.483, -2.583], [134.518, -2.536], [134.567, -2.51], [134.627, -2.537], [134.645, -2.59], [134.649, -2.706], [134.702, -2.934], [134.77, -2.944], [134.843, -2.909], [134.855, -2.979], [134.853, -3.108], [134.887, -3.21], [134.917, -3.25], [135.037, -3.333], [135.092, -3.349], [135.252, -3.369], [135.372, -3.375], [135.487, -3.345], [135.561, -3.269], [135.628, -3.186], [135.859, -2.995], [135.926, -2.904], [135.991, -2.764], [136.013, -2.734], [136.243, -2.583], [136.27, -2.529], [136.303, -2.426], [136.352, -2.325], [136.39, -2.273], [136.612, -2.224], [136.843, -2.198], [137.072, -2.105], [137.171, -2.025], [137.176, -1.973], [137.125, -1.881], [137.123, -1.841], [137.176, -1.802], [137.381, -1.686], [137.617, -1.566], [137.806, -1.483], [137.911, -1.484], [138.008, -1.557], [138.111, -1.616], [138.65, -1.791], [138.736, -1.846], [138.811, -1.918], [138.919, -1.968], [139.039, -1.992], [139.149, -2.039], [139.253, -2.099], [139.482, -2.212], [139.79, -2.348], [139.868, -2.356], [140.155, -2.35], [140.204, -2.376], [140.251, -2.412], [140.295, -2.42], [140.623, -2.446], [140.673, -2.472], [140.721, -2.508], [140.747, -2.607], [140.973, -2.61]]], [[[138.895, -8.389], [138.846, -8.402], [138.594, -8.371], [138.567, -8.33], [138.563, -8.309], [138.621, -8.268], [138.677, -8.199], [138.763, -8.173], [138.796, -8.174], [138.898, -8.338], [138.895, -8.389]]], [[[101.708, 2.078], [101.762, 1.997], [101.774, 1.943], [101.734, 1.883], [101.719, 1.789], [101.603, 1.716], [101.501, 1.733], [101.468, 1.759], [101.403, 1.901], [101.41, 2.022], [101.45, 2.068], [101.545, 2.061], [101.641, 2.127], [101.708, 2.078]]], [[[102.427, 0.99], [102.381, 0.96], [102.325, 1.007], [102.28, 1.076], [102.255, 1.147], [102.234, 1.264], [102.229, 1.348], [102.256, 1.397], [102.276, 1.395], [102.359, 1.346], [102.413, 1.261], [102.443, 1.234], [102.449, 1.156], [102.429, 1.067], [102.427, 0.99]]], [[[102.492, 1.459], [102.499, 1.331], [102.425, 1.364], [102.367, 1.415], [102.274, 1.453], [102.161, 1.465], [102.079, 1.499], [102.021, 1.558], [102.018, 1.586], [102.024, 1.608], [102.042, 1.625], [102.47, 1.51], [102.492, 1.459]]], [[[103.028, 0.747], [103.009, 0.708], [102.971, 0.737], [102.776, 0.78], [102.711, 0.784], [102.542, 0.832], [102.49, 0.857], [102.454, 0.89], [102.466, 0.95], [102.491, 0.987], [102.507, 1.089], [102.549, 1.13], [102.633, 1.054], [102.726, 0.989], [102.78, 0.959], [102.944, 0.893], [103.002, 0.859], [103.028, 0.747]]], [[[103.166, 0.87], [103.137, 0.842], [103.087, 0.848], [103.033, 0.882], [102.964, 0.943], [102.886, 0.997], [102.788, 1.031], [102.726, 1.041], [102.702, 1.054], [102.726, 1.159], [102.79, 1.165], [102.999, 1.068], [103.068, 1.015], [103.166, 0.87]]], [[[103.284, 0.542], [103.172, 0.536], [103.14, 0.549], [103.153, 0.643], [103.187, 0.7], [103.238, 0.699], [103.295, 0.614], [103.284, 0.542]]], [[[103.45, 0.664], [103.43, 0.651], [103.344, 0.778], [103.366, 0.851], [103.386, 0.87], [103.433, 0.825], [103.47, 0.778], [103.497, 0.723], [103.45, 0.664]]], [[[104.025, 1.181], [104.088, 1.137], [104.14, 1.166], [104.138, 1.128], [104.127, 1.092], [104.066, 0.99], [103.964, 1.013], [103.94, 1.046], [103.932, 1.071], [103.947, 1.087], [103.955, 1.137], [104.0, 1.137], [104.025, 1.181]]], [[[104.585, 1.216], [104.591, 1.141], [104.648, 1.105], [104.663, 1.05], [104.653, 0.961], [104.599, 0.859], [104.575, 0.832], [104.504, 0.853], [104.481, 0.887], [104.471, 0.913], [104.481, 0.933], [104.429, 0.956], [104.462, 0.996], [104.439, 1.05], [104.294, 1.016], [104.252, 1.015], [104.244, 1.077], [104.25, 1.103], [104.362, 1.181], [104.428, 1.196], [104.5, 1.18], [104.585, 1.216]]], [[[104.779, -0.176], [104.808, -0.192], [104.843, -0.141], [104.909, -0.212], [104.95, -0.247], [105.005, -0.283], [104.951, -0.284], [104.929, -0.317], [104.914, -0.323], [104.702, -0.209], [104.567, -0.246], [104.474, -0.212], [104.447, -0.189], [104.497, -0.126], [104.543, 0.018], [104.636, -0.018], [104.658, -0.063], [104.653, -0.076], [104.713, -0.103], [104.779, -0.176]]], [[[104.474, -0.335], [104.568, -0.432], [104.59, -0.467], [104.544, -0.521], [104.507, -0.597], [104.485, -0.613], [104.414, -0.584], [104.363, -0.659], [104.33, -0.539], [104.257, -0.463], [104.302, -0.386], [104.319, -0.38], [104.341, -0.383], [104.364, -0.403], [104.474, -0.335]]], [[[103.737, -0.348], [103.606, -0.383], [103.461, -0.358], [103.479, -0.297], [103.549, -0.228], [103.611, -0.231], [103.724, -0.277], [103.764, -0.318], [103.737, -0.348]]], [[[109.71, -1.181], [109.511, -1.283], [109.464, -1.278], [109.428, -1.241], [109.45, -1.044], [109.476, -0.985], [109.615, -0.979], [109.7, -1.007], [109.743, -1.039], [109.761, -1.105], [109.751, -1.145], [109.71, -1.181]]], [[[113.845, -7.105], [113.826, -7.12], [113.656, -7.112], [113.546, -7.193], [113.471, -7.218], [113.198, -7.218], [113.166, -7.207], [113.142, -7.208], [113.127, -7.224], [113.04, -7.212], [112.764, -7.14], [112.726, -7.073], [112.769, -7.001], [112.868, -6.9], [113.067, -6.88], [113.975, -6.873], [114.074, -6.96], [114.083, -6.989], [113.885, -7.049], [113.845, -7.105]]], [[[134.965, -1.116], [134.917, -1.134], [134.862, -1.114], [134.809, -1.038], [134.828, -0.979], [134.889, -0.938], [134.941, -0.979], [134.957, -1.031], [134.996, -1.034], [134.965, -1.116]]], [[[127.25, -0.495], [127.187, -0.521], [127.119, -0.521], [127.104, -0.414], [127.126, -0.279], [127.19, -0.256], [127.29, -0.284], [127.253, -0.319], [127.281, -0.391], [127.25, -0.495]]], [[[127.567, -0.319], [127.682, -0.468], [127.605, -0.61], [127.659, -0.689], [127.804, -0.694], [127.838, -0.724], [127.863, -0.76], [127.88, -0.809], [127.842, -0.848], [127.761, -0.884], [127.668, -0.832], [127.643, -0.784], [127.624, -0.766], [127.498, -0.802], [127.463, -0.806], [127.438, -0.739], [127.469, -0.643], [127.381, -0.6], [127.3, -0.5], [127.297, -0.46], [127.329, -0.391], [127.325, -0.336], [127.371, -0.332], [127.455, -0.406], [127.492, -0.336], [127.527, -0.307], [127.567, -0.319]]], [[[132.926, -5.902], [132.845, -5.988], [132.922, -5.785], [132.938, -5.683], [133.009, -5.621], [133.115, -5.311], [133.138, -5.318], [133.173, -5.348], [133.12, -5.576], [132.971, -5.736], [132.926, -5.902]]], [[[132.807, -5.851], [132.746, -5.947], [132.705, -5.913], [132.681, -5.913], [132.667, -5.856], [132.681, -5.739], [132.63, -5.607], [132.698, -5.609], [132.717, -5.648], [132.738, -5.662], [132.804, -5.789], [132.807, -5.851]]], [[[128.276, -3.675], [128.25, -3.711], [128.192, -3.735], [128.143, -3.733], [128.159, -3.698], [128.147, -3.677], [128.111, -3.686], [128.052, -3.715], [127.978, -3.771], [127.934, -3.743], [127.925, -3.699], [127.928, -3.679], [128.016, -3.601], [128.119, -3.587], [128.264, -3.512], [128.329, -3.516], [128.314, -3.564], [128.291, -3.598], [128.277, -3.633], [128.276, -3.675]]], [[[126.817, 4.033], [126.776, 4.013], [126.711, 4.02], [126.704, 4.071], [126.77, 4.162], [126.814, 4.258], [126.767, 4.283], [126.722, 4.344], [126.721, 4.416], [126.757, 4.548], [126.812, 4.537], [126.865, 4.48], [126.887, 4.373], [126.921, 4.291], [126.848, 4.18], [126.817, 4.033]]], [[[125.658, 3.436], [125.633, 3.405], [125.512, 3.461], [125.518, 3.55], [125.501, 3.593], [125.469, 3.639], [125.455, 3.684], [125.469, 3.733], [125.543, 3.67], [125.586, 3.571], [125.644, 3.477], [125.658, 3.436]]], [[[130.862, -8.319], [130.775, -8.35], [130.833, -8.271], [131.02, -8.091], [131.087, -8.125], [131.176, -8.131], [131.044, -8.212], [130.908, -8.246], [130.862, -8.319]]], [[[129.839, -7.955], [129.78, -8.046], [129.713, -8.041], [129.592, -7.917], [129.599, -7.831], [129.609, -7.803], [129.655, -7.795], [129.813, -7.82], [129.844, -7.889], [129.839, -7.955]]], [[[127.823, -8.099], [127.998, -8.139], [128.099, -8.135], [128.119, -8.171], [128.024, -8.255], [127.821, -8.19], [127.786, -8.12], [127.823, -8.099]]], [[[130.353, -1.691], [130.365, -1.75], [130.425, -1.805], [130.404, -1.89], [130.381, -1.903], [130.393, -1.942], [130.419, -1.971], [130.373, -1.992], [130.339, -1.982], [130.284, -2.009], [130.248, -2.048], [130.133, -2.064], [130.093, -2.028], [129.887, -1.986], [129.754, -1.894], [129.738, -1.867], [129.994, -1.759], [130.106, -1.73], [130.2, -1.732], [130.318, -1.692], [130.353, -1.691]]], [[[102.367, -5.479], [102.286, -5.483], [102.136, -5.361], [102.111, -5.323], [102.154, -5.286], [102.198, -5.289], [102.372, -5.366], [102.405, -5.405], [102.367, -5.479]]], [[[100.425, -3.183], [100.465, -3.329], [100.346, -3.229], [100.348, -3.159], [100.332, -3.113], [100.26, -3.057], [100.204, -2.987], [100.179, -2.82], [100.199, -2.786], [100.246, -2.783], [100.455, -3.002], [100.469, -3.039], [100.464, -3.117], [100.434, -3.141], [100.425, -3.183]]], [[[100.204, -2.741], [100.133, -2.821], [100.015, -2.82], [99.992, -2.77], [99.997, -2.649], [99.968, -2.61], [99.969, -2.594], [99.988, -2.525], [100.012, -2.51], [100.202, -2.68], [100.204, -2.741]]], [[[99.843, -2.343], [99.848, -2.37], [99.685, -2.282], [99.607, -2.258], [99.537, -2.162], [99.559, -2.115], [99.562, -2.051], [99.572, -2.026], [99.622, -2.017], [99.686, -2.063], [99.735, -2.178], [99.816, -2.284], [99.843, -2.343]]], [[[98.459, -0.53], [98.4, -0.577], [98.31, -0.532], [98.34, -0.468], [98.355, -0.379], [98.409, -0.309], [98.427, -0.226], [98.323, -0.001], [98.375, 0.007], [98.415, -0.018], [98.484, -0.168], [98.544, -0.258], [98.52, -0.38], [98.459, -0.53]]], [[[96.464, 2.36], [96.401, 2.351], [96.341, 2.372], [96.29, 2.43], [96.022, 2.596], [95.938, 2.598], [95.88, 2.641], [95.809, 2.656], [95.733, 2.767], [95.717, 2.826], [95.772, 2.855], [95.806, 2.916], [95.896, 2.889], [95.998, 2.781], [96.102, 2.741], [96.13, 2.721], [96.18, 2.661], [96.417, 2.515], [96.443, 2.466], [96.459, 2.416], [96.464, 2.36]]], [[[122.043, -5.438], [121.98, -5.465], [121.859, -5.35], [121.808, -5.256], [121.821, -5.203], [121.857, -5.156], [121.874, -5.145], [121.866, -5.096], [121.914, -5.072], [121.966, -5.076], [122.0, -5.141], [122.041, -5.159], [122.062, -5.221], [122.043, -5.438]]], [[[123.212, -1.171], [123.234, -1.234], [123.198, -1.288], [123.238, -1.389], [123.339, -1.254], [123.435, -1.237], [123.489, -1.259], [123.527, -1.286], [123.547, -1.337], [123.512, -1.447], [123.449, -1.499], [123.367, -1.507], [123.329, -1.443], [123.275, -1.437], [123.237, -1.577], [123.221, -1.598], [123.173, -1.616], [123.13, -1.577], [123.123, -1.556], [123.183, -1.493], [123.15, -1.304], [123.105, -1.34], [122.984, -1.511], [122.89, -1.587], [122.858, -1.548], [122.811, -1.432], [122.832, -1.283], [122.908, -1.182], [122.972, -1.189], [123.158, -1.158], [123.212, -1.171]]], [[[121.864, -0.407], [121.907, -0.451], [121.881, -0.503], [121.847, -0.49], [121.756, -0.491], [121.722, -0.495], [121.681, -0.525], [121.655, -0.526], [121.672, -0.479], [121.749, -0.407], [121.797, -0.418], [121.864, -0.407]]], [[[120.528, -6.298], [120.487, -6.465], [120.468, -6.406], [120.461, -6.254], [120.436, -6.18], [120.452, -6.095], [120.446, -5.876], [120.477, -5.775], [120.534, -5.904], [120.549, -5.969], [120.528, -6.298]]], [[[115.377, -6.971], [115.296, -6.988], [115.22, -6.953], [115.222, -6.905], [115.241, -6.861], [115.354, -6.838], [115.414, -6.84], [115.479, -6.87], [115.524, -6.902], [115.546, -6.939], [115.424, -6.941], [115.377, -6.971]]], [[[116.303, -3.868], [116.093, -4.054], [116.059, -4.007], [116.077, -3.817], [116.018, -3.7], [116.022, -3.612], [116.064, -3.458], [116.117, -3.34], [116.239, -3.26], [116.27, -3.251], [116.262, -3.395], [116.287, -3.449], [116.295, -3.495], [116.282, -3.535], [116.305, -3.719], [116.319, -3.763], [116.289, -3.821], [116.303, -3.868]]], [[[122.949, -10.909], [122.856, -10.91], [122.826, -10.899], [122.818, -10.811], [122.846, -10.762], [123.061, -10.698], [123.146, -10.64], [123.265, -10.518], [123.34, -10.486], [123.358, -10.472], [123.371, -10.475], [123.383, -10.568], [123.413, -10.623], [123.418, -10.651], [123.311, -10.698], [123.215, -10.806], [123.005, -10.876], [122.949, -10.909]]], [[[124.287, -8.329], [124.226, -8.391], [124.184, -8.499], [124.147, -8.531], [124.066, -8.552], [124.017, -8.444], [123.928, -8.449], [123.971, -8.354], [124.014, -8.319], [124.069, -8.318], [124.096, -8.356], [124.111, -8.364], [124.24, -8.203], [124.266, -8.202], [124.287, -8.209], [124.304, -8.229], [124.287, -8.329]]], [[[123.925, -8.272], [123.784, -8.3], [123.698, -8.424], [123.629, -8.422], [123.592, -8.478], [123.583, -8.502], [123.588, -8.524], [123.58, -8.545], [123.553, -8.567], [123.489, -8.532], [123.434, -8.576], [123.411, -8.587], [123.33, -8.536], [123.253, -8.539], [123.23, -8.531], [123.325, -8.439], [123.455, -8.354], [123.476, -8.322], [123.425, -8.313], [123.395, -8.301], [123.391, -8.28], [123.473, -8.267], [123.53, -8.265], [123.573, -8.292], [123.601, -8.291], [123.776, -8.19], [123.846, -8.213], [123.896, -8.239], [123.925, -8.272]]], [[[123.317, -8.355], [123.297, -8.399], [123.025, -8.396], [123.033, -8.338], [123.108, -8.275], [123.133, -8.254], [123.217, -8.235], [123.336, -8.269], [123.317, -8.355]]], [[[134.716, -6.549], [134.661, -6.559], [134.634, -6.477], [134.679, -6.456], [134.729, -6.506], [134.716, -6.549]]], [[[103.424, 1.048], [103.43, 0.993], [103.363, 1.007], [103.315, 1.071], [103.355, 1.117], [103.38, 1.134], [103.405, 1.073], [103.424, 1.048]]], [[[103.829, 0.801], [103.834, 0.772], [103.742, 0.83], [103.74, 0.872], [103.752, 0.891], [103.807, 0.846], [103.829, 0.801]]], [[[104.239, 0.834], [104.177, 0.805], [104.098, 0.896], [104.101, 0.917], [104.108, 0.934], [104.123, 0.944], [104.171, 0.897], [104.227, 0.88], [104.239, 0.834]]], [[[104.689, 0.06], [104.698, 0.035], [104.651, 0.063], [104.622, 0.08], [104.604, 0.095], [104.499, 0.232], [104.544, 0.223], [104.66, 0.103], [104.689, 0.06]]], [[[106.285, 3.157], [106.284, 3.088], [106.215, 3.129], [106.201, 3.205], [106.224, 3.23], [106.271, 3.216], [106.285, 3.157]]], [[[105.76, 2.863], [105.719, 2.859], [105.706, 2.889], [105.708, 2.94], [105.704, 2.981], [105.692, 3.011], [105.692, 3.062], [105.731, 3.037], [105.76, 3.013], [105.795, 2.996], [105.822, 2.984], [105.837, 2.977], [105.809, 2.904], [105.76, 2.863]]], [[[108.888, 2.905], [108.839, 2.853], [108.787, 2.886], [108.867, 2.992], [108.886, 2.999], [108.888, 2.905]]], [[[108.953, -1.62], [108.838, -1.662], [108.804, -1.568], [108.877, -1.54], [108.957, -1.564], [108.953, -1.62]]], [[[107.473, -2.9], [107.433, -2.925], [107.409, -2.901], [107.402, -2.873], [107.419, -2.838], [107.474, -2.835], [107.5, -2.845], [107.473, -2.9]]], [[[106.886, -3.005], [106.87, -3.025], [106.814, -3.014], [106.774, -2.987], [106.749, -2.96], [106.743, -2.933], [106.797, -2.899], [106.911, -2.934], [106.886, -3.005]]], [[[114.413, -7.133], [114.398, -7.173], [114.347, -7.163], [114.299, -7.098], [114.322, -7.08], [114.349, -7.073], [114.384, -7.081], [114.413, -7.133]]], [[[112.719, -5.811], [112.698, -5.846], [112.602, -5.844], [112.586, -5.804], [112.649, -5.731], [112.69, -5.726], [112.727, -5.753], [112.719, -5.811]]], [[[105.253, -6.64], [105.19, -6.662], [105.143, -6.643], [105.121, -6.615], [105.192, -6.546], [105.226, -6.529], [105.261, -6.524], [105.277, -6.561], [105.253, -6.64]]], [[[97.334, 2.076], [97.328, 2.053], [97.225, 2.158], [97.108, 2.217], [97.157, 2.232], [97.253, 2.216], [97.291, 2.201], [97.329, 2.149], [97.334, 2.076]]], [[[95.362, 5.812], [95.343, 5.784], [95.283, 5.799], [95.218, 5.89], [95.242, 5.907], [95.283, 5.898], [95.359, 5.877], [95.366, 5.843], [95.362, 5.812]]], [[[123.598, -1.704], [123.529, -1.711], [123.483, -1.681], [123.487, -1.535], [123.529, -1.503], [123.549, -1.508], [123.561, -1.552], [123.582, -1.591], [123.616, -1.627], [123.598, -1.704]]], [[[123.242, -4.113], [123.145, -4.233], [123.076, -4.227], [122.995, -4.148], [122.971, -4.061], [122.969, -4.03], [123.025, -3.981], [123.212, -3.998], [123.247, -4.041], [123.242, -4.113]]], [[[123.848, -1.955], [123.866, -1.996], [123.804, -1.994], [123.777, -1.919], [123.783, -1.878], [123.848, -1.955]]], [[[123.153, -1.817], [123.079, -1.899], [123.071, -1.855], [123.086, -1.815], [123.106, -1.787], [123.138, -1.773], [123.153, -1.817]]], [[[119.464, -8.741], [119.425, -8.75], [119.386, -8.736], [119.402, -8.647], [119.379, -8.587], [119.42, -8.539], [119.43, -8.455], [119.446, -8.429], [119.471, -8.456], [119.482, -8.473], [119.502, -8.481], [119.547, -8.483], [119.557, -8.519], [119.555, -8.553], [119.536, -8.589], [119.483, -8.628], [119.444, -8.672], [119.464, -8.741]]], [[[119.074, -8.239], [119.03, -8.24], [119.021, -8.2], [119.037, -8.158], [119.079, -8.14], [119.098, -8.139], [119.128, -8.177], [119.135, -8.197], [119.107, -8.223], [119.074, -8.239]]], [[[115.61, -8.77], [115.582, -8.804], [115.501, -8.743], [115.48, -8.715], [115.541, -8.675], [115.561, -8.67], [115.613, -8.713], [115.61, -8.77]]], [[[117.649, 4.169], [117.745, 4.167], [117.885, 4.186], [117.918, 4.091], [117.923, 4.054], [117.737, 4.004], [117.625, 4.121], [117.649, 4.169]]], [[[117.658, 3.281], [117.646, 3.248], [117.56, 3.328], [117.537, 3.386], [117.548, 3.432], [117.637, 3.436], [117.681, 3.408], [117.658, 3.281]]], [[[124.051, -5.974], [124.042, -6.022], [124.006, -5.967], [123.972, -5.939], [123.976, -5.88], [124.023, -5.902], [124.051, -5.974]]], [[[123.627, -5.272], [123.623, -5.373], [123.583, -5.367], [123.55, -5.332], [123.541, -5.298], [123.543, -5.271], [123.561, -5.25], [123.627, -5.272]]], [[[120.774, -7.119], [120.672, -7.125], [120.641, -7.116], [120.633, -7.018], [120.746, -7.06], [120.782, -7.063], [120.774, -7.119]]], [[[117.556, -8.367], [117.534, -8.368], [117.49, -8.349], [117.506, -8.307], [117.482, -8.239], [117.491, -8.183], [117.546, -8.152], [117.665, -8.148], [117.669, -8.189], [117.556, -8.367]]], [[[116.424, -3.464], [116.388, -3.637], [116.327, -3.539], [116.395, -3.423], [116.427, -3.4], [116.424, -3.464]]], [[[127.373, 0.791], [127.338, 0.758], [127.306, 0.769], [127.286, 0.812], [127.293, 0.842], [127.32, 0.862], [127.354, 0.847], [127.373, 0.791]]], [[[134.374, -2.124], [134.345, -2.139], [134.335, -2.095], [134.351, -2.037], [134.37, -2.028], [134.391, -2.031], [134.419, -2.052], [134.374, -2.124]]], [[[133.571, -4.246], [133.622, -4.299], [133.503, -4.257], [133.333, -4.17], [133.321, -4.111], [133.464, -4.2], [133.571, -4.246]]], [[[130.905, -0.777], [130.88, -0.828], [130.832, -0.863], [130.402, -0.924], [130.439, -0.887], [130.457, -0.851], [130.484, -0.833], [130.527, -0.837], [130.548, -0.826], [130.57, -0.822], [130.594, -0.827], [130.635, -0.812], [130.723, -0.822], [130.813, -0.814], [130.807, -0.765], [130.905, -0.777]]], [[[130.627, -0.529], [130.569, -0.53], [130.465, -0.487], [130.526, -0.449], [130.564, -0.441], [130.597, -0.418], [130.616, -0.417], [130.657, -0.437], [130.684, -0.469], [130.627, -0.529]]], [[[129.549, -0.187], [129.506, -0.19], [129.469, -0.131], [129.37, -0.066], [129.309, 0.045], [129.542, -0.139], [129.549, -0.187]]], [[[127.453, -0.006], [127.449, -0.037], [127.418, 0.006], [127.397, 0.017], [127.42, 0.124], [127.431, 0.143], [127.449, 0.069], [127.453, -0.006]]], [[[127.42, 0.642], [127.384, 0.631], [127.374, 0.635], [127.363, 0.675], [127.383, 0.744], [127.425, 0.744], [127.443, 0.733], [127.446, 0.683], [127.42, 0.642]]], [[[127.3, -0.781], [127.289, -0.802], [127.185, -0.775], [127.156, -0.761], [127.209, -0.619], [127.258, -0.623], [127.301, -0.758], [127.3, -0.781]]], [[[128.722, -3.547], [128.72, -3.589], [128.713, -3.603], [128.659, -3.588], [128.62, -3.589], [128.585, -3.512], [128.595, -3.495], [128.667, -3.517], [128.694, -3.525], [128.722, -3.547]]], [[[128.563, -3.585], [128.392, -3.638], [128.428, -3.54], [128.452, -3.515], [128.536, -3.541], [128.563, -3.585]]], [[[126.719, 3.875], [126.722, 3.833], [126.661, 3.928], [126.638, 4.042], [126.686, 4.001], [126.74, 3.918], [126.719, 3.875]]], [[[126.852, 3.768], [126.836, 3.757], [126.8, 3.784], [126.778, 3.813], [126.779, 3.843], [126.804, 3.858], [126.857, 3.812], [126.858, 3.787], [126.852, 3.768]]], [[[125.407, 2.652], [125.397, 2.63], [125.36, 2.747], [125.391, 2.805], [125.435, 2.784], [125.446, 2.763], [125.404, 2.707], [125.407, 2.652]]], [[[131.982, -7.202], [131.97, -7.251], [131.927, -7.225], [131.884, -7.167], [131.823, -7.159], [131.778, -7.144], [131.751, -7.117], [131.922, -7.104], [131.982, -7.202]]], [[[128.67, -7.183], [128.625, -7.209], [128.55, -7.156], [128.53, -7.135], [128.577, -7.083], [128.628, -7.069], [128.658, -7.091], [128.673, -7.113], [128.667, -7.138], [128.67, -7.183]]], [[[127.419, -7.623], [127.355, -7.646], [127.375, -7.572], [127.371, -7.513], [127.475, -7.531], [127.474, -7.579], [127.464, -7.597], [127.419, -7.623]]], [[[123.416, -10.303], [123.326, -10.338], [123.326, -10.264], [123.395, -10.171], [123.459, -10.14], [123.494, -10.177], [123.497, -10.194], [123.405, -10.227], [123.416, -10.303]]], [[[121.883, -10.59], [121.833, -10.602], [121.726, -10.573], [121.705, -10.556], [121.796, -10.507], [121.867, -10.439], [121.95, -10.433], [121.998, -10.447], [121.981, -10.528], [121.883, -10.59]]], [[[134.82, -6.434], [134.795, -6.442], [134.795, -6.393], [134.823, -6.35], [134.852, -6.325], [134.886, -6.324], [134.82, -6.434]]], [[[134.674, -6.75], [134.657, -6.765], [134.631, -6.733], [134.629, -6.713], [134.663, -6.658], [134.698, -6.626], [134.736, -6.623], [134.726, -6.669], [134.674, -6.75]]], [[[127.988, -2.937], [127.938, -3.02], [127.85, -3.016], [127.834, -3.004], [127.938, -2.952], [127.988, -2.937]]], [[[127.606, -3.315], [127.629, -3.359], [127.531, -3.331], [127.488, -3.288], [127.53, -3.262], [127.554, -3.254], [127.606, -3.315]]], [[[122.977, -8.545], [122.946, -8.604], [122.888, -8.587], [122.904, -8.531], [122.933, -8.497], [123.011, -8.448], [123.089, -8.44], [123.138, -8.457], [123.153, -8.476], [123.03, -8.495], [122.977, -8.545]]]]}}, {"type": "Feature", "properties": {"ISO_A2": "GE", "ISO_A3": "GEO", "NAME": "Georgia", "fillColor": "#E8112D"}, "geometry": {"type": "Polygon", "coordinates": [[[43.439, 41.107], [43.442, 41.126], [43.433, 41.156], [43.402, 41.177], [43.359, 41.19], [43.279, 41.185], [43.205, 41.199], [43.153, 41.236], [43.141, 41.265], [43.171, 41.288], [43.149, 41.307], [43.057, 41.353], [42.907, 41.467], [42.822, 41.492], [42.788, 41.564], [42.754, 41.579], [42.682, 41.586], [42.607, 41.579], [42.59, 41.571], [42.567, 41.559], [42.508, 41.47], [42.466, 41.44], [42.364, 41.454], [42.28, 41.475], [42.211, 41.487], [42.078, 41.494], [41.926, 41.496], [41.824, 41.432], [41.779, 41.441], [41.702, 41.472], [41.577, 41.497], [41.51, 41.517], [41.702, 41.705], [41.759, 41.817], [41.761, 41.885], [41.763, 41.97], [41.663, 42.147], [41.578, 42.398], [41.489, 42.659], [41.419, 42.738], [41.129, 42.828], [41.062, 42.931], [40.837, 43.063], [40.524, 43.121], [40.462, 43.146], [40.191, 43.312], [39.978, 43.42], [40.024, 43.485], [40.085, 43.553], [40.15, 43.57], [40.342, 43.543], [40.519, 43.512], [40.648, 43.534], [40.802, 43.48], [40.942, 43.418], [41.083, 43.374], [41.358, 43.333], [41.461, 43.276], [41.581, 43.219], [42.05, 43.19], [42.088, 43.199], [42.122, 43.207], [42.28, 43.228], [42.419, 43.224], [42.566, 43.155], [42.66, 43.159], [42.761, 43.17], [42.89, 43.133], [42.992, 43.092], [43.0, 43.05], [43.089, 42.989], [43.348, 42.897], [43.558, 42.844], [43.623, 42.808], [43.783, 42.747], [43.799, 42.728], [43.795, 42.703], [43.75, 42.658], [43.738, 42.617], [43.76, 42.594], [43.826, 42.572], [43.957, 42.567], [44.005, 42.596], [44.103, 42.616], [44.2, 42.654], [44.329, 42.704], [44.506, 42.749], [44.576, 42.748], [44.644, 42.735], [44.692, 42.71], [44.771, 42.617], [44.85, 42.747], [44.871, 42.756], [44.943, 42.73], [45.072, 42.694], [45.16, 42.675], [45.208, 42.648], [45.344, 42.53], [45.563, 42.536], [45.656, 42.518], [45.705, 42.498], [45.728, 42.475], [45.688, 42.357], [45.634, 42.235], [45.639, 42.205], [45.727, 42.159], [45.846, 42.11], [45.91, 42.071], [45.954, 42.035], [46.048, 42.009], [46.16, 41.992], [46.213, 41.99], [46.268, 41.96], [46.412, 41.905], [46.43, 41.891], [46.405, 41.855], [46.348, 41.79], [46.303, 41.757], [46.252, 41.752], [46.202, 41.737], [46.184, 41.702], [46.182, 41.657], [46.191, 41.625], [46.204, 41.613], [46.255, 41.602], [46.305, 41.508], [46.385, 41.46], [46.509, 41.406], [46.619, 41.344], [46.673, 41.287], [46.662, 41.246], [46.626, 41.16], [46.534, 41.089], [46.458, 41.07], [46.431, 41.077], [46.381, 41.099], [46.28, 41.154], [46.171, 41.198], [46.087, 41.184], [46.031, 41.167], [45.922, 41.187], [45.793, 41.224], [45.725, 41.262], [45.696, 41.289], [45.716, 41.338], [45.422, 41.425], [45.281, 41.45], [45.217, 41.423], [45.001, 41.291], [44.976, 41.277], [44.811, 41.259], [44.811, 41.249], [44.849, 41.22], [44.841, 41.211], [44.565, 41.208], [44.473, 41.191], [44.227, 41.213], [44.146, 41.203], [44.077, 41.183], [43.909, 41.159], [43.793, 41.131], [43.645, 41.117], [43.492, 41.116], [43.439, 41.107]]]}}, {"type": "Feature", "properties": {"ISO_A2": "QA", "ISO_A3": "QAT", "NAME": "Qatar", "fillColor": "#8A1538"}, "geometry": {"type": "Polygon", "coordinates": [[[51.268, 24.607], [51.178, 24.587], [51.093, 24.565], [51.023, 24.565], [50.966, 24.574], [50.928, 24.595], [50.856, 24.68], [50.804, 24.789], [50.836, 24.85], [50.847, 24.889], [50.777, 25.177], [50.755, 25.399], [50.763, 25.445], [50.803, 25.497], [50.869, 25.613], [50.904, 25.724], [51.003, 25.981], [51.108, 26.081], [51.262, 26.153], [51.389, 26.011], [51.543, 25.902], [51.572, 25.781], [51.527, 25.682], [51.485, 25.525], [51.51, 25.452], [51.52, 25.39], [51.561, 25.284], [51.602, 25.148], [51.609, 25.053], [51.587, 24.965], [51.533, 24.891], [51.428, 24.668], [51.396, 24.645], [51.268, 24.607]]]}}, {"type": "Feature", "properties": {"ISO_A2": "AM", "ISO_A3": "ARM", "NAME": "Armenia", "fillColor": "#D90012"}, "geometry": {"type": "MultiPolygon", "coordinates": [[[[44.768, 39.704], [44.734, 39.746], [44.56, 39.888], [44.4, 39.996], [44.289, 40.04], [44.178, 40.036], [44.005, 40.014], [43.942, 40.023], [43.792, 40.07], [43.666, 40.126], [43.683, 40.15], [43.71, 40.167], [43.678, 40.239], [43.608, 40.357], [43.616, 40.393], [43.594, 40.444], [43.569, 40.482], [43.668, 40.574], [43.713, 40.648], [43.723, 40.72], [43.696, 40.794], [43.632, 40.929], [43.592, 40.968], [43.517, 41.005], [43.455, 41.065], [43.439, 41.107], [43.492, 41.116], [43.645, 41.117], [43.793, 41.131], [43.909, 41.159], [44.077, 41.183], [44.146, 41.203], [44.227, 41.213], [44.473, 41.191], [44.565, 41.208], [44.841, 41.211], [44.849, 41.22], [44.811, 41.249], [44.811, 41.259], [44.976, 41.277], [45.001, 41.291], [45.023, 41.246], [45.085, 41.195], [45.152, 41.175], [45.189, 41.147], [45.19, 41.126], [45.071, 41.101], [45.063, 41.088], [45.071, 41.076], [45.106, 41.069], [45.273, 41.006], [45.369, 41.005], [45.419, 40.986], [45.444, 40.948], [45.524, 40.897], [45.587, 40.847], [45.591, 40.83], [45.579, 40.804], [45.401, 40.707], [45.379, 40.674], [45.376, 40.638], [45.454, 40.532], [45.57, 40.417], [45.736, 40.329], [45.965, 40.234], [45.968, 40.175], [45.931, 40.105], [45.9, 40.057], [45.886, 40.025], [45.858, 40.011], [45.63, 40.014], [45.596, 40.003], [45.581, 39.989], [45.58, 39.978], [45.662, 39.956], [45.79, 39.881], [45.863, 39.808], [45.94, 39.777], [46.026, 39.719], [46.095, 39.664], [46.202, 39.594], [46.322, 39.617], [46.481, 39.555], [46.488, 39.513], [46.478, 39.475], [46.378, 39.434], [46.365, 39.417], [46.365, 39.402], [46.378, 39.382], [46.437, 39.349], [46.507, 39.299], [46.585, 39.224], [46.55, 39.201], [46.477, 39.198], [46.42, 39.207], [46.4, 39.192], [46.401, 39.168], [46.475, 39.111], [46.49, 39.069], [46.487, 38.997], [46.491, 38.907], [46.318, 38.913], [46.17, 38.869], [46.114, 38.878], [46.077, 38.955], [46.046, 39.018], [45.952, 39.178], [45.977, 39.244], [45.925, 39.282], [45.799, 39.35], [45.766, 39.378], [45.784, 39.417], [45.796, 39.488], [45.784, 39.546], [45.75, 39.563], [45.687, 39.564], [45.611, 39.55], [45.457, 39.494], [45.35, 39.53], [45.288, 39.566], [45.253, 39.595], [45.173, 39.571], [45.153, 39.583], [45.149, 39.657], [45.125, 39.696], [45.076, 39.743], [45.032, 39.765], [44.867, 39.719], [44.768, 39.704]], [[45.024, 41.027], [45.029, 41.054], [45.021, 41.078], [44.994, 41.086], [44.961, 41.079], [44.959, 41.053], [44.969, 41.027], [45.002, 41.016], [45.024, 41.027]]], [[[45.552, 40.616], [45.514, 40.6], [45.479, 40.607], [45.479, 40.648], [45.504, 40.665], [45.534, 40.664], [45.562, 40.649], [45.552, 40.616]]]]}}, {"type": "Feature", "properties": {"ISO_A2": "UY", "ISO_A3": "URY", "NAME": "Uruguay", "fillColor": "#5CBFEB"}, "geometry": {"type": "Polygon", "coordinates": [[[-53.371, -33.742], [-53.42, -33.779], [-53.472, -33.849], [-53.535, -34.017], [-53.743, -34.25], [-53.785, -34.38], [-54.01, -34.517], [-54.169, -34.671], [-54.272, -34.667], [-54.365, -34.733], [-54.902, -34.933], [-55.095, -34.895], [-55.238, -34.896], [-55.371, -34.808], [-55.673, -34.776], [-55.863, -34.811], [-56.118, -34.908], [-56.195, -34.906], [-56.25, -34.901], [-56.388, -34.861], [-56.463, -34.775], [-56.855, -34.677], [-57.171, -34.452], [-57.543, -34.448], [-57.829, -34.477], [-57.873, -34.448], [-57.902, -34.39], [-57.961, -34.307], [-58.207, -34.109], [-58.4, -33.912], [-58.438, -33.719], [-58.411, -33.509], [-58.353, -33.26], [-58.364, -33.182], [-58.292, -33.138], [-58.222, -33.129], [-58.154, -33.065], [-58.093, -32.967], [-58.082, -32.894], [-58.13, -32.757], [-58.162, -32.567], [-58.201, -32.472], [-58.123, -32.322], [-58.12, -32.249], [-58.165, -32.185], [-58.177, -32.119], [-58.156, -32.052], [-58.16, -31.987], [-58.189, -31.924], [-58.167, -31.873], [-58.096, -31.832], [-58.042, -31.769], [-58.007, -31.685], [-57.989, -31.621], [-57.988, -31.576], [-58.01, -31.534], [-58.054, -31.495], [-58.033, -31.417], [-57.948, -31.299], [-57.893, -31.195], [-57.868, -31.104], [-57.87, -31.031], [-57.898, -30.975], [-57.886, -30.937], [-57.834, -30.917], [-57.811, -30.859], [-57.819, -30.712], [-57.873, -30.591], [-57.831, -30.495], [-57.713, -30.384], [-57.651, -30.295], [-57.646, -30.227], [-57.609, -30.188], [-57.552, -30.261], [-57.384, -30.281], [-57.214, -30.283], [-57.187, -30.265], [-57.121, -30.144], [-57.033, -30.11], [-56.937, -30.101], [-56.833, -30.107], [-56.722, -30.187], [-56.407, -30.447], [-56.176, -30.628], [-56.106, -30.714], [-56.045, -30.778], [-55.999, -30.837], [-56.018, -30.992], [-56.016, -31.06], [-56.005, -31.079], [-55.952, -31.081], [-55.874, -31.07], [-55.808, -31.037], [-55.756, -30.987], [-55.706, -30.947], [-55.665, -30.925], [-55.65, -30.892], [-55.627, -30.858], [-55.603, -30.851], [-55.557, -30.876], [-55.45, -30.964], [-55.366, -31.046], [-55.346, -31.093], [-55.313, -31.142], [-55.279, -31.184], [-55.255, -31.226], [-55.174, -31.28], [-55.091, -31.314], [-55.036, -31.279], [-54.896, -31.391], [-54.588, -31.485], [-54.531, -31.542], [-54.478, -31.623], [-54.37, -31.745], [-54.221, -31.855], [-54.1, -31.902], [-53.985, -31.928], [-53.921, -31.952], [-53.877, -31.995], [-53.806, -32.04], [-53.762, -32.057], [-53.747, -32.097], [-53.701, -32.186], [-53.654, -32.299], [-53.602, -32.403], [-53.489, -32.503], [-53.363, -32.581], [-53.231, -32.625], [-53.157, -32.68], [-53.126, -32.737], [-53.214, -32.821], [-53.31, -32.927], [-53.395, -33.01], [-53.483, -33.069], [-53.512, -33.109], [-53.531, -33.171], [-53.53, -33.5], [-53.538, -33.623], [-53.531, -33.655], [-53.519, -33.677], [-53.464, -33.71], [-53.398, -33.737], [-53.371, -33.742]]]}}, {"type": "Feature", "properties": {"ISO_A2": "PT", "ISO_A3": "PRT", "NAME": "Portugal", "fillColor": "#046A38"}, "geometry": {"type": "MultiPolygon", "coordinates": [[[[-17.191, 32.869], [-17.054, 32.816], [-16.929, 32.841], [-16.774, 32.774], [-16.693, 32.758], [-16.765, 32.71], [-16.837, 32.648], [-17.018, 32.663], [-17.171, 32.722], [-17.226, 32.767], [-17.241, 32.807], [-17.191, 32.869]]], [[[-8.777, 41.941], [-8.683, 42.008], [-8.59, 42.053], [-8.538, 42.069], [-8.323, 42.115], [-8.266, 42.137], [-8.213, 42.134], [-8.204, 42.112], [-8.174, 42.069], [-8.139, 42.04], [-8.13, 42.018], [-8.213, 41.927], [-8.225, 41.896], [-8.181, 41.837], [-8.174, 41.82], [-8.152, 41.812], [-8.094, 41.814], [-7.991, 41.852], [-7.921, 41.884], [-7.896, 41.871], [-7.693, 41.888], [-7.645, 41.874], [-7.613, 41.858], [-7.513, 41.836], [-7.404, 41.834], [-7.269, 41.864], [-7.21, 41.895], [-7.198, 41.929], [-7.195, 41.955], [-7.178, 41.972], [-7.147, 41.981], [-7.099, 41.964], [-7.03, 41.951], [-6.866, 41.945], [-6.833, 41.964], [-6.777, 41.958], [-6.704, 41.935], [-6.618, 41.942], [-6.575, 41.913], [-6.558, 41.874], [-6.553, 41.79], [-6.559, 41.704], [-6.542, 41.673], [-6.485, 41.664], [-6.392, 41.665], [-6.308, 41.642], [-6.243, 41.602], [-6.222, 41.56], [-6.213, 41.532], [-6.244, 41.516], [-6.289, 41.455], [-6.403, 41.375], [-6.566, 41.304], [-6.69, 41.215], [-6.776, 41.108], [-6.883, 41.062], [-6.916, 41.038], [-6.928, 41.009], [-6.858, 40.878], [-6.836, 40.777], [-6.818, 40.654], [-6.83, 40.619], [-6.836, 40.483], [-6.852, 40.443], [-6.848, 40.411], [-6.822, 40.376], [-6.81, 40.343], [-6.859, 40.301], [-6.948, 40.252], [-7.015, 40.208], [-7.033, 40.168], [-7.028, 40.143], [-6.916, 40.057], [-6.896, 40.022], [-6.911, 39.937], [-6.975, 39.798], [-7.037, 39.714], [-7.047, 39.706], [-7.118, 39.682], [-7.454, 39.681], [-7.536, 39.662], [-7.524, 39.645], [-7.445, 39.536], [-7.363, 39.478], [-7.335, 39.465], [-7.306, 39.338], [-7.172, 39.135], [-7.043, 39.107], [-6.998, 39.056], [-7.006, 38.985], [-7.046, 38.907], [-7.125, 38.827], [-7.22, 38.771], [-7.282, 38.715], [-7.286, 38.649], [-7.306, 38.567], [-7.336, 38.501], [-7.343, 38.457], [-7.106, 38.181], [-6.975, 38.194], [-6.958, 38.188], [-6.981, 38.122], [-7.023, 38.045], [-7.073, 38.03], [-7.185, 38.006], [-7.292, 37.906], [-7.379, 37.786], [-7.444, 37.728], [-7.504, 37.585], [-7.496, 37.524], [-7.467, 37.428], [-7.406, 37.179], [-7.494, 37.168], [-7.834, 37.006], [-7.94, 37.005], [-8.137, 37.077], [-8.484, 37.1], [-8.598, 37.121], [-8.739, 37.075], [-8.848, 37.076], [-8.935, 37.016], [-8.998, 37.032], [-8.926, 37.166], [-8.814, 37.431], [-8.819, 37.592], [-8.792, 37.733], [-8.823, 37.872], [-8.879, 37.959], [-8.802, 38.184], [-8.811, 38.3], [-8.881, 38.447], [-8.668, 38.424], [-8.734, 38.482], [-8.799, 38.518], [-8.862, 38.51], [-8.915, 38.512], [-9.096, 38.455], [-9.187, 38.438], [-9.213, 38.448], [-9.203, 38.539], [-9.25, 38.657], [-9.178, 38.688], [-9.093, 38.697], [-9.021, 38.747], [-8.977, 38.803], [-9.0, 38.903], [-8.938, 38.998], [-8.792, 39.078], [-8.867, 39.066], [-8.954, 39.016], [-9.091, 38.835], [-9.136, 38.743], [-9.252, 38.713], [-9.357, 38.698], [-9.41, 38.708], [-9.474, 38.731], [-9.48, 38.799], [-9.475, 38.853], [-9.431, 38.96], [-9.414, 39.112], [-9.353, 39.248], [-9.357, 39.284], [-9.375, 39.338], [-9.32, 39.391], [-9.251, 39.426], [-9.148, 39.543], [-9.004, 39.821], [-8.838, 40.116], [-8.851, 40.152], [-8.887, 40.179], [-8.873, 40.259], [-8.772, 40.606], [-8.732, 40.651], [-8.685, 40.753], [-8.674, 40.917], [-8.656, 41.029], [-8.66, 41.086], [-8.675, 41.154], [-8.738, 41.285], [-8.806, 41.56], [-8.811, 41.652], [-8.755, 41.698], [-8.846, 41.705], [-8.888, 41.765], [-8.878, 41.832], [-8.777, 41.941]]], [[[-25.027, 36.96], [-25.032, 36.942], [-25.088, 36.949], [-25.16, 36.943], [-25.198, 36.997], [-25.164, 37.019], [-25.083, 37.024], [-25.044, 37.0], [-25.027, 36.96]]], [[[-31.137, 39.407], [-31.181, 39.359], [-31.258, 39.376], [-31.283, 39.394], [-31.261, 39.497], [-31.2, 39.521], [-31.139, 39.479], [-31.137, 39.407]]], [[[-27.075, 38.643], [-27.095, 38.634], [-27.303, 38.661], [-27.362, 38.698], [-27.386, 38.766], [-27.351, 38.789], [-27.26, 38.803], [-27.127, 38.79], [-27.042, 38.741], [-27.042, 38.679], [-27.075, 38.643]]], [[[-27.778, 38.556], [-27.826, 38.544], [-28.092, 38.621], [-28.187, 38.655], [-28.311, 38.744], [-27.963, 38.636], [-27.778, 38.556]]], [[[-28.641, 38.525], [-28.744, 38.522], [-28.842, 38.598], [-28.698, 38.638], [-28.655, 38.614], [-28.624, 38.586], [-28.606, 38.551], [-28.641, 38.525]]], [[[-28.147, 38.453], [-28.065, 38.413], [-28.19, 38.404], [-28.231, 38.385], [-28.332, 38.413], [-28.454, 38.409], [-28.531, 38.463], [-28.549, 38.519], [-28.51, 38.553], [-28.402, 38.553], [-28.147, 38.453]]], [[[-25.649, 37.841], [-25.585, 37.834], [-25.267, 37.849], [-25.182, 37.838], [-25.191, 37.764], [-25.251, 37.735], [-25.439, 37.715], [-25.734, 37.763], [-25.834, 37.826], [-25.848, 37.872], [-25.846, 37.894], [-25.784, 37.911], [-25.649, 37.841]]]]}}, {"type": "Feature", "properties": {"ISO_A2": "PE", "ISO_A3": "PER", "NAME": "Peru", "fillColor": "#D91023"}, "geometry": {"type": "Polygon", "coordinates": [[[-69.966, -4.236], [-69.972, -4.301], [-70.004, -4.327], [-70.053, -4.333], [-70.129, -4.287], [-70.184, -4.298], [-70.239, -4.301], [-70.317, -4.247], [-70.344, -4.194], [-70.405, -4.15], [-70.531, -4.168], [-70.635, -4.169], [-70.722, -4.159], [-70.8, -4.173], [-70.866, -4.23], [-70.916, -4.295], [-70.974, -4.35], [-71.144, -4.387], [-71.235, -4.388], [-71.317, -4.424], [-71.438, -4.438], [-71.521, -4.47], [-71.668, -4.487], [-71.845, -4.504], [-71.943, -4.553], [-71.982, -4.575], [-72.083, -4.642], [-72.257, -4.749], [-72.353, -4.786], [-72.469, -4.901], [-72.608, -5.01], [-72.699, -5.067], [-72.832, -5.094], [-72.887, -5.123], [-72.907, -5.158], [-72.896, -5.198], [-72.918, -5.303], [-72.959, -5.495], [-72.97, -5.59], [-72.98, -5.635], [-73.068, -5.79], [-73.163, -5.933], [-73.209, -6.029], [-73.236, -6.098], [-73.206, -6.156], [-73.168, -6.261], [-73.135, -6.344], [-73.126, -6.401], [-73.137, -6.466], [-73.177, -6.525], [-73.24, -6.564], [-73.325, -6.575], [-73.5, -6.679], [-73.695, -6.834], [-73.758, -6.906], [-73.776, -6.974], [-73.805, -7.08], [-73.793, -7.135], [-73.758, -7.173], [-73.723, -7.263], [-73.72, -7.309], [-73.749, -7.335], [-73.805, -7.341], [-73.854, -7.35], [-73.892, -7.373], [-73.929, -7.367], [-73.964, -7.379], [-73.964, -7.417], [-73.953, -7.46], [-73.958, -7.507], [-73.982, -7.536], [-74.002, -7.556], [-73.982, -7.585], [-73.947, -7.611], [-73.895, -7.655], [-73.822, -7.739], [-73.767, -7.754], [-73.72, -7.783], [-73.715, -7.829], [-73.732, -7.875], [-73.773, -7.896], [-73.776, -7.936], [-73.72, -7.986], [-73.683, -8.021], [-73.645, -8.073], [-73.61, -8.145], [-73.61, -8.192], [-73.572, -8.25], [-73.549, -8.299], [-73.549, -8.346], [-73.488, -8.392], [-73.436, -8.427], [-73.398, -8.459], [-73.36, -8.479], [-73.352, -8.514], [-73.357, -8.567], [-73.302, -8.654], [-73.203, -8.719], [-73.123, -8.814], [-73.071, -8.883], [-72.974, -8.993], [-72.97, -9.12], [-73.09, -9.266], [-73.209, -9.411], [-73.014, -9.407], [-72.814, -9.41], [-72.605, -9.452], [-72.465, -9.492], [-72.379, -9.51], [-72.318, -9.557], [-72.289, -9.629], [-72.266, -9.688], [-72.26, -9.774], [-72.173, -9.844], [-72.179, -9.91], [-72.182, -10.004], [-72.143, -10.005], [-71.887, -10.006], [-71.608, -10.006], [-71.339, -9.989], [-71.238, -9.966], [-71.115, -9.852], [-71.042, -9.819], [-70.971, -9.766], [-70.885, -9.669], [-70.816, -9.625], [-70.758, -9.572], [-70.672, -9.518], [-70.637, -9.478], [-70.608, -9.464], [-70.541, -9.438], [-70.57, -9.49], [-70.592, -9.543], [-70.599, -9.621], [-70.567, -9.705], [-70.594, -9.767], [-70.637, -9.824], [-70.638, -9.972], [-70.639, -10.182], [-70.639, -10.361], [-70.64, -10.586], [-70.642, -10.841], [-70.642, -11.01], [-70.597, -10.977], [-70.533, -10.947], [-70.451, -11.025], [-70.392, -11.059], [-70.342, -11.067], [-70.29, -11.064], [-70.22, -11.048], [-70.066, -10.982], [-69.96, -10.93], [-69.84, -10.933], [-69.674, -10.954], [-69.579, -10.952], [-69.454, -11.169], [-69.362, -11.328], [-69.258, -11.509], [-69.174, -11.654], [-69.046, -11.876], [-68.936, -12.067], [-68.819, -12.27], [-68.685, -12.502], [-68.728, -12.561], [-68.763, -12.608], [-68.759, -12.687], [-68.812, -12.73], [-68.868, -12.755], [-68.934, -12.822], [-68.979, -12.88], [-68.981, -12.963], [-68.972, -13.382], [-68.983, -13.496], [-69.018, -13.594], [-69.053, -13.644], [-69.074, -13.683], [-69.023, -13.78], [-68.974, -13.976], [-68.937, -14.015], [-68.892, -14.094], [-68.871, -14.17], [-68.88, -14.199], [-68.972, -14.234], [-69.004, -14.265], [-69.013, -14.377], [-69.053, -14.418], [-69.12, -14.47], [-69.163, -14.531], [-69.199, -14.573], [-69.235, -14.597], [-69.252, -14.671], [-69.276, -14.746], [-69.359, -14.795], [-69.374, -14.887], [-69.375, -14.963], [-69.331, -15.039], [-69.187, -15.199], [-69.172, -15.237], [-69.254, -15.333], [-69.302, -15.399], [-69.419, -15.603], [-69.421, -15.641], [-69.392, -15.737], [-69.218, -16.149], [-69.188, -16.183], [-69.134, -16.222], [-69.046, -16.218], [-68.913, -16.262], [-68.849, -16.313], [-68.843, -16.338], [-68.858, -16.355], [-68.928, -16.389], [-69.006, -16.434], [-69.033, -16.476], [-69.038, -16.543], [-69.021, -16.642], [-69.055, -16.674], [-69.133, -16.713], [-69.2, -16.768], [-69.267, -16.861], [-69.382, -17.001], [-69.421, -17.04], [-69.438, -17.088], [-69.503, -17.105], [-69.625, -17.2], [-69.646, -17.249], [-69.626, -17.294], [-69.564, -17.333], [-69.522, -17.389], [-69.511, -17.46], [-69.511, -17.505], [-69.511, -17.506], [-69.586, -17.573], [-69.685, -17.65], [-69.806, -17.665], [-69.852, -17.704], [-69.842, -17.785], [-69.802, -17.9], [-69.803, -17.99], [-69.84, -18.093], [-69.926, -18.206], [-70.059, -18.283], [-70.184, -18.325], [-70.282, -18.325], [-70.377, -18.334], [-70.418, -18.346], [-70.492, -18.278], [-70.817, -18.053], [-70.942, -17.932], [-71.057, -17.876], [-71.337, -17.683], [-71.365, -17.621], [-71.399, -17.422], [-71.436, -17.366], [-71.532, -17.294], [-71.774, -17.199], [-71.868, -17.151], [-71.967, -17.064], [-72.111, -17.003], [-72.269, -16.876], [-72.362, -16.775], [-72.468, -16.708], [-72.794, -16.615], [-72.958, -16.521], [-73.264, -16.389], [-73.4, -16.304], [-73.728, -16.202], [-73.825, -16.153], [-74.147, -15.912], [-74.373, -15.834], [-74.555, -15.699], [-75.104, -15.412], [-75.191, -15.32], [-75.275, -15.178], [-75.397, -15.094], [-75.534, -14.899], [-75.738, -14.785], [-75.934, -14.634], [-76.006, -14.496], [-76.136, -14.32], [-76.175, -14.227], [-76.289, -14.133], [-76.297, -13.948], [-76.376, -13.863], [-76.319, -13.821], [-76.259, -13.803], [-76.184, -13.515], [-76.224, -13.371], [-76.427, -13.11], [-76.502, -12.984], [-76.555, -12.823], [-76.637, -12.728], [-76.758, -12.527], [-76.832, -12.349], [-76.994, -12.219], [-77.038, -12.173], [-77.063, -12.107], [-77.153, -12.06], [-77.158, -11.923], [-77.22, -11.663], [-77.31, -11.532], [-77.633, -11.288], [-77.639, -11.194], [-77.664, -11.022], [-77.736, -10.837], [-78.095, -10.261], [-78.186, -10.089], [-78.276, -9.81], [-78.356, -9.652], [-78.446, -9.371], [-78.58, -9.157], [-78.665, -8.971], [-78.755, -8.74], [-78.762, -8.617], [-78.925, -8.405], [-79.012, -8.21], [-79.164, -8.047], [-79.313, -7.923], [-79.377, -7.836], [-79.589, -7.419], [-79.618, -7.296], [-79.762, -7.067], [-79.905, -6.902], [-79.995, -6.769], [-80.11, -6.65], [-80.812, -6.282], [-81.058, -6.129], [-81.142, -6.057], [-81.181, -5.942], [-81.164, -5.875], [-81.092, -5.812], [-80.992, -5.861], [-80.931, -5.841], [-80.883, -5.759], [-80.882, -5.635], [-80.943, -5.475], [-81.168, -5.167], [-81.151, -5.102], [-81.108, -5.028], [-81.195, -4.879], [-81.289, -4.761], [-81.337, -4.67], [-81.283, -4.322], [-81.232, -4.234], [-80.892, -3.882], [-80.799, -3.731], [-80.653, -3.638], [-80.504, -3.496], [-80.325, -3.388], [-80.298, -3.406], [-80.274, -3.425], [-80.272, -3.461], [-80.265, -3.492], [-80.245, -3.522], [-80.244, -3.577], [-80.221, -3.613], [-80.219, -3.654], [-80.217, -3.711], [-80.229, -3.739], [-80.218, -3.788], [-80.179, -3.878], [-80.194, -3.906], [-80.231, -3.924], [-80.267, -3.949], [-80.303, -4.005], [-80.358, -4.003], [-80.437, -3.979], [-80.49, -4.01], [-80.51, -4.07], [-80.493, -4.119], [-80.488, -4.166], [-80.454, -4.205], [-80.353, -4.208], [-80.444, -4.336], [-80.488, -4.394], [-80.479, -4.43], [-80.424, -4.461], [-80.383, -4.464], [-80.293, -4.417], [-80.232, -4.349], [-80.197, -4.311], [-80.14, -4.296], [-80.064, -4.328], [-79.963, -4.39], [-79.845, -4.446], [-79.797, -4.476], [-79.711, -4.468], [-79.639, -4.455], [-79.578, -4.501], [-79.516, -4.539], [-79.502, -4.671], [-79.456, -4.766], [-79.399, -4.84], [-79.331, -4.928], [-79.268, -4.958], [-79.187, -4.958], [-79.076, -4.991], [-79.033, -4.969], [-78.995, -4.908], [-78.975, -4.873], [-78.919, -4.858], [-78.914, -4.819], [-78.926, -4.771], [-78.908, -4.714], [-78.862, -4.665], [-78.743, -4.593], [-78.686, -4.562], [-78.674, -4.518], [-78.653, -4.458], [-78.661, -4.425], [-78.685, -4.384], [-78.679, -4.326], [-78.648, -4.248], [-78.603, -4.157], [-78.565, -4.042], [-78.55, -3.987], [-78.509, -3.952], [-78.493, -3.902], [-78.471, -3.843], [-78.42, -3.777], [-78.421, -3.706], [-78.4, -3.674], [-78.398, -3.595], [-78.347, -3.431], [-78.345, -3.397], [-78.323, -3.388], [-78.284, -3.399], [-78.251, -3.436], [-78.24, -3.473], [-78.226, -3.489], [-78.195, -3.486], [-78.158, -3.465], [-78.161, -3.432], [-78.187, -3.4], [-78.195, -3.38], [-78.183, -3.35], [-78.128, -3.284], [-78.068, -3.207], [-77.938, -3.047], [-77.861, -2.982], [-77.659, -2.912], [-77.506, -2.86], [-77.36, -2.81], [-77.161, -2.738], [-76.881, -2.636], [-76.679, -2.563], [-76.499, -2.432], [-76.36, -2.331], [-76.241, -2.244], [-76.09, -2.133], [-75.885, -1.893], [-75.745, -1.728], [-75.642, -1.607], [-75.571, -1.531], [-75.514, -1.316], [-75.449, -1.071], [-75.42, -0.962], [-75.408, -0.924], [-75.38, -0.94], [-75.348, -0.967], [-75.309, -0.968], [-75.272, -0.967], [-75.25, -0.952], [-75.284, -0.707], [-75.279, -0.654], [-75.259, -0.59], [-75.263, -0.555], [-75.325, -0.507], [-75.425, -0.409], [-75.466, -0.322], [-75.491, -0.248], [-75.561, -0.2], [-75.632, -0.158], [-75.626, -0.123], [-75.584, -0.123], [-75.476, -0.157], [-75.398, -0.146], [-75.34, -0.142], [-75.284, -0.107], [-75.225, -0.042], [-75.184, -0.042], [-75.138, -0.05], [-75.055, -0.117], [-75.005, -0.156], [-74.945, -0.188], [-74.889, -0.199], [-74.838, -0.203], [-74.802, -0.2], [-74.78, -0.245], [-74.755, -0.299], [-74.692, -0.335], [-74.616, -0.37], [-74.555, -0.43], [-74.514, -0.47], [-74.465, -0.518], [-74.418, -0.581], [-74.375, -0.691], [-74.353, -0.767], [-74.329, -0.808], [-74.334, -0.851], [-74.284, -0.928], [-74.246, -0.971], [-74.181, -0.998], [-74.054, -1.029], [-73.987, -1.098], [-73.927, -1.125], [-73.863, -1.197], [-73.807, -1.218], [-73.736, -1.214], [-73.664, -1.249], [-73.61, -1.316], [-73.575, -1.401], [-73.521, -1.45], [-73.494, -1.537], [-73.525, -1.639], [-73.496, -1.693], [-73.44, -1.737], [-73.35, -1.784], [-73.266, -1.772], [-73.224, -1.788], [-73.197, -1.83], [-73.181, -1.88], [-73.145, -2.003], [-73.127, -2.081], [-73.16, -2.156], [-73.173, -2.208], [-73.154, -2.278], [-73.068, -2.312], [-72.99, -2.34], [-72.941, -2.394], [-72.887, -2.408], [-72.811, -2.405], [-72.714, -2.392], [-72.66, -2.361], [-72.625, -2.352], [-72.587, -2.365], [-72.501, -2.395], [-72.396, -2.429], [-72.301, -2.409], [-72.218, -2.4], [-72.137, -2.381], [-72.054, -2.325], [-71.984, -2.327], [-71.932, -2.289], [-71.867, -2.228], [-71.803, -2.166], [-71.753, -2.153], [-71.671, -2.182], [-71.559, -2.224], [-71.496, -2.279], [-71.447, -2.294], [-71.397, -2.334], [-71.3, -2.335], [-71.196, -2.313], [-71.113, -2.245], [-71.027, -2.226], [-70.969, -2.207], [-70.915, -2.219], [-70.705, -2.342], [-70.648, -2.406], [-70.576, -2.418], [-70.517, -2.453], [-70.418, -2.491], [-70.364, -2.529], [-70.295, -2.553], [-70.244, -2.607], [-70.165, -2.64], [-70.096, -2.658], [-70.065, -2.702], [-70.064, -2.731], [-70.074, -2.75], [-70.147, -2.864], [-70.29, -3.087], [-70.419, -3.288], [-70.622, -3.605], [-70.735, -3.782], [-70.706, -3.789], [-70.53, -3.866], [-70.486, -3.869], [-70.421, -3.85], [-70.379, -3.819], [-70.34, -3.814], [-70.298, -3.844], [-70.24, -3.883], [-70.198, -3.995], [-70.168, -4.05], [-70.095, -4.092], [-70.017, -4.162], [-69.966, -4.236]]]}}, {"type": "Feature", "properties": {"ISO_A2": "OM", "ISO_A3": "OMN", "NAME": "Oman", "fillColor": "#DD1E2F"}, "geometry": {"type": "MultiPolygon", "coordinates": [[[[58.722, 20.219], [58.659, 20.204], [58.641, 20.211], [58.641, 20.337], [58.788, 20.497], [58.884, 20.681], [58.951, 20.516], [58.835, 20.424], [58.772, 20.267], [58.722, 20.219]]], [[[53.086, 16.648], [53.025, 16.78], [52.964, 16.912], [52.904, 17.044], [52.843, 17.176], [52.801, 17.268], [52.729, 17.3], [52.686, 17.398], [52.642, 17.498], [52.597, 17.598], [52.553, 17.698], [52.509, 17.798], [52.465, 17.897], [52.42, 17.997], [52.376, 18.097], [52.332, 18.197], [52.288, 18.297], [52.243, 18.397], [52.199, 18.497], [52.155, 18.597], [52.11, 18.696], [52.066, 18.796], [52.022, 18.896], [51.978, 18.996], [52.119, 19.043], [52.291, 19.1], [52.463, 19.158], [52.635, 19.215], [52.807, 19.272], [52.979, 19.33], [53.151, 19.387], [53.323, 19.444], [53.495, 19.502], [53.667, 19.559], [53.839, 19.617], [54.011, 19.674], [54.183, 19.731], [54.355, 19.788], [54.527, 19.846], [54.699, 19.903], [54.871, 19.96], [54.977, 19.996], [55.021, 20.129], [55.058, 20.24], [55.095, 20.351], [55.131, 20.461], [55.168, 20.572], [55.205, 20.683], [55.241, 20.793], [55.278, 20.904], [55.314, 21.015], [55.351, 21.126], [55.388, 21.236], [55.424, 21.347], [55.461, 21.458], [55.498, 21.568], [55.534, 21.679], [55.571, 21.79], [55.607, 21.9], [55.641, 22.002], [55.578, 22.1], [55.493, 22.231], [55.404, 22.368], [55.32, 22.497], [55.259, 22.591], [55.186, 22.704], [55.194, 22.85], [55.192, 22.923], [55.2, 23.035], [55.27, 23.19], [55.353, 23.387], [55.414, 23.519], [55.466, 23.633], [55.508, 23.725], [55.532, 23.819], [55.519, 23.885], [55.492, 23.91], [55.468, 23.941], [55.548, 23.991], [55.697, 24.024], [55.779, 24.017], [55.894, 24.041], [55.985, 24.063], [55.992, 24.093], [55.966, 24.143], [55.929, 24.215], [55.8, 24.223], [55.761, 24.243], [55.806, 24.35], [55.804, 24.384], [55.787, 24.424], [55.768, 24.491], [55.778, 24.577], [55.804, 24.636], [55.804, 24.684], [55.792, 24.781], [55.796, 24.868], [55.823, 24.911], [55.871, 24.951], [55.916, 24.972], [55.963, 24.97], [56.001, 24.953], [56.017, 24.908], [56.006, 24.876], [55.98, 24.872], [55.97, 24.859], [56.008, 24.798], [56.064, 24.739], [56.107, 24.749], [56.154, 24.796], [56.205, 24.833], [56.268, 24.867], [56.314, 24.931], [56.353, 24.973], [56.388, 24.979], [56.49, 24.716], [56.641, 24.47], [56.774, 24.335], [56.913, 24.15], [57.123, 23.981], [57.22, 23.923], [57.611, 23.804], [57.825, 23.759], [58.12, 23.717], [58.325, 23.624], [58.393, 23.618], [58.5, 23.646], [58.578, 23.643], [58.773, 23.517], [58.83, 23.397], [58.912, 23.334], [58.983, 23.235], [59.03, 23.131], [59.195, 22.972], [59.311, 22.793], [59.429, 22.661], [59.535, 22.579], [59.696, 22.546], [59.823, 22.509], [59.837, 22.421], [59.824, 22.305], [59.8, 22.22], [59.681, 22.054], [59.653, 21.951], [59.518, 21.782], [59.371, 21.499], [59.304, 21.435], [59.069, 21.289], [58.896, 21.113], [58.69, 20.807], [58.534, 20.504], [58.474, 20.407], [58.349, 20.387], [58.266, 20.395], [58.209, 20.424], [58.232, 20.507], [58.245, 20.599], [58.169, 20.59], [58.103, 20.57], [57.947, 20.344], [57.862, 20.244], [57.844, 20.118], [57.802, 19.955], [57.741, 19.804], [57.714, 19.678], [57.715, 19.607], [57.761, 19.432], [57.764, 19.253], [57.79, 19.146], [57.812, 19.017], [57.738, 18.977], [57.676, 18.958], [57.428, 18.944], [57.177, 18.903], [56.957, 18.828], [56.826, 18.754], [56.655, 18.587], [56.551, 18.166], [56.383, 17.988], [56.27, 17.951], [55.998, 17.935], [55.614, 17.886], [55.479, 17.843], [55.255, 17.586], [55.238, 17.505], [55.281, 17.446], [55.296, 17.382], [55.275, 17.321], [55.174, 17.158], [55.064, 17.039], [54.772, 16.965], [54.665, 17.009], [54.567, 17.031], [54.377, 17.034], [54.068, 17.006], [53.954, 16.918], [53.775, 16.856], [53.61, 16.76], [53.298, 16.723], [53.086, 16.648]]], [[[56.298, 25.651], [56.279, 25.628], [56.25, 25.625], [56.184, 25.645], [56.145, 25.691], [56.152, 25.746], [56.154, 25.848], [56.173, 25.945], [56.167, 26.047], [56.117, 26.068], [56.08, 26.063], [56.164, 26.207], [56.197, 26.229], [56.228, 26.22], [56.306, 26.235], [56.346, 26.314], [56.379, 26.356], [56.413, 26.351], [56.43, 26.327], [56.418, 26.208], [56.416, 26.109], [56.374, 25.805], [56.329, 25.752], [56.307, 25.709], [56.298, 25.651]]], [[[56.282, 25.236], [56.24, 25.209], [56.211, 25.213], [56.217, 25.267], [56.234, 25.304], [56.277, 25.301], [56.288, 25.279], [56.282, 25.236]]]]}}, {"type": "Feature", "properties": {"ISO_A2": "AE", "ISO_A3": "ARE", "NAME": "United Arab Emirates", "fillColor": "#00732F"}, "geometry": {"type": "MultiPolygon", "coordinates": [[[[56.298, 25.651], [56.363, 25.569], [56.373, 25.018], [56.388, 24.979], [56.353, 24.973], [56.314, 24.931], [56.268, 24.867], [56.205, 24.833], [56.154, 24.796], [56.107, 24.749], [56.064, 24.739], [56.008, 24.798], [55.97, 24.859], [55.98, 24.872], [56.006, 24.876], [56.017, 24.908], [56.001, 24.953], [55.963, 24.97], [55.916, 24.972], [55.871, 24.951], [55.823, 24.911], [55.796, 24.868], [55.792, 24.781], [55.804, 24.684], [55.804, 24.636], [55.778, 24.577], [55.768, 24.491], [55.787, 24.424], [55.804, 24.384], [55.806, 24.35], [55.761, 24.243], [55.8, 24.223], [55.929, 24.215], [55.966, 24.143], [55.992, 24.093], [55.985, 24.063], [55.894, 24.041], [55.779, 24.017], [55.697, 24.024], [55.548, 23.991], [55.468, 23.941], [55.492, 23.91], [55.519, 23.885], [55.532, 23.819], [55.508, 23.725], [55.466, 23.633], [55.414, 23.519], [55.353, 23.387], [55.27, 23.19], [55.2, 23.035], [55.192, 22.923], [55.194, 22.85], [55.186, 22.704], [55.119, 22.624], [55.104, 22.621], [55.025, 22.631], [54.998, 22.634], [54.922, 22.644], [54.805, 22.658], [54.652, 22.677], [54.472, 22.699], [54.27, 22.723], [54.055, 22.75], [53.832, 22.777], [53.61, 22.804], [53.394, 22.83], [53.192, 22.855], [53.012, 22.877], [52.859, 22.896], [52.742, 22.91], [52.666, 22.919], [52.639, 22.923], [52.555, 22.933], [52.51, 22.987], [52.455, 23.052], [52.4, 23.118], [52.345, 23.183], [52.29, 23.249], [52.235, 23.314], [52.179, 23.38], [52.125, 23.445], [52.069, 23.511], [52.014, 23.576], [51.959, 23.642], [51.904, 23.708], [51.849, 23.773], [51.794, 23.838], [51.739, 23.904], [51.684, 23.97], [51.629, 24.035], [51.593, 24.079], [51.572, 24.128], [51.568, 24.258], [51.568, 24.286], [51.605, 24.338], [51.623, 24.301], [51.665, 24.25], [51.735, 24.263], [51.768, 24.254], [51.792, 24.075], [51.843, 24.011], [51.906, 23.985], [52.119, 23.971], [52.251, 23.995], [52.511, 24.113], [52.648, 24.155], [53.026, 24.147], [53.33, 24.098], [53.802, 24.069], [53.893, 24.077], [54.148, 24.171], [54.304, 24.254], [54.397, 24.278], [54.458, 24.358], [54.499, 24.463], [54.535, 24.531], [54.58, 24.564], [54.624, 24.621], [54.659, 24.716], [54.747, 24.81], [55.098, 25.042], [55.304, 25.237], [55.322, 25.3], [55.433, 25.394], [55.523, 25.498], [55.941, 25.794], [56.025, 25.916], [56.075, 26.053], [56.08, 26.063], [56.117, 26.068], [56.167, 26.047], [56.173, 25.945], [56.154, 25.848], [56.152, 25.746], [56.145, 25.691], [56.184, 25.645], [56.25, 25.625], [56.279, 25.628], [56.298, 25.651]], [[56.282, 25.236], [56.288, 25.279], [56.277, 25.301], [56.234, 25.304], [56.217, 25.267], [56.211, 25.213], [56.24, 25.209], [56.282, 25.236]]], [[[53.332, 24.259], [53.258, 24.253], [53.191, 24.291], [53.333, 24.342], [53.371, 24.364], [53.412, 24.411], [53.445, 24.371], [53.409, 24.308], [53.383, 24.281], [53.332, 24.259]]], [[[52.617, 24.289], [52.6, 24.281], [52.582, 24.335], [52.584, 24.352], [52.629, 24.377], [52.658, 24.333], [52.617, 24.289]]], [[[53.928, 24.177], [53.928, 24.143], [53.826, 24.153], [53.799, 24.136], [53.716, 24.145], [53.634, 24.17], [53.69, 24.211], [53.834, 24.259], [53.894, 24.215], [53.928, 24.177]]], [[[54.465, 24.443], [54.457, 24.423], [54.428, 24.425], [54.358, 24.443], [54.335, 24.471], [54.379, 24.505], [54.398, 24.506], [54.427, 24.471], [54.465, 24.443]]]]}}, {"type": "Feature", "properties": {"ISO_A2": "RS", "ISO_A3": "SRB", "NAME": "Serbia", "fillColor": "#C6363C"}, "geometry": {"type": "Polygon", "coordinates": [[[21.36, 44.827], [21.523, 44.79], [21.597, 44.755], [21.636, 44.71], [21.74, 44.681], [21.909, 44.666], [22.027, 44.62], [22.093, 44.542], [22.201, 44.561], [22.351, 44.676], [22.498, 44.706], [22.642, 44.651], [22.721, 44.606], [22.734, 44.57], [22.701, 44.556], [22.62, 44.562], [22.554, 44.54], [22.502, 44.49], [22.495, 44.435], [22.531, 44.378], [22.582, 44.338], [22.648, 44.316], [22.683, 44.286], [22.688, 44.248], [22.705, 44.238], [22.667, 44.22], [22.627, 44.194], [22.603, 44.149], [22.597, 44.075], [22.469, 44.018], [22.421, 44.007], [22.399, 43.97], [22.365, 43.862], [22.37, 43.781], [22.387, 43.74], [22.395, 43.707], [22.436, 43.665], [22.474, 43.602], [22.499, 43.519], [22.555, 43.454], [22.697, 43.391], [22.768, 43.354], [22.82, 43.301], [22.86, 43.252], [22.977, 43.188], [22.968, 43.142], [22.942, 43.097], [22.915, 43.076], [22.857, 43.018], [22.8, 42.986], [22.706, 42.884], [22.558, 42.878], [22.523, 42.87], [22.467, 42.842], [22.439, 42.792], [22.466, 42.751], [22.463, 42.709], [22.436, 42.629], [22.472, 42.543], [22.524, 42.504], [22.532, 42.481], [22.524, 42.441], [22.446, 42.359], [22.422, 42.329], [22.344, 42.314], [22.317, 42.322], [22.277, 42.35], [22.24, 42.358], [22.147, 42.325], [22.052, 42.305], [21.978, 42.32], [21.904, 42.322], [21.853, 42.308], [21.815, 42.303], [21.739, 42.268], [21.618, 42.242], [21.562, 42.248], [21.542, 42.281], [21.519, 42.328], [21.53, 42.35], [21.61, 42.387], [21.619, 42.423], [21.731, 42.595], [21.752, 42.652], [21.753, 42.67], [21.724, 42.682], [21.663, 42.681], [21.391, 42.751], [21.403, 42.832], [21.323, 42.875], [21.237, 42.913], [21.223, 42.956], [21.127, 43.043], [21.057, 43.092], [20.968, 43.116], [20.891, 43.152], [20.844, 43.173], [20.824, 43.214], [20.824, 43.238], [20.801, 43.261], [20.763, 43.259], [20.701, 43.226], [20.623, 43.199], [20.61, 43.178], [20.638, 43.13], [20.658, 43.1], [20.649, 43.071], [20.624, 43.034], [20.475, 42.953], [20.458, 42.925], [20.487, 42.879], [20.469, 42.858], [20.344, 42.828], [20.348, 42.853], [20.34, 42.893], [20.268, 42.935], [20.168, 42.969], [19.944, 43.082], [19.858, 43.097], [19.781, 43.11], [19.671, 43.164], [19.614, 43.173], [19.552, 43.212], [19.415, 43.343], [19.298, 43.414], [19.219, 43.45], [19.196, 43.485], [19.192, 43.521], [19.194, 43.533], [19.254, 43.584], [19.301, 43.592], [19.36, 43.593], [19.4, 43.568], [19.451, 43.562], [19.48, 43.595], [19.495, 43.643], [19.488, 43.704], [19.364, 43.845], [19.257, 43.943], [19.245, 43.965], [19.268, 43.983], [19.305, 43.993], [19.345, 43.985], [19.449, 43.978], [19.55, 43.987], [19.584, 44.011], [19.584, 44.043], [19.547, 44.073], [19.43, 44.154], [19.339, 44.226], [19.232, 44.281], [19.152, 44.303], [19.128, 44.33], [19.118, 44.36], [19.127, 44.415], [19.132, 44.484], [19.151, 44.527], [19.223, 44.61], [19.292, 44.697], [19.334, 44.781], [19.357, 44.859], [19.349, 44.881], [19.313, 44.897], [19.237, 44.914], [19.132, 44.9], [19.042, 44.871], [19.007, 44.869], [18.996, 44.904], [19.01, 44.919], [19.038, 44.918], [19.061, 44.911], [19.085, 44.927], [19.1, 44.974], [19.063, 45.137], [19.13, 45.152], [19.131, 45.175], [19.137, 45.196], [19.206, 45.168], [19.303, 45.167], [19.388, 45.173], [19.401, 45.189], [19.4, 45.212], [19.382, 45.231], [19.352, 45.245], [19.33, 45.268], [19.273, 45.278], [19.093, 45.337], [19.005, 45.4], [19.008, 45.466], [19.033, 45.502], [19.064, 45.515], [19.055, 45.527], [18.954, 45.558], [18.918, 45.601], [18.947, 45.656], [18.895, 45.767], [18.839, 45.836], [18.894, 45.866], [18.901, 45.908], [18.905, 45.932], [18.928, 45.931], [19.016, 45.96], [19.048, 45.983], [19.066, 46.01], [19.087, 46.016], [19.146, 45.987], [19.208, 45.984], [19.278, 46.003], [19.33, 46.029], [19.393, 46.05], [19.421, 46.064], [19.458, 46.087], [19.531, 46.155], [19.613, 46.169], [19.725, 46.152], [19.844, 46.146], [19.934, 46.161], [20.161, 46.142], [20.21, 46.126], [20.242, 46.109], [20.301, 46.051], [20.359, 45.975], [20.438, 45.941], [20.533, 45.9], [20.581, 45.869], [20.653, 45.779], [20.709, 45.735], [20.728, 45.737], [20.747, 45.749], [20.76, 45.758], [20.775, 45.75], [20.776, 45.723], [20.779, 45.662], [20.766, 45.597], [20.786, 45.536], [20.787, 45.517], [20.772, 45.5], [20.774, 45.484], [20.794, 45.468], [20.871, 45.428], [20.942, 45.365], [21.024, 45.322], [21.1, 45.294], [21.148, 45.292], [21.226, 45.241], [21.382, 45.205], [21.431, 45.193], [21.465, 45.172], [21.49, 45.148], [21.492, 45.122], [21.468, 45.11], [21.434, 45.075], [21.421, 45.033], [21.396, 45.022], [21.371, 45.021], [21.353, 45.009], [21.357, 44.991], [21.378, 44.973], [21.41, 44.958], [21.472, 44.942], [21.533, 44.919], [21.532, 44.901], [21.52, 44.881], [21.442, 44.873], [21.384, 44.87], [21.358, 44.862], [21.36, 44.827]]]}}, {"type": "Feature", "properties": {"ISO_A2": "IT", "ISO_A3": "ITA", "NAME": "Italy", "fillColor": "#009246"}, "geometry": {"type": "MultiPolygon", "coordinates": [[[[7.021, 45.926], [7.056, 45.904], [7.129, 45.88], [7.328, 45.912], [7.452, 45.944], [7.539, 45.978], [7.593, 45.972], [7.788, 45.922], [7.852, 45.947], [7.993, 46.016], [8.014, 46.052], [8.125, 46.161], [8.127, 46.188], [8.082, 46.256], [8.096, 46.271], [8.232, 46.341], [8.299, 46.403], [8.371, 46.445], [8.423, 46.446], [8.437, 46.432], [8.443, 46.403], [8.438, 46.283], [8.458, 46.246], [8.565, 46.16], [8.642, 46.111], [8.819, 46.077], [8.827, 46.061], [8.778, 45.996], [8.885, 45.919], [8.904, 45.862], [8.954, 45.83], [9.024, 45.846], [9.047, 45.876], [9.019, 45.928], [8.999, 45.983], [9.003, 46.015], [9.022, 46.051], [9.071, 46.102], [9.203, 46.219], [9.251, 46.287], [9.26, 46.391], [9.26, 46.475], [9.304, 46.496], [9.399, 46.481], [9.428, 46.482], [9.441, 46.431], [9.481, 46.349], [9.529, 46.306], [9.58, 46.296], [9.639, 46.296], [9.788, 46.346], [9.884, 46.368], [9.939, 46.362], [9.972, 46.328], [10.041, 46.238], [10.081, 46.228], [10.128, 46.238], [10.145, 46.254], [10.13, 46.288], [10.11, 46.363], [10.082, 46.421], [10.046, 46.448], [10.038, 46.483], [10.061, 46.547], [10.087, 46.6], [10.137, 46.614], [10.196, 46.621], [10.272, 46.565], [10.363, 46.547], [10.431, 46.55], [10.442, 46.583], [10.438, 46.619], [10.398, 46.665], [10.406, 46.735], [10.453, 46.865], [10.479, 46.855], [10.58, 46.854], [10.689, 46.846], [10.76, 46.793], [10.829, 46.775], [10.927, 46.769], [10.993, 46.777], [11.025, 46.797], [11.063, 46.859], [11.134, 46.936], [11.244, 46.976], [11.433, 46.983], [11.528, 46.997], [11.625, 46.997], [11.699, 46.985], [11.776, 46.986], [11.97, 47.04], [12.169, 47.082], [12.197, 47.075], [12.201, 47.061], [12.166, 47.028], [12.131, 46.985], [12.154, 46.935], [12.268, 46.836], [12.33, 46.76], [12.388, 46.703], [12.479, 46.673], [12.599, 46.654], [12.7, 46.647], [12.806, 46.626], [13.169, 46.573], [13.352, 46.558], [13.49, 46.556], [13.7, 46.52], [13.68, 46.463], [13.637, 46.449], [13.563, 46.415], [13.479, 46.369], [13.4, 46.318], [13.378, 46.262], [13.4, 46.225], [13.421, 46.212], [13.45, 46.224], [13.492, 46.217], [13.545, 46.197], [13.633, 46.177], [13.635, 46.158], [13.617, 46.133], [13.548, 46.089], [13.486, 46.04], [13.48, 46.009], [13.488, 45.987], [13.509, 45.974], [13.601, 45.98], [13.614, 45.962], [13.57, 45.834], [13.583, 45.812], [13.663, 45.792], [13.722, 45.761], [13.831, 45.68], [13.875, 45.615], [13.845, 45.593], [13.776, 45.582], [13.72, 45.588], [13.783, 45.627], [13.628, 45.771], [13.558, 45.771], [13.465, 45.71], [13.206, 45.771], [13.157, 45.747], [13.12, 45.698], [13.03, 45.638], [12.903, 45.611], [12.761, 45.544], [12.612, 45.497], [12.498, 45.462], [12.432, 45.468], [12.536, 45.545], [12.492, 45.546], [12.354, 45.492], [12.274, 45.446], [12.249, 45.369], [12.226, 45.242], [12.286, 45.208], [12.392, 45.04], [12.523, 44.968], [12.498, 44.899], [12.464, 44.845], [12.384, 44.798], [12.319, 44.833], [12.279, 44.832], [12.248, 44.723], [12.305, 44.429], [12.396, 44.224], [12.487, 44.134], [12.691, 43.995], [12.907, 43.921], [13.295, 43.686], [13.508, 43.612], [13.564, 43.571], [13.693, 43.39], [13.805, 43.18], [13.925, 42.852], [14.01, 42.69], [14.183, 42.506], [14.541, 42.244], [14.866, 42.053], [15.169, 41.934], [15.405, 41.913], [15.964, 41.939], [16.062, 41.928], [16.165, 41.896], [16.189, 41.814], [16.151, 41.758], [16.034, 41.701], [15.914, 41.621], [15.9, 41.512], [16.013, 41.435], [16.552, 41.232], [17.103, 41.062], [17.275, 40.975], [17.474, 40.841], [17.955, 40.655], [18.036, 40.565], [18.328, 40.371], [18.461, 40.221], [18.486, 40.105], [18.423, 39.987], [18.393, 39.904], [18.344, 39.821], [18.219, 39.853], [18.078, 39.937], [17.865, 40.28], [17.476, 40.315], [17.396, 40.34], [17.258, 40.399], [17.249, 40.438], [17.215, 40.486], [17.18, 40.503], [17.031, 40.513], [16.928, 40.458], [16.807, 40.326], [16.67, 40.137], [16.53, 39.86], [16.522, 39.748], [16.598, 39.639], [16.824, 39.578], [16.999, 39.482], [17.115, 39.381], [17.123, 39.137], [17.175, 38.998], [17.099, 38.919], [16.951, 38.94], [16.755, 38.89], [16.617, 38.8], [16.559, 38.715], [16.574, 38.494], [16.546, 38.409], [16.282, 38.25], [16.144, 38.086], [16.11, 38.019], [16.057, 37.942], [15.725, 37.939], [15.646, 38.034], [15.643, 38.175], [15.7, 38.262], [15.822, 38.303], [15.905, 38.483], [15.879, 38.614], [15.927, 38.672], [15.972, 38.713], [16.066, 38.736], [16.197, 38.759], [16.21, 38.941], [16.107, 39.024], [16.071, 39.139], [16.024, 39.354], [15.854, 39.627], [15.764, 39.87], [15.693, 39.99], [15.585, 40.053], [15.391, 40.052], [15.295, 40.07], [14.951, 40.239], [14.927, 40.265], [14.929, 40.31], [14.986, 40.377], [14.948, 40.469], [14.907, 40.556], [14.84, 40.63], [14.766, 40.668], [14.611, 40.645], [14.557, 40.626], [14.459, 40.633], [14.383, 40.6], [14.34, 40.599], [14.461, 40.729], [14.428, 40.759], [14.309, 40.813], [14.147, 40.821], [14.102, 40.827], [14.076, 40.794], [14.044, 40.812], [14.048, 40.87], [13.86, 41.13], [13.733, 41.236], [13.67, 41.254], [13.555, 41.232], [13.362, 41.279], [13.247, 41.289], [13.183, 41.278], [13.089, 41.244], [13.041, 41.266], [13.024, 41.301], [12.849, 41.409], [12.631, 41.47], [12.206, 41.813], [12.075, 41.941], [11.807, 42.082], [11.637, 42.288], [11.498, 42.363], [11.296, 42.423], [11.25, 42.416], [11.189, 42.393], [11.141, 42.39], [11.103, 42.417], [11.142, 42.444], [11.185, 42.457], [11.168, 42.535], [10.938, 42.739], [10.803, 42.804], [10.765, 42.845], [10.737, 42.9], [10.708, 42.936], [10.645, 42.957], [10.59, 42.954], [10.515, 42.968], [10.517, 43.065], [10.532, 43.14], [10.521, 43.204], [10.448, 43.371], [10.321, 43.513], [10.246, 43.852], [10.188, 43.948], [10.048, 44.02], [9.731, 44.101], [9.289, 44.319], [9.196, 44.323], [8.93, 44.408], [8.766, 44.422], [8.552, 44.346], [8.292, 44.137], [8.082, 43.919], [8.005, 43.877], [7.733, 43.803], [7.493, 43.767], [7.491, 43.823], [7.482, 43.865], [7.523, 43.911], [7.59, 43.965], [7.651, 44.034], [7.677, 44.083], [7.665, 44.116], [7.637, 44.165], [7.599, 44.168], [7.371, 44.127], [7.319, 44.138], [7.149, 44.202], [6.967, 44.28], [6.9, 44.336], [6.875, 44.392], [6.894, 44.428], [6.879, 44.463], [6.843, 44.511], [6.875, 44.565], [6.932, 44.632], [6.96, 44.677], [7.008, 44.689], [7.031, 44.717], [6.993, 44.827], [6.973, 44.845], [6.94, 44.859], [6.889, 44.86], [6.801, 44.883], [6.738, 44.921], [6.725, 44.973], [6.691, 45.023], [6.635, 45.068], [6.628, 45.118], [6.692, 45.144], [6.78, 45.145], [6.842, 45.136], [6.981, 45.216], [7.032, 45.223], [7.078, 45.24], [7.117, 45.349], [7.146, 45.382], [7.153, 45.401], [7.126, 45.424], [7.014, 45.5], [6.962, 45.581], [6.881, 45.67], [6.806, 45.71], [6.791, 45.741], [6.789, 45.78], [6.804, 45.815], [6.941, 45.868], [7.021, 45.926]], [[12.439, 41.898], [12.438, 41.906], [12.431, 41.905], [12.428, 41.901], [12.431, 41.898], [12.439, 41.898]], [[12.485, 43.901], [12.515, 43.953], [12.504, 43.99], [12.441, 43.982], [12.397, 43.935], [12.426, 43.894], [12.485, 43.901]]], [[[10.395, 42.858], [10.428, 42.819], [10.432, 42.797], [10.41, 42.771], [10.419, 42.713], [10.336, 42.761], [10.209, 42.737], [10.131, 42.742], [10.11, 42.785], [10.128, 42.81], [10.248, 42.816], [10.286, 42.828], [10.359, 42.822], [10.395, 42.858]]], [[[13.938, 40.706], [13.894, 40.697], [13.868, 40.709], [13.854, 40.724], [13.871, 40.762], [13.962, 40.739], [13.961, 40.718], [13.938, 40.706]]], [[[12.051, 36.757], [12.003, 36.746], [11.941, 36.78], [11.936, 36.829], [11.948, 36.843], [12.024, 36.821], [12.048, 36.776], [12.051, 36.757]]], [[[15.577, 38.22], [15.509, 38.107], [15.476, 38.063], [15.234, 37.785], [15.207, 37.721], [15.19, 37.651], [15.165, 37.59], [15.131, 37.532], [15.1, 37.459], [15.106, 37.375], [15.117, 37.335], [15.146, 37.308], [15.194, 37.283], [15.23, 37.244], [15.174, 37.209], [15.236, 37.139], [15.289, 37.097], [15.296, 37.055], [15.295, 37.013], [15.185, 36.935], [15.142, 36.892], [15.116, 36.839], [15.104, 36.785], [15.116, 36.736], [15.113, 36.688], [15.002, 36.694], [14.89, 36.724], [14.776, 36.71], [14.614, 36.767], [14.555, 36.777], [14.502, 36.799], [14.367, 36.973], [14.259, 37.046], [14.143, 37.104], [14.024, 37.107], [13.905, 37.101], [13.801, 37.136], [13.587, 37.254], [13.361, 37.349], [13.265, 37.41], [13.221, 37.452], [13.17, 37.479], [13.04, 37.507], [12.924, 37.571], [12.871, 37.575], [12.757, 37.567], [12.699, 37.572], [12.64, 37.594], [12.527, 37.67], [12.454, 37.774], [12.436, 37.82], [12.487, 37.939], [12.548, 38.053], [12.602, 38.085], [12.664, 38.108], [12.702, 38.142], [12.734, 38.183], [12.851, 38.064], [12.903, 38.035], [12.955, 38.041], [13.049, 38.084], [13.057, 38.131], [13.16, 38.19], [13.291, 38.191], [13.352, 38.181], [13.383, 38.127], [13.433, 38.11], [13.491, 38.103], [13.682, 38.001], [13.735, 37.984], [13.789, 37.981], [13.937, 38.024], [14.05, 38.041], [14.288, 38.017], [14.416, 38.043], [14.506, 38.046], [14.637, 38.085], [14.737, 38.151], [14.79, 38.167], [14.846, 38.172], [14.982, 38.168], [15.119, 38.153], [15.176, 38.168], [15.224, 38.211], [15.28, 38.23], [15.341, 38.217], [15.499, 38.291], [15.568, 38.296], [15.635, 38.268], [15.577, 38.22]]], [[[9.632, 40.882], [9.682, 40.818], [9.794, 40.556], [9.805, 40.5], [9.783, 40.442], [9.754, 40.4], [9.643, 40.268], [9.659, 40.159], [9.701, 40.092], [9.707, 40.017], [9.686, 39.924], [9.617, 39.354], [9.584, 39.254], [9.562, 39.166], [9.486, 39.14], [9.388, 39.168], [9.264, 39.217], [9.207, 39.214], [9.149, 39.197], [9.102, 39.211], [9.056, 39.239], [9.023, 39.043], [8.967, 38.964], [8.881, 38.913], [8.801, 38.91], [8.719, 38.927], [8.649, 38.927], [8.595, 38.964], [8.553, 39.03], [8.486, 39.11], [8.418, 39.206], [8.411, 39.292], [8.399, 39.482], [8.419, 39.523], [8.447, 39.563], [8.461, 39.648], [8.451, 39.722], [8.471, 39.748], [8.511, 39.722], [8.541, 39.732], [8.539, 39.77], [8.548, 39.839], [8.496, 39.897], [8.408, 39.917], [8.399, 39.978], [8.409, 40.038], [8.455, 40.078], [8.471, 40.131], [8.471, 40.293], [8.409, 40.352], [8.385, 40.443], [8.353, 40.501], [8.296, 40.559], [8.23, 40.606], [8.19, 40.652], [8.181, 40.771], [8.204, 40.871], [8.224, 40.913], [8.245, 40.907], [8.31, 40.858], [8.363, 40.846], [8.468, 40.834], [8.572, 40.85], [8.699, 40.895], [8.821, 40.95], [8.998, 41.11], [9.107, 41.143], [9.163, 41.185], [9.182, 41.242], [9.228, 41.257], [9.283, 41.202], [9.351, 41.196], [9.455, 41.15], [9.5, 41.106], [9.539, 41.054], [9.576, 41.031], [9.615, 41.017], [9.621, 41.005], [9.59, 40.992], [9.554, 40.932], [9.574, 40.915], [9.632, 40.882]]], [[[8.479, 39.068], [8.421, 38.969], [8.361, 39.039], [8.359, 39.099], [8.367, 39.116], [8.441, 39.091], [8.479, 39.068]]], [[[8.286, 41.04], [8.253, 40.994], [8.206, 40.997], [8.224, 41.031], [8.267, 41.099], [8.32, 41.122], [8.344, 41.102], [8.319, 41.063], [8.286, 41.04]]]]}}, {"type": "Feature", "properties": {"ISO_A2": "KZ", "ISO_A3": "KAZ", "NAME": "Kazakhstan", "fillColor": "#00AFCA"}, "geometry": {"type": "MultiPolygon", "coordinates": [[[[50.184, 44.855], [50.149, 44.826], [50.095, 44.831], [49.995, 44.937], [50.023, 45.045], [50.059, 45.067], [50.11, 45.082], [50.117, 45.058], [50.045, 45.01], [50.039, 44.949], [50.098, 44.882], [50.184, 44.855]]], [[[50.312, 44.972], [50.277, 44.959], [50.256, 45.022], [50.295, 45.076], [50.35, 45.083], [50.331, 44.998], [50.312, 44.972]]], [[[52.682, 45.412], [52.665, 45.401], [52.598, 45.428], [52.554, 45.474], [52.609, 45.528], [52.66, 45.518], [52.693, 45.461], [52.682, 45.412]]], [[[70.947, 42.249], [70.86, 42.207], [70.765, 42.194], [70.715, 42.169], [70.662, 42.107], [70.613, 42.055], [70.584, 42.036], [70.54, 42.039], [70.489, 42.08], [70.416, 42.079], [70.329, 42.028], [70.226, 41.946], [70.096, 41.821], [69.96, 41.754], [69.788, 41.697], [69.664, 41.672], [69.565, 41.629], [69.401, 41.542], [69.368, 41.491], [69.249, 41.46], [69.154, 41.425], [69.065, 41.367], [69.043, 41.264], [68.987, 41.205], [68.851, 41.124], [68.737, 41.042], [68.663, 40.962], [68.584, 40.876], [68.559, 40.829], [68.557, 40.765], [68.594, 40.711], [68.601, 40.66], [68.573, 40.623], [68.496, 40.609], [68.415, 40.619], [68.292, 40.656], [68.16, 40.722], [68.112, 40.754], [68.048, 40.809], [68.057, 40.861], [68.09, 40.96], [68.113, 41.029], [68.059, 41.061], [68.02, 41.096], [67.991, 41.13], [67.936, 41.197], [67.866, 41.18], [67.805, 41.164], [67.735, 41.187], [67.528, 41.177], [67.372, 41.17], [67.225, 41.162], [67.039, 41.153], [66.814, 41.142], [66.75, 41.157], [66.71, 41.179], [66.669, 41.271], [66.645, 41.349], [66.602, 41.494], [66.573, 41.607], [66.538, 41.741], [66.515, 41.889], [66.499, 41.995], [66.329, 41.998], [66.193, 42.001], [66.01, 42.005], [66.011, 42.089], [66.013, 42.194], [66.016, 42.315], [66.05, 42.473], [66.063, 42.605], [66.079, 42.767], [66.089, 42.873], [66.1, 42.991], [66.006, 42.955], [65.901, 42.915], [65.803, 42.877], [65.736, 42.972], [65.67, 43.065], [65.571, 43.205], [65.496, 43.311], [65.367, 43.372], [65.271, 43.418], [65.171, 43.494], [65.085, 43.574], [65.003, 43.649], [64.905, 43.715], [64.812, 43.694], [64.706, 43.653], [64.604, 43.613], [64.496, 43.572], [64.443, 43.551], [64.318, 43.559], [64.209, 43.566], [64.013, 43.578], [63.848, 43.588], [63.68, 43.599], [63.445, 43.613], [63.207, 43.628], [63.048, 43.608], [62.846, 43.584], [62.634, 43.558], [62.459, 43.537], [62.238, 43.51], [62.072, 43.489], [61.99, 43.492], [61.888, 43.577], [61.723, 43.714], [61.624, 43.796], [61.526, 43.877], [61.385, 43.994], [61.271, 44.082], [61.161, 44.169], [61.097, 44.248], [61.065, 44.348], [61.008, 44.394], [60.879, 44.455], [60.741, 44.521], [60.603, 44.587], [60.465, 44.652], [60.327, 44.718], [60.188, 44.784], [60.05, 44.85], [59.912, 44.916], [59.774, 44.981], [59.636, 45.047], [59.498, 45.113], [59.36, 45.179], [59.221, 45.244], [59.083, 45.31], [58.945, 45.376], [58.807, 45.442], [58.669, 45.508], [58.555, 45.555], [58.449, 45.543], [58.291, 45.509], [58.125, 45.474], [57.961, 45.44], [57.667, 45.377], [57.477, 45.337], [57.329, 45.304], [57.172, 45.268], [56.965, 45.221], [56.792, 45.181], [56.589, 45.135], [56.409, 45.094], [56.258, 45.059], [56.1, 45.023], [55.976, 44.995], [55.976, 44.765], [55.976, 44.536], [55.976, 44.306], [55.976, 44.077], [55.976, 43.847], [55.976, 43.618], [55.976, 43.388], [55.977, 43.159], [55.977, 42.929], [55.977, 42.7], [55.977, 42.47], [55.977, 42.24], [55.977, 42.011], [55.977, 41.781], [55.977, 41.552], [55.977, 41.322], [55.935, 41.324], [55.839, 41.311], [55.679, 41.279], [55.545, 41.263], [55.487, 41.272], [55.434, 41.296], [55.388, 41.347], [55.32, 41.408], [55.25, 41.458], [55.162, 41.56], [55.102, 41.639], [54.952, 41.81], [54.932, 41.864], [54.904, 41.919], [54.854, 41.965], [54.678, 42.078], [54.473, 42.18], [54.272, 42.28], [54.215, 42.304], [54.121, 42.335], [54.005, 42.336], [53.926, 42.33], [53.685, 42.297], [53.501, 42.258], [53.25, 42.206], [53.056, 42.148], [53.013, 42.131], [52.871, 42.061], [52.697, 41.944], [52.494, 41.78], [52.468, 41.886], [52.459, 42.048], [52.462, 42.101], [52.517, 42.237], [52.573, 42.331], [52.618, 42.428], [52.638, 42.556], [52.597, 42.76], [52.55, 42.805], [52.494, 42.82], [52.434, 42.824], [52.324, 42.816], [52.273, 42.8], [52.184, 42.869], [52.076, 42.88], [52.019, 42.861], [51.961, 42.851], [51.898, 42.87], [51.844, 42.91], [51.811, 42.954], [51.785, 43.004], [51.7, 43.104], [51.616, 43.158], [51.514, 43.171], [51.348, 43.167], [51.295, 43.174], [51.292, 43.231], [51.313, 43.356], [51.314, 43.421], [51.302, 43.482], [51.274, 43.533], [51.239, 43.577], [51.14, 43.649], [51.065, 43.75], [50.94, 43.959], [50.831, 44.193], [50.783, 44.228], [50.685, 44.265], [50.472, 44.295], [50.331, 44.325], [50.276, 44.355], [50.253, 44.406], [50.253, 44.462], [50.265, 44.527], [50.297, 44.582], [50.409, 44.624], [50.652, 44.633], [50.86, 44.629], [51.049, 44.53], [51.111, 44.508], [51.177, 44.501], [51.311, 44.532], [51.377, 44.541], [51.544, 44.531], [51.494, 44.578], [51.431, 44.602], [51.366, 44.6], [51.31, 44.619], [51.218, 44.709], [51.058, 44.812], [51.021, 44.854], [51.009, 44.922], [51.04, 44.98], [51.154, 45.04], [51.25, 45.122], [51.294, 45.23], [51.333, 45.28], [51.416, 45.358], [51.54, 45.343], [51.733, 45.399], [52.049, 45.388], [52.427, 45.405], [52.531, 45.399], [52.772, 45.344], [52.911, 45.32], [53.079, 45.308], [53.2, 45.332], [53.086, 45.407], [52.837, 45.497], [52.774, 45.573], [52.888, 45.78], [53.042, 45.968], [53.135, 46.192], [53.109, 46.414], [53.064, 46.475], [53.079, 46.547], [53.132, 46.608], [53.17, 46.669], [53.138, 46.742], [53.069, 46.856], [53.035, 46.893], [52.916, 46.954], [52.678, 46.957], [52.483, 46.991], [52.42, 46.964], [52.385, 46.922], [52.34, 46.895], [52.189, 46.84], [52.138, 46.829], [52.086, 46.84], [52.011, 46.902], [51.945, 46.895], [51.745, 46.934], [51.65, 47.018], [51.615, 47.03], [51.291, 47.097], [51.178, 47.11], [50.92, 47.041], [50.733, 46.952], [50.68, 46.939], [50.583, 46.882], [50.528, 46.873], [50.472, 46.883], [50.419, 46.879], [50.306, 46.795], [50.102, 46.696], [50.0, 46.634], [49.886, 46.596], [49.761, 46.571], [49.632, 46.568], [49.584, 46.545], [49.437, 46.537], [49.347, 46.519], [49.344, 46.486], [49.362, 46.41], [49.286, 46.437], [49.206, 46.386], [49.232, 46.337], [49.184, 46.349], [48.959, 46.442], [48.774, 46.508], [48.61, 46.566], [48.586, 46.577], [48.541, 46.606], [48.509, 46.65], [48.502, 46.699], [48.519, 46.734], [48.558, 46.757], [48.605, 46.766], [48.647, 46.759], [48.694, 46.737], [48.776, 46.71], [48.884, 46.705], [48.95, 46.726], [48.959, 46.775], [48.832, 46.955], [48.714, 47.1], [48.601, 47.262], [48.553, 47.321], [48.413, 47.456], [48.276, 47.59], [48.167, 47.709], [48.11, 47.745], [47.935, 47.761], [47.6, 47.79], [47.482, 47.804], [47.387, 47.769], [47.292, 47.741], [47.202, 47.792], [47.131, 47.877], [47.093, 47.948], [47.112, 48.02], [47.119, 48.127], [47.065, 48.232], [47.004, 48.284], [46.853, 48.324], [46.661, 48.412], [46.609, 48.574], [46.703, 48.806], [46.853, 48.97], [46.962, 49.038], [47.014, 49.098], [47.031, 49.15], [47.018, 49.2], [46.953, 49.253], [46.853, 49.304], [46.802, 49.367], [46.823, 49.502], [46.89, 49.697], [46.992, 49.853], [47.13, 49.939], [47.248, 50.001], [47.295, 50.058], [47.298, 50.14], [47.295, 50.217], [47.326, 50.274], [47.376, 50.318], [47.429, 50.358], [47.504, 50.403], [47.6, 50.414], [47.706, 50.378], [47.85, 50.282], [48.061, 50.094], [48.181, 49.97], [48.225, 49.932], [48.335, 49.858], [48.434, 49.829], [48.6, 49.875], [48.759, 49.928], [48.81, 49.962], [48.843, 50.013], [48.818, 50.1], [48.785, 50.156], [48.749, 50.228], [48.7, 50.354], [48.666, 50.55], [48.625, 50.613], [48.655, 50.62], [48.735, 50.607], [48.808, 50.601], [48.914, 50.645], [49.059, 50.726], [49.323, 50.852], [49.379, 50.935], [49.425, 51.027], [49.498, 51.084], [49.666, 51.102], [49.822, 51.132], [49.932, 51.197], [50.105, 51.255], [50.247, 51.29], [50.309, 51.322], [50.354, 51.37], [50.516, 51.506], [50.644, 51.589], [50.756, 51.675], [50.794, 51.729], [50.882, 51.719], [51.018, 51.682], [51.163, 51.647], [51.27, 51.594], [51.291, 51.54], [51.301, 51.497], [51.345, 51.475], [51.396, 51.471], [51.473, 51.482], [51.609, 51.484], [51.775, 51.554], [52.007, 51.673], [52.219, 51.709], [52.331, 51.681], [52.423, 51.594], [52.496, 51.512], [52.571, 51.482], [52.618, 51.481], [52.635, 51.48], [52.728, 51.498], [52.735, 51.498], [52.821, 51.495], [52.903, 51.467], [53.038, 51.464], [53.227, 51.485], [53.247, 51.494], [53.338, 51.482], [53.449, 51.445], [53.535, 51.4], [53.688, 51.252], [53.776, 51.214], [53.957, 51.161], [54.042, 51.115], [54.14, 51.041], [54.191, 50.996], [54.298, 50.914], [54.421, 50.78], [54.443, 50.674], [54.471, 50.584], [54.517, 50.541], [54.555, 50.536], [54.596, 50.551], [54.636, 50.592], [54.65, 50.66], [54.638, 50.781], [54.606, 50.88], [54.566, 50.911], [54.546, 50.946], [54.573, 50.99], [54.642, 51.012], [54.727, 50.998], [54.868, 50.941], [55.015, 50.87], [55.195, 50.745], [55.361, 50.665], [55.542, 50.602], [55.686, 50.583], [55.798, 50.602], [55.929, 50.654], [56.05, 50.714], [56.104, 50.776], [56.144, 50.845], [56.326, 50.936], [56.491, 51.02], [56.567, 51.004], [56.62, 50.981], [56.79, 51.032], [56.85, 51.046], [57.012, 51.065], [57.179, 51.036], [57.312, 50.947], [57.442, 50.889], [57.558, 50.896], [57.654, 50.925], [57.717, 50.981], [57.765, 51.047], [57.829, 51.089], [57.839, 51.092], [58.045, 51.069], [58.175, 51.072], [58.188, 51.082], [58.359, 51.064], [58.547, 50.971], [58.665, 50.868], [58.814, 50.737], [58.884, 50.694], [58.985, 50.676], [59.064, 50.668], [59.171, 50.648], [59.452, 50.62], [59.495, 50.604], [59.524, 50.583], [59.498, 50.511], [59.523, 50.493], [59.751, 50.544], [59.812, 50.582], [59.888, 50.69], [59.955, 50.799], [60.005, 50.84], [60.059, 50.85], [60.112, 50.834], [60.187, 50.77], [60.288, 50.704], [60.425, 50.679], [60.508, 50.669], [60.638, 50.664], [60.942, 50.696], [61.227, 50.775], [61.389, 50.861], [61.465, 50.99], [61.512, 51.137], [61.585, 51.23], [61.555, 51.325], [61.411, 51.415], [61.363, 51.442], [61.015, 51.492], [60.993, 51.529], [60.974, 51.537], [60.63, 51.617], [60.465, 51.651], [60.418, 51.704], [60.388, 51.773], [60.28, 51.835], [60.067, 51.891], [60.03, 51.933], [60.066, 51.976], [60.234, 52.025], [60.425, 52.126], [60.499, 52.146], [60.67, 52.151], [60.828, 52.233], [60.938, 52.281], [60.995, 52.337], [60.979, 52.395], [60.821, 52.57], [60.774, 52.676], [60.802, 52.745], [60.893, 52.819], [60.945, 52.86], [61.007, 52.933], [61.047, 52.972], [61.207, 52.989], [61.401, 52.996], [61.534, 52.979], [61.719, 52.969], [61.889, 52.956], [61.974, 52.944], [62.037, 52.966], [62.083, 53.005], [62.081, 53.057], [62.015, 53.108], [61.766, 53.174], [61.66, 53.228], [61.576, 53.222], [61.437, 53.239], [61.311, 53.275], [61.199, 53.287], [61.163, 53.337], [61.186, 53.406], [61.229, 53.446], [61.312, 53.466], [61.401, 53.456], [61.499, 53.485], [61.527, 53.502], [61.535, 53.523], [61.519, 53.554], [61.474, 53.58], [61.41, 53.587], [61.336, 53.565], [61.248, 53.551], [61.099, 53.583], [60.979, 53.622], [60.986, 53.657], [61.074, 53.71], [61.113, 53.753], [61.113, 53.813], [61.113, 53.882], [61.144, 53.964], [61.231, 54.019], [61.334, 54.049], [61.598, 53.995], [61.929, 53.946], [61.986, 53.954], [62.002, 53.98], [62.04, 54.003], [62.499, 54.013], [62.588, 54.044], [62.633, 54.069], [63.074, 54.105], [63.127, 54.139], [63.191, 54.171], [63.293, 54.17], [63.414, 54.183], [63.582, 54.222], [63.701, 54.243], [63.721, 54.245], [63.847, 54.236], [64.004, 54.267], [64.037, 54.28], [64.063, 54.303], [64.199, 54.347], [64.461, 54.384], [64.525, 54.362], [64.65, 54.352], [64.809, 54.369], [64.927, 54.397], [64.995, 54.369], [65.088, 54.34], [65.158, 54.364], [65.192, 54.441], [65.237, 54.516], [65.316, 54.552], [65.378, 54.564], [65.434, 54.593], [65.477, 54.623], [65.708, 54.619], [65.914, 54.693], [65.955, 54.66], [66.223, 54.667], [66.555, 54.715], [66.754, 54.738], [67.098, 54.788], [67.257, 54.829], [67.485, 54.854], [67.693, 54.872], [67.83, 54.944], [67.94, 54.954], [68.074, 54.96], [68.156, 54.977], [68.209, 55.003], [68.244, 55.052], [68.225, 55.115], [68.206, 55.161], [68.302, 55.187], [68.438, 55.194], [68.525, 55.205], [68.713, 55.308], [68.843, 55.358], [68.977, 55.39], [69.247, 55.373], [69.493, 55.357], [69.74, 55.307], [69.87, 55.246], [69.982, 55.199], [70.087, 55.177], [70.182, 55.162], [70.293, 55.184], [70.371, 55.212], [70.417, 55.253], [70.486, 55.282], [70.738, 55.305], [70.79, 55.261], [70.91, 55.128], [70.992, 54.95], [71.126, 54.715], [71.186, 54.599], [71.159, 54.539], [71.16, 54.455], [71.152, 54.364], [71.053, 54.26], [71.093, 54.212], [71.336, 54.158], [71.677, 54.178], [71.887, 54.221], [72.004, 54.206], [72.066, 54.232], [72.105, 54.308], [72.186, 54.326], [72.269, 54.272], [72.329, 54.181], [72.387, 54.123], [72.383, 54.054], [72.404, 53.964], [72.447, 53.942], [72.53, 53.976], [72.586, 53.996], [72.599, 54.023], [72.576, 54.056], [72.564, 54.09], [72.583, 54.122], [72.622, 54.134], [72.741, 54.125], [72.914, 54.107], [73.119, 53.981], [73.23, 53.958], [73.277, 53.956], [73.381, 53.963], [73.506, 53.999], [73.59, 54.045], [73.618, 54.067], [73.666, 54.063], [73.712, 54.042], [73.716, 53.996], [73.679, 53.929], [73.554, 53.868], [73.399, 53.811], [73.306, 53.707], [73.286, 53.598], [73.327, 53.543], [73.362, 53.506], [73.372, 53.454], [73.407, 53.448], [73.47, 53.469], [73.643, 53.576], [73.731, 53.603], [73.859, 53.62], [74.069, 53.611], [74.21, 53.576], [74.277, 53.528], [74.352, 53.488], [74.403, 53.504], [74.429, 53.551], [74.43, 53.604], [74.452, 53.647], [74.681, 53.754], [74.834, 53.826], [74.887, 53.834], [74.989, 53.819], [75.052, 53.827], [75.22, 53.894], [75.377, 53.97], [75.392, 54.022], [75.398, 54.069], [75.437, 54.09], [75.657, 54.106], [75.693, 54.115], [75.881, 54.168], [76.141, 54.259], [76.267, 54.312], [76.496, 54.336], [76.539, 54.351], [76.616, 54.387], [76.759, 54.437], [76.837, 54.442], [76.789, 54.322], [76.703, 54.182], [76.655, 54.145], [76.422, 54.152], [76.422, 54.114], [76.459, 54.055], [76.485, 54.023], [76.513, 53.993], [76.576, 53.943], [76.821, 53.823], [77.132, 53.67], [77.469, 53.499], [77.704, 53.379], [77.799, 53.317], [77.86, 53.269], [78.033, 53.095], [78.198, 52.93], [78.475, 52.638], [78.721, 52.357], [78.992, 52.047], [79.149, 51.868], [79.469, 51.493], [79.554, 51.378], [79.716, 51.16], [79.86, 50.955], [79.986, 50.775], [80.066, 50.758], [80.072, 50.807], [80.086, 50.84], [80.127, 50.858], [80.22, 50.912], [80.27, 50.925], [80.345, 50.919], [80.424, 50.946], [80.452, 50.998], [80.434, 51.093], [80.421, 51.136], [80.448, 51.183], [80.491, 51.202], [80.551, 51.217], [80.605, 51.224], [80.65, 51.277], [80.735, 51.293], [80.813, 51.283], [80.877, 51.281], [80.934, 51.243], [80.966, 51.19], [81.027, 51.186], [81.127, 51.191], [81.141, 51.147], [81.112, 51.072], [81.078, 51.015], [81.071, 50.969], [81.125, 50.946], [81.319, 50.966], [81.388, 50.956], [81.41, 50.91], [81.438, 50.871], [81.452, 50.824], [81.431, 50.771], [81.466, 50.74], [81.634, 50.739], [81.752, 50.764], [81.934, 50.766], [82.098, 50.711], [82.212, 50.719], [82.326, 50.742], [82.494, 50.728], [82.612, 50.771], [82.693, 50.826], [82.719, 50.869], [82.761, 50.893], [82.919, 50.893], [83.019, 50.897], [83.093, 50.961], [83.16, 50.989], [83.274, 50.995], [83.357, 50.995], [83.581, 50.936], [83.718, 50.887], [83.86, 50.818], [83.945, 50.775], [84.002, 50.677], [84.099, 50.605], [84.176, 50.521], [84.195, 50.437], [84.258, 50.288], [84.323, 50.239], [84.401, 50.239], [84.499, 50.219], [84.607, 50.202], [84.839, 50.091], [84.924, 50.088], [84.989, 50.061], [85.0, 50.01], [84.975, 49.951], [85.001, 49.894], [85.076, 49.822], [85.137, 49.751], [85.21, 49.665], [85.233, 49.616], [85.292, 49.599], [85.372, 49.624], [85.498, 49.605], [85.88, 49.557], [85.934, 49.55], [85.974, 49.499], [86.03, 49.503], [86.093, 49.505], [86.181, 49.499], [86.242, 49.546], [86.292, 49.587], [86.418, 49.638], [86.522, 49.708], [86.61, 49.769], [86.675, 49.777], [86.729, 49.749], [86.731, 49.696], [86.665, 49.657], [86.614, 49.61], [86.626, 49.563], [86.714, 49.559], [86.812, 49.488], [86.953, 49.322], [87.001, 49.287], [87.071, 49.255], [87.148, 49.24], [87.234, 49.216], [87.297, 49.148], [87.323, 49.086], [87.23, 49.106], [87.049, 49.11], [86.938, 49.098], [86.886, 49.091], [86.808, 49.05], [86.753, 49.009], [86.729, 48.939], [86.758, 48.861], [86.718, 48.697], [86.664, 48.636], [86.549, 48.529], [86.483, 48.505], [86.373, 48.486], [86.266, 48.455], [86.056, 48.424], [85.83, 48.408], [85.749, 48.385], [85.692, 48.312], [85.652, 48.251], [85.626, 48.204], [85.562, 48.052], [85.526, 47.916], [85.562, 47.746], [85.588, 47.558], [85.587, 47.494], [85.642, 47.397], [85.67, 47.338], [85.657, 47.255], [85.577, 47.188], [85.53, 47.101], [85.485, 47.064], [85.355, 47.047], [85.233, 47.036], [85.111, 46.961], [85.012, 46.909], [84.858, 46.843], [84.786, 46.831], [84.746, 46.864], [84.72, 46.939], [84.667, 46.972], [84.592, 46.975], [84.532, 46.976], [84.339, 46.996], [84.215, 46.995], [84.122, 46.979], [84.016, 46.971], [83.833, 46.998], [83.714, 47.021], [83.634, 47.043], [83.444, 47.109], [83.193, 47.187], [83.09, 47.209], [83.029, 47.186], [83.02, 47.141], [83.004, 47.033], [82.975, 46.966], [82.8, 46.624], [82.692, 46.387], [82.555, 46.159], [82.512, 46.006], [82.43, 45.812], [82.348, 45.672], [82.315, 45.595], [82.312, 45.564], [82.327, 45.52], [82.452, 45.472], [82.583, 45.443], [82.612, 45.424], [82.626, 45.374], [82.621, 45.293], [82.597, 45.216], [82.559, 45.155], [82.521, 45.125], [82.479, 45.124], [82.397, 45.162], [82.323, 45.206], [82.267, 45.219], [82.123, 45.195], [81.989, 45.162], [81.945, 45.161], [81.867, 45.182], [81.79, 45.226], [81.759, 45.311], [81.692, 45.349], [81.602, 45.311], [81.335, 45.246], [81.04, 45.169], [80.853, 45.129], [80.78, 45.136], [80.635, 45.127], [80.509, 45.105], [80.415, 45.075], [80.228, 45.034], [80.059, 45.006], [79.95, 44.944], [79.872, 44.884], [79.875, 44.861], [79.932, 44.825], [79.997, 44.797], [80.128, 44.804], [80.255, 44.808], [80.361, 44.77], [80.455, 44.746], [80.482, 44.715], [80.455, 44.684], [80.401, 44.677], [80.381, 44.655], [80.391, 44.627], [80.355, 44.552], [80.336, 44.438], [80.355, 44.327], [80.365, 44.223], [80.359, 44.171], [80.355, 44.097], [80.396, 44.047], [80.432, 43.952], [80.496, 43.892], [80.593, 43.685], [80.651, 43.564], [80.704, 43.427], [80.665, 43.353], [80.668, 43.31], [80.73, 43.274], [80.757, 43.204], [80.786, 43.162], [80.778, 43.119], [80.751, 43.102], [80.617, 43.128], [80.507, 43.086], [80.39, 43.043], [80.375, 43.02], [80.371, 42.996], [80.383, 42.974], [80.451, 42.936], [80.544, 42.912], [80.539, 42.873], [80.424, 42.856], [80.25, 42.797], [80.202, 42.734], [80.165, 42.666], [80.162, 42.626], [80.179, 42.518], [80.206, 42.399], [80.255, 42.274], [80.259, 42.235], [80.233, 42.208], [80.209, 42.19], [80.071, 42.303], [79.921, 42.413], [79.803, 42.438], [79.598, 42.457], [79.49, 42.458], [79.428, 42.483], [79.368, 42.547], [79.296, 42.605], [79.203, 42.666], [79.165, 42.759], [79.127, 42.776], [79.06, 42.764], [78.948, 42.767], [78.885, 42.775], [78.792, 42.791], [78.642, 42.829], [78.524, 42.865], [78.376, 42.871], [78.29, 42.864], [78.023, 42.858], [77.802, 42.895], [77.622, 42.902], [77.512, 42.9], [77.459, 42.905], [77.369, 42.904], [77.236, 42.913], [77.057, 42.971], [76.988, 42.974], [76.944, 42.971], [76.646, 42.929], [76.509, 42.919], [76.218, 42.924], [75.932, 42.929], [75.84, 42.938], [75.79, 42.933], [75.682, 42.83], [75.636, 42.815], [75.366, 42.837], [75.048, 42.904], [74.818, 42.978], [74.622, 43.056], [74.364, 43.179], [74.209, 43.24], [74.187, 43.205], [74.146, 43.194], [74.086, 43.189], [73.949, 43.195], [73.886, 43.133], [73.719, 43.088], [73.612, 43.048], [73.556, 43.003], [73.45, 42.703], [73.422, 42.594], [73.493, 42.409], [73.412, 42.42], [73.316, 42.467], [73.283, 42.504], [73.191, 42.527], [72.855, 42.561], [72.792, 42.603], [72.753, 42.638], [72.666, 42.66], [72.543, 42.678], [72.276, 42.758], [72.162, 42.761], [71.817, 42.822], [71.761, 42.821], [71.735, 42.819], [71.601, 42.779], [71.514, 42.767], [71.422, 42.783], [71.257, 42.734], [71.167, 42.667], [71.094, 42.587], [71.023, 42.535], [71.002, 42.459], [70.952, 42.419], [70.893, 42.34], [70.893, 42.294], [70.947, 42.249]]]]}}, {"type": "Feature", "properties": {"ISO_A2": "CH", "ISO_A3": "CHE", "NAME": "Switzerland", "fillColor": "#DA291C"}, "geometry": {"type": "Polygon", "coordinates": [[[9.524023, 47.524219], [9.554395, 47.511133], [9.625879, 47.467041], [9.609082, 47.391797], [9.527539, 47.270752], [9.484277, 47.172656], [9.479492, 47.09751], [9.487695, 47.062256], [9.502344, 47.062744], [9.580273, 47.057373], [9.619922, 47.057471], [9.74502, 47.037109], [9.845313, 47.007373], [9.864648, 46.975977], [9.877734, 46.937695], [9.996875, 46.885352], [10.133496, 46.851514], [10.179785, 46.862354], [10.349414, 46.984766], [10.414941, 46.964404], [10.45459, 46.899414], [10.452832, 46.864941], [10.406055, 46.734863], [10.397949, 46.665039], [10.438281, 46.618848], [10.44248, 46.582861], [10.430664, 46.550049], [10.363086, 46.54707], [10.272266, 46.564844], [10.195508, 46.621094], [10.1375, 46.614355], [10.087012, 46.599902], [10.06123, 46.546777], [10.038281, 46.483203], [10.045605, 46.4479], [10.081934, 46.420752], [10.109668, 46.362842], [10.129883, 46.287988], [10.145215, 46.253516], [10.12832, 46.238232], [10.080566, 46.227979], [10.041016, 46.238086], [9.97168, 46.327686], [9.939258, 46.361816], [9.884473, 46.367773], [9.787793, 46.346045], [9.639453, 46.295898], [9.57959, 46.296094], [9.528711, 46.306201], [9.481055, 46.348779], [9.440625, 46.430811], [9.427637, 46.482324], [9.399316, 46.480664], [9.304395, 46.495557], [9.260156, 46.475195], [9.259766, 46.39126], [9.251074, 46.286768], [9.203418, 46.219238], [9.070996, 46.102441], [9.022363, 46.051465], [9.003027, 46.014893], [8.998926, 45.983105], [9.019141, 45.928125], [9.04668, 45.875586], [9.02373, 45.845703], [8.953711, 45.830029], [8.904297, 45.861963], [8.885156, 45.918701], [8.778027, 45.996191], [8.826758, 46.061035], [8.818555, 46.077148], [8.641699, 46.110791], [8.56543, 46.159814], [8.458398, 46.245898], [8.438477, 46.282861], [8.442969, 46.402783], [8.436816, 46.431885], [8.422559, 46.446045], [8.370703, 46.445117], [8.298535, 46.403418], [8.231934, 46.341211], [8.095703, 46.271045], [8.081543, 46.256006], [8.127246, 46.187598], [8.125195, 46.160937], [8.014258, 46.051904], [7.993164, 46.015918], [7.852344, 45.947461], [7.787891, 45.921826], [7.592578, 45.972217], [7.538574, 45.978174], [7.451563, 45.944434], [7.32793, 45.912354], [7.129004, 45.88042], [7.055762, 45.903809], [7.021094, 45.925781], [7.003906, 45.958838], [6.953711, 46.017139], [6.897266, 46.051758], [6.858008, 46.089404], [6.805664, 46.130664], [6.77207, 46.165137], [6.816797, 46.275195], [6.78418, 46.313965], [6.767383, 46.369189], [6.776074, 46.406641], [6.758105, 46.415771], [6.578223, 46.437354], [6.428906, 46.430518], [6.321875, 46.393701], [6.234668, 46.332617], [6.224219, 46.319434], [6.22959, 46.308447], [6.272949, 46.252246], [6.199414, 46.193066], [6.086621, 46.147021], [6.006641, 46.142334], [5.971484, 46.151221], [5.97002, 46.214697], [6.036133, 46.238086], [6.095898, 46.279395], [6.115918, 46.337646], [6.123242, 46.378613], [6.060254, 46.428174], [6.067969, 46.458545], [6.107031, 46.516064], [6.129688, 46.566992], [6.160742, 46.611035], [6.285156, 46.683057], [6.410156, 46.75542], [6.429004, 46.832275], [6.438574, 46.925879], [6.45625, 46.94834], [6.624805, 47.004346], [6.666895, 47.026514], [6.688086, 47.058252], [6.820703, 47.163184], [6.952051, 47.267187], [6.978516, 47.302051], [7.000586, 47.32251], [7.000586, 47.339453], [6.984082, 47.352539], [6.921484, 47.36123], [6.900391, 47.394238], [6.968359, 47.453223], [7.053418, 47.489355], [7.136035, 47.489844], [7.169238, 47.473242], [7.16748, 47.453711], [7.203125, 47.432715], [7.265723, 47.425781], [7.343164, 47.433105], [7.42002, 47.455176], [7.467383, 47.507666], [7.494922, 47.547363], [7.615625, 47.592725], [7.698047, 47.569873], [7.927051, 47.563867], [8.09375, 47.576172], [8.198242, 47.606934], [8.327832, 47.606934], [8.414746, 47.5896], [8.430078, 47.592139], [8.454004, 47.596191], [8.477637, 47.612695], [8.559473, 47.624023], [8.570508, 47.637793], [8.56709, 47.651904], [8.552344, 47.659131], [8.451758, 47.651807], [8.413281, 47.662695], [8.403418, 47.687793], [8.435742, 47.731348], [8.509863, 47.766895], [8.572656, 47.775635], [8.617871, 47.766113], [8.72832, 47.700049], [8.754785, 47.698047], [8.770117, 47.709912], [8.793066, 47.716553], [8.831152, 47.703613], [8.874023, 47.662695], [8.881152, 47.656396], [9.127539, 47.670703], [9.182813, 47.670703], [9.35, 47.598926], [9.524023, 47.524219]]]}}, {"type": "Feature", "properties": {"ISO_A2": "PH", "ISO_A3": "PHL", "NAME": "Philippines", "fillColor": "#0038A8"}, "geometry": {"type": "MultiPolygon", "coordinates": [[[[121.101562, 18.615283], [121.254492, 18.563428], [121.592969, 18.376465], [121.716797, 18.330078], [121.845605, 18.29541], [121.947559, 18.285156], [122.038477, 18.32793], [122.076953, 18.37168], [122.14668, 18.486572], [122.221191, 18.500635], [122.265527, 18.458838], [122.299805, 18.402783], [122.315039, 18.320312], [122.293848, 18.234277], [122.222852, 18.157129], [122.179492, 18.064258], [122.150977, 17.756494], [122.152344, 17.664404], [122.175195, 17.575684], [122.236816, 17.434863], [122.269043, 17.395264], [122.362305, 17.344873], [122.3875, 17.306787], [122.392871, 17.238379], [122.40752, 17.178125], [122.467871, 17.155127], [122.519141, 17.124854], [122.5, 17.058008], [122.467969, 16.990039], [122.425781, 16.822656], [122.225879, 16.435205], [122.21416, 16.351514], [122.135156, 16.184814], [121.974707, 16.15791], [121.788672, 16.077441], [121.685156, 16.014746], [121.595313, 15.933252], [121.560938, 15.826758], [121.59043, 15.778027], [121.60918, 15.726025], [121.607031, 15.669824], [121.579199, 15.623193], [121.489844, 15.509521], [121.452051, 15.41665], [121.411914, 15.375049], [121.392285, 15.324414], [121.398926, 15.266602], [121.434961, 15.216309], [121.543945, 14.99917], [121.660547, 14.789502], [121.685645, 14.76543], [121.69541, 14.737305], [121.626563, 14.681738], [121.62793, 14.581152], [121.648535, 14.481494], [121.751855, 14.23418], [121.766602, 14.168066], [121.800488, 14.113867], [121.85332, 14.063086], [121.911719, 14.02041], [122.07959, 13.947119], [122.144336, 13.932715], [122.211719, 13.930176], [122.228418, 13.979492], [122.2875, 13.996191], [122.274414, 14.044727], [122.202539, 14.11167], [122.199707, 14.148047], [122.2375, 14.175049], [122.282617, 14.19082], [122.383691, 14.263867], [122.49082, 14.322363], [122.627148, 14.317529], [122.761035, 14.284863], [122.856055, 14.250781], [122.93418, 14.188086], [123.014551, 14.079834], [123.070996, 13.959961], [123.070703, 13.902734], [123.056934, 13.845459], [123.059961, 13.78877], [123.101953, 13.750244], [123.231445, 13.747363], [123.296973, 13.836426], [123.305371, 13.936572], [123.259277, 13.975439], [123.280469, 14.024805], [123.320312, 14.06167], [123.377441, 14.028662], [123.432324, 13.96626], [123.632812, 13.898486], [123.684082, 13.897021], [123.725977, 13.884326], [123.815723, 13.837109], [123.857617, 13.799609], [123.80625, 13.721729], [123.607129, 13.704443], [123.549609, 13.645752], [123.608105, 13.528076], [123.703613, 13.431592], [123.764844, 13.353516], [123.819238, 13.269482], [123.816602, 13.191602], [123.785156, 13.110547], [123.872754, 13.116992], [123.955176, 13.099707], [124.069141, 13.031934], [124.10459, 13.025], [124.142773, 13.035791], [124.137305, 12.791162], [124.059766, 12.56709], [123.961719, 12.594971], [123.877832, 12.689697], [123.894922, 12.80498], [123.948535, 12.916406], [123.917969, 12.939941], [123.863867, 12.930664], [123.802344, 12.905566], [123.736035, 12.896924], [123.626758, 12.911768], [123.402344, 13.033105], [123.310938, 13.044092], [123.29043, 13.099023], [123.295508, 13.215576], [123.205957, 13.353516], [123.191602, 13.402881], [123.163281, 13.441748], [122.896191, 13.591943], [122.863477, 13.617236], [122.781348, 13.737061], [122.595215, 13.907617], [122.543066, 13.925049], [122.486328, 13.92998], [122.467969, 13.886719], [122.49375, 13.820215], [122.504199, 13.763086], [122.500195, 13.703174], [122.508008, 13.656836], [122.596191, 13.562012], [122.609375, 13.517139], [122.667871, 13.395361], [122.675098, 13.253174], [122.599902, 13.194141], [122.515234, 13.26001], [122.5125, 13.313623], [122.497949, 13.363525], [122.406934, 13.492773], [122.376563, 13.520605], [122.205273, 13.648242], [122.072754, 13.788379], [121.77793, 13.937646], [121.742871, 13.94585], [121.691699, 13.93457], [121.643457, 13.915967], [121.501074, 13.842187], [121.450781, 13.790771], [121.446289, 13.711865], [121.344141, 13.649121], [121.203516, 13.640283], [121.095508, 13.679492], [121.006152, 13.758105], [120.932324, 13.761865], [120.840723, 13.884717], [120.729102, 13.900537], [120.637109, 13.804492], [120.617383, 13.995312], [120.616797, 14.188037], [120.642676, 14.244336], [120.688281, 14.291211], [120.92207, 14.493115], [120.951563, 14.557959], [120.941309, 14.645068], [120.888086, 14.715771], [120.804492, 14.758789], [120.70791, 14.776611], [120.638281, 14.816162], [120.583691, 14.88125], [120.546777, 14.766113], [120.582715, 14.594629], [120.588672, 14.483105], [120.555664, 14.441357], [120.495703, 14.440186], [120.43877, 14.453369], [120.396094, 14.493311], [120.365234, 14.608301], [120.283887, 14.684375], [120.250781, 14.793311], [120.213867, 14.808789], [120.137988, 14.800391], [120.082129, 14.851074], [120.044531, 14.978125], [120.036621, 15.114551], [120.00498, 15.229248], [119.959375, 15.340234], [119.932813, 15.430908], [119.891602, 15.837695], [119.881445, 15.875], [119.859668, 15.905762], [119.808203, 15.951953], [119.768945, 16.008447], [119.761816, 16.05498], [119.772559, 16.255127], [119.790234, 16.30332], [119.830762, 16.326562], [119.886133, 16.287402], [119.930371, 16.23877], [119.985156, 16.21543], [120.033398, 16.18457], [120.124023, 16.066211], [120.159766, 16.047656], [120.271289, 16.051416], [120.337012, 16.066455], [120.36875, 16.10957], [120.38877, 16.160938], [120.389258, 16.221631], [120.325, 16.400342], [120.305273, 16.529248], [120.304395, 16.645459], [120.321191, 16.761865], [120.408887, 16.955615], [120.420117, 17.090088], [120.411719, 17.269922], [120.427148, 17.376904], [120.424512, 17.43833], [120.37207, 17.535107], [120.358398, 17.638184], [120.505078, 18.162646], [120.550977, 18.264062], [120.584473, 18.36875], [120.599707, 18.507861], [120.709375, 18.545947], [120.81377, 18.603418], [120.867773, 18.598926], [120.925, 18.585107], [121.051367, 18.613672], [121.101562, 18.615283]]], [[[117.311133, 8.4396], [117.218555, 8.367285], [117.228516, 8.456689], [117.255859, 8.540967], [117.349902, 8.713574], [117.417773, 8.76665], [117.52998, 8.902588], [117.593262, 8.968311], [117.744922, 9.098242], [117.884766, 9.240674], [117.931543, 9.25127], [117.983008, 9.253418], [118.023828, 9.269775], [118.114844, 9.34668], [118.343945, 9.602783], [118.533398, 9.793652], [118.727539, 10.03501], [118.820117, 10.105322], [118.845117, 10.131299], [119.023828, 10.353564], [119.079883, 10.38584], [119.143066, 10.409277], [119.186035, 10.439453], [119.223828, 10.477295], [119.287012, 10.574023], [119.312695, 10.687109], [119.29668, 10.750977], [119.261133, 10.845166], [119.305664, 10.973633], [119.340723, 11.03291], [119.465332, 11.293799], [119.50127, 11.346436], [119.55332, 11.313525], [119.560254, 11.266797], [119.53457, 11.156836], [119.532617, 11.101611], [119.561914, 11.045508], [119.52666, 10.953174], [119.616113, 10.707373], [119.684375, 10.551709], [119.686914, 10.500342], [119.595215, 10.407422], [119.540527, 10.379346], [119.422461, 10.354395], [119.369336, 10.327295], [119.284766, 10.251709], [119.231934, 10.152148], [119.218555, 10.100684], [119.191504, 10.061084], [118.948633, 9.993457], [118.834668, 9.949316], [118.782129, 9.916113], [118.75498, 9.862109], [118.773828, 9.766797], [118.569629, 9.422754], [118.504492, 9.332666], [118.434961, 9.256006], [118.349609, 9.201465], [118.229297, 9.167969], [118.134082, 9.101367], [118.069434, 8.983545], [117.989551, 8.8771], [117.888574, 8.798242], [117.779785, 8.728613], [117.679883, 8.677832], [117.572168, 8.641992], [117.539648, 8.595605], [117.516602, 8.53833], [117.469141, 8.511377], [117.4125, 8.49585], [117.311133, 8.4396]]], [[[122.496191, 11.615088], [122.612695, 11.56416], [122.72627, 11.60791], [122.838086, 11.595654], [122.93125, 11.529297], [122.900781, 11.487354], [122.894531, 11.441309], [123.102734, 11.541455], [123.158301, 11.535547], [123.156445, 11.442529], [123.144141, 11.363574], [123.119531, 11.286816], [123.075488, 11.196875], [123.016504, 11.116504], [122.93877, 11.058154], [122.84668, 11.022461], [122.80293, 10.990039], [122.789453, 10.941211], [122.791113, 10.879736], [122.769922, 10.823828], [122.673145, 10.800928], [122.52207, 10.691895], [122.197656, 10.6229], [122.108594, 10.575537], [122.051758, 10.514062], [121.988379, 10.458301], [121.954004, 10.444385], [121.938281, 10.470898], [121.933789, 10.493652], [121.980078, 10.638574], [121.972363, 10.698877], [121.950293, 10.757373], [121.964355, 10.87168], [122.020703, 10.979102], [122.050879, 11.097363], [122.059668, 11.325684], [122.103516, 11.64292], [122.101367, 11.680859], [122.066992, 11.72373], [121.94082, 11.758301], [121.891211, 11.790869], [121.916016, 11.854346], [121.963672, 11.897363], [122.029199, 11.89541], [122.086816, 11.855078], [122.290723, 11.772021], [122.399219, 11.702197], [122.496191, 11.615088]]], [[[123.130859, 9.064111], [123.064648, 9.053369], [122.994727, 9.058838], [122.947852, 9.107959], [122.866602, 9.319824], [122.772461, 9.371338], [122.664551, 9.410352], [122.610352, 9.443213], [122.5625, 9.482812], [122.410937, 9.693896], [122.399512, 9.823047], [122.425586, 9.896094], [122.471484, 9.961523], [122.523242, 9.979199], [122.648242, 9.981543], [122.712988, 9.990137], [122.855566, 10.086914], [122.86582, 10.125], [122.866504, 10.284033], [122.852344, 10.395264], [122.816992, 10.503809], [122.855566, 10.553418], [122.905859, 10.602539], [122.958398, 10.69834], [122.96875, 10.765723], [122.969727, 10.836182], [122.983301, 10.886621], [123.024414, 10.911816], [123.221777, 10.988672], [123.256641, 10.993945], [123.510645, 10.923047], [123.5625, 10.816064], [123.567578, 10.780762], [123.527734, 10.662012], [123.492871, 10.582324], [123.406934, 10.458984], [123.343555, 10.325391], [123.296094, 10.124512], [123.266211, 10.059033], [123.186621, 9.933301], [123.162012, 9.864258], [123.162695, 9.714648], [123.149414, 9.659326], [123.149805, 9.606152], [123.308398, 9.356982], [123.321875, 9.31748], [123.320508, 9.272949], [123.293359, 9.217285], [123.228711, 9.121387], [123.19248, 9.087891], [123.130859, 9.064111]]], [[[124.574609, 11.343066], [124.644336, 11.308105], [124.724316, 11.32207], [124.821094, 11.401416], [124.92998, 11.372852], [124.993945, 11.255908], [125.026563, 11.211719], [125.044336, 11.135254], [125.039746, 10.951904], [125.013184, 10.785693], [125.033789, 10.751465], [125.083887, 10.721582], [125.127539, 10.684717], [125.16416, 10.637451], [125.187695, 10.584863], [125.197168, 10.457227], [125.260059, 10.349609], [125.268457, 10.307715], [125.25332, 10.263818], [125.148438, 10.272412], [125.140039, 10.235352], [125.142578, 10.189453], [125.105371, 10.218311], [125.043945, 10.323437], [124.9875, 10.367578], [125.004883, 10.19707], [125.023535, 10.115283], [125.026563, 10.033105], [124.929102, 10.095898], [124.812793, 10.134619], [124.780762, 10.168066], [124.791699, 10.274561], [124.789551, 10.327539], [124.737695, 10.439746], [124.798633, 10.682227], [124.797168, 10.731787], [124.786719, 10.781396], [124.738672, 10.879736], [124.662695, 10.961963], [124.616113, 10.962207], [124.502832, 10.904443], [124.445508, 10.923584], [124.411719, 11.150342], [124.366016, 11.370703], [124.330957, 11.4271], [124.308203, 11.486182], [124.330664, 11.535205], [124.374121, 11.51499], [124.435938, 11.457227], [124.510938, 11.423877], [124.548242, 11.39502], [124.574609, 11.343066]]], [[[125.239551, 12.527881], [125.310352, 12.446289], [125.327539, 12.387207], [125.320215, 12.321826], [125.352246, 12.292773], [125.408789, 12.284863], [125.48125, 12.251953], [125.535645, 12.191406], [125.50332, 12.135791], [125.513379, 12.05459], [125.456543, 11.952539], [125.464258, 11.771582], [125.496875, 11.71377], [125.5, 11.65542], [125.491797, 11.594336], [125.505762, 11.544238], [125.592969, 11.378223], [125.608984, 11.323047], [125.582324, 11.279492], [125.573535, 11.238232], [125.627344, 11.233887], [125.704004, 11.164795], [125.749121, 11.073584], [125.735645, 11.049609], [125.674414, 11.120801], [125.628125, 11.132031], [125.431836, 11.112598], [125.311523, 11.142285], [125.233398, 11.145068], [125.155859, 11.267041], [125.087891, 11.287354], [125.034277, 11.34126], [124.945312, 11.47915], [124.916992, 11.558398], [124.978906, 11.638477], [124.998242, 11.702344], [124.99502, 11.764941], [124.935645, 11.754639], [124.884277, 11.775488], [124.821094, 11.8521], [124.795801, 11.896338], [124.749805, 11.93335], [124.676758, 12.020898], [124.571875, 12.055127], [124.529102, 12.079199], [124.445703, 12.152783], [124.384863, 12.243994], [124.325781, 12.403809], [124.294727, 12.569336], [124.56582, 12.526221], [124.840137, 12.53457], [125.150195, 12.572559], [125.239551, 12.527881]]], [[[120.704395, 13.479492], [120.755371, 13.470996], [120.915332, 13.501074], [120.980762, 13.485986], [121.024707, 13.428711], [121.079297, 13.410742], [121.122461, 13.38125], [121.202734, 13.432324], [121.284375, 13.374121], [121.356836, 13.265479], [121.442187, 13.188428], [121.522754, 13.131201], [121.538672, 13.088867], [121.489746, 13.01958], [121.474805, 12.931592], [121.479688, 12.837109], [121.540625, 12.638184], [121.519238, 12.584229], [121.458008, 12.507959], [121.412305, 12.423047], [121.418164, 12.38877], [121.400098, 12.360742], [121.394336, 12.300586], [121.356836, 12.313086], [121.322363, 12.303613], [121.288867, 12.276709], [121.236719, 12.218799], [121.155469, 12.236328], [121.116992, 12.253418], [121.107617, 12.303613], [121.083398, 12.338965], [121.048535, 12.359961], [120.9625, 12.446533], [120.922168, 12.511621], [120.921484, 12.581104], [120.899414, 12.64585], [120.854785, 12.703662], [120.795996, 12.747998], [120.776367, 12.790576], [120.76875, 12.840918], [120.763672, 12.969824], [120.680273, 13.130615], [120.651367, 13.169141], [120.573145, 13.208887], [120.508301, 13.260059], [120.480664, 13.311035], [120.455469, 13.393506], [120.438086, 13.40542], [120.3875, 13.40166], [120.338477, 13.412354], [120.352734, 13.472949], [120.40127, 13.517041], [120.468359, 13.522412], [120.65332, 13.497607], [120.704395, 13.479492]]], [[[126.005957, 9.320947], [126.087598, 9.260742], [126.193359, 9.276709], [126.191992, 9.124902], [126.209082, 9.080566], [126.30459, 8.952051], [126.319531, 8.844727], [126.262988, 8.743945], [126.220215, 8.696289], [126.141602, 8.627295], [126.139551, 8.595654], [126.173047, 8.560059], [126.282324, 8.539307], [126.365332, 8.483887], [126.379785, 8.326758], [126.458691, 8.202832], [126.456641, 8.148779], [126.425293, 7.927441], [126.435352, 7.832812], [126.494434, 7.756982], [126.544434, 7.724805], [126.570117, 7.677246], [126.593359, 7.546777], [126.589258, 7.325146], [126.581543, 7.247754], [126.54668, 7.17583], [126.439063, 7.012354], [126.294043, 6.882324], [126.216895, 6.891016], [126.19209, 6.852539], [126.240234, 6.733887], [126.221191, 6.483398], [126.189355, 6.309668], [126.14248, 6.397559], [126.109766, 6.489648], [126.080078, 6.73335], [126.043066, 6.843164], [125.984961, 6.943555], [125.961621, 7.033203], [125.901172, 7.116992], [125.824414, 7.333301], [125.773633, 7.322168], [125.689258, 7.263037], [125.670215, 7.222314], [125.660254, 7.160596], [125.640723, 7.105078], [125.542188, 7.016602], [125.464746, 6.911133], [125.400977, 6.795752], [125.380664, 6.689941], [125.43291, 6.607129], [125.486621, 6.57373], [125.564551, 6.499609], [125.588477, 6.465771], [125.670703, 6.225], [125.667969, 5.978662], [125.607813, 5.870166], [125.455859, 5.664258], [125.346484, 5.598975], [125.287891, 5.632275], [125.241016, 5.756934], [125.233203, 5.808301], [125.264941, 5.925586], [125.268457, 6.033154], [125.231543, 6.069531], [125.191016, 6.0625], [125.174023, 6.046973], [125.076172, 5.90625], [125.035352, 5.870654], [124.975195, 5.865723], [124.927344, 5.875342], [124.636328, 5.998193], [124.398828, 6.119727], [124.212793, 6.233252], [124.078125, 6.404443], [124.049707, 6.532568], [124.048145, 6.666553], [123.987891, 6.862988], [123.980859, 6.929688], [123.985254, 6.993701], [124.045117, 7.114111], [124.117578, 7.175098], [124.158203, 7.218799], [124.190723, 7.267334], [124.212891, 7.332129], [124.206641, 7.396436], [124.182422, 7.436719], [124.067969, 7.577881], [123.968457, 7.664648], [123.764746, 7.742627], [123.717383, 7.7854], [123.66582, 7.817773], [123.608887, 7.831641], [123.553223, 7.832129], [123.493066, 7.80791], [123.477441, 7.756348], [123.481641, 7.710254], [123.476367, 7.665381], [123.390918, 7.40752], [123.282031, 7.464111], [123.178223, 7.529443], [123.150684, 7.575195], [123.13877, 7.629932], [123.121191, 7.666895], [123.09668, 7.700439], [123.048926, 7.614355], [122.989551, 7.546289], [122.916895, 7.530518], [122.842969, 7.529297], [122.81875, 7.558496], [122.791797, 7.722461], [122.713965, 7.774121], [122.616211, 7.763135], [122.497949, 7.672754], [122.474414, 7.638965], [122.448633, 7.561133], [122.319727, 7.340234], [122.251465, 7.17002], [122.176172, 7.004199], [122.14248, 6.949658], [122.098145, 6.913721], [122.027637, 6.928613], [121.964258, 6.968213], [121.904199, 7.075195], [121.924609, 7.199512], [121.991113, 7.27876], [122.047168, 7.363574], [122.114844, 7.659912], [122.119922, 7.765381], [122.131836, 7.810498], [122.243359, 7.945117], [122.337109, 8.028418], [122.386719, 8.045898], [122.589453, 8.093311], [122.672949, 8.133105], [122.804395, 8.133691], [122.911133, 8.156445], [122.996289, 8.220508], [123.002734, 8.286914], [122.998828, 8.356055], [123.017578, 8.39834], [123.050586, 8.433936], [123.095898, 8.480811], [123.147168, 8.516016], [123.292871, 8.541455], [123.341211, 8.57041], [123.380176, 8.615625], [123.43457, 8.70332], [123.498926, 8.681543], [123.563672, 8.647461], [123.680078, 8.620605], [123.783398, 8.547705], [123.849219, 8.432715], [123.860547, 8.376074], [123.877441, 8.188818], [123.853418, 8.145117], [123.753125, 8.058252], [123.799414, 8.049121], [123.931152, 8.128418], [123.996875, 8.158984], [124.159375, 8.201465], [124.197656, 8.229541], [124.225781, 8.271387], [124.283203, 8.385986], [124.325195, 8.508447], [124.35791, 8.559424], [124.404883, 8.599854], [124.45127, 8.606348], [124.621777, 8.522656], [124.731152, 8.562988], [124.761719, 8.689795], [124.786816, 8.874121], [124.806152, 8.924023], [124.868945, 8.972266], [124.943848, 8.956689], [125.046387, 8.890527], [125.141016, 8.86875], [125.176172, 8.92207], [125.209668, 9.027148], [125.247852, 9.026562], [125.375586, 8.991797], [125.49873, 9.014746], [125.533398, 9.140918], [125.510156, 9.275879], [125.413965, 9.669189], [125.471289, 9.756787], [125.520898, 9.759131], [125.64248, 9.654492], [125.87666, 9.513135], [125.954688, 9.42666], [126.005957, 9.320947]]], [[[123.370313, 9.449609], [123.331738, 9.422949], [123.316016, 9.488965], [123.327051, 9.578076], [123.403711, 9.889258], [123.38623, 9.96709], [123.514355, 10.140332], [123.592871, 10.30293], [123.711426, 10.473682], [123.726465, 10.562207], [123.831543, 10.731006], [123.929883, 10.963818], [123.924609, 11.040918], [123.950098, 11.07915], [123.964063, 11.137451], [123.967188, 11.186914], [124.038867, 11.273535], [124.05791, 11.217236], [124.036523, 11.106689], [124.039844, 11.053613], [124.052539, 11.02876], [124.05332, 10.925781], [124.027539, 10.767871], [124.05127, 10.585596], [124.00498, 10.400098], [123.952148, 10.316602], [123.873926, 10.257715], [123.788672, 10.220801], [123.700488, 10.12832], [123.643359, 10.020215], [123.633984, 9.921729], [123.493555, 9.589307], [123.370313, 9.449609]]], [[[121.92168, 18.894727], [121.858203, 18.8229], [121.825195, 18.842725], [121.860742, 18.912549], [121.859766, 18.936768], [121.888867, 18.991553], [121.943359, 19.010449], [121.987891, 18.956641], [121.92168, 18.894727]]], [[[121.520898, 19.361963], [121.53125, 19.271338], [121.47207, 19.27334], [121.38291, 19.328467], [121.374609, 19.356299], [121.375977, 19.379688], [121.391602, 19.399365], [121.520898, 19.361963]]], [[[121.960059, 20.365869], [121.941309, 20.353711], [121.914062, 20.359424], [121.941211, 20.453711], [121.991211, 20.47959], [122.031152, 20.469385], [121.960059, 20.365869]]], [[[121.878125, 20.781885], [121.82959, 20.700293], [121.790625, 20.701172], [121.796484, 20.746631], [121.847852, 20.84126], [121.866992, 20.839209], [121.878125, 20.781885]]], [[[121.159375, 6.075635], [121.213867, 6.003516], [121.28252, 6.022266], [121.391504, 6.0021], [121.414648, 5.964502], [121.411035, 5.939844], [121.294434, 5.869971], [121.218164, 5.942725], [121.083008, 5.893018], [121.018555, 5.922949], [120.930664, 5.896191], [120.876367, 5.952637], [120.898242, 6.006934], [121.037695, 6.095996], [121.159375, 6.075635]]], [[[117.079883, 7.883398], [117.02832, 7.80752], [116.969531, 7.894922], [116.975781, 8.01665], [116.993555, 8.050537], [117.077051, 8.069141], [117.079883, 7.883398]]], [[[119.916211, 10.485986], [119.793164, 10.455273], [119.764453, 10.551611], [119.852051, 10.640137], [119.950195, 10.604785], [120.008398, 10.570117], [119.981152, 10.538721], [119.916211, 10.485986]]], [[[120.1, 12.167676], [120.154688, 12.152393], [120.19375, 12.167041], [120.228223, 12.219824], [120.260547, 12.141748], [120.341406, 12.077441], [120.314551, 12.012402], [120.243457, 12.004785], [120.173633, 12.019629], [120.100098, 11.99375], [120.010547, 12.008252], [119.957031, 12.069238], [119.896094, 12.17876], [119.865918, 12.199023], [119.869629, 12.243994], [119.891797, 12.27251], [119.880078, 12.279883], [119.885742, 12.299854], [119.89668, 12.313428], [119.916406, 12.319092], [119.963867, 12.27041], [120.077539, 12.197754], [120.1, 12.167676]]], [[[120.03877, 11.70332], [119.963867, 11.669385], [119.944922, 11.690723], [119.931738, 11.740332], [119.932813, 11.774463], [119.860938, 11.953955], [119.916016, 11.981348], [119.956543, 11.960254], [119.997852, 11.932129], [120.035937, 11.917236], [120.070703, 11.860547], [120.062402, 11.821338], [120.073145, 11.783496], [120.03877, 11.70332]]], [[[122.649512, 10.472705], [122.621875, 10.459033], [122.597168, 10.461035], [122.538379, 10.424951], [122.516699, 10.492529], [122.5375, 10.607568], [122.625781, 10.69502], [122.648438, 10.72251], [122.672559, 10.738818], [122.70127, 10.740625], [122.729199, 10.706396], [122.737207, 10.65459], [122.68125, 10.498242], [122.649512, 10.472705]]], [[[124.593848, 9.787207], [124.584277, 9.750488], [124.505664, 9.753516], [124.477539, 9.7479], [124.403418, 9.654102], [124.359863, 9.630225], [124.122461, 9.599316], [123.935645, 9.623975], [123.87168, 9.675732], [123.82998, 9.761133], [123.817187, 9.817383], [123.863867, 9.878809], [123.908887, 9.919629], [124.059766, 10.000195], [124.093848, 10.061328], [124.172852, 10.135205], [124.335742, 10.159912], [124.351562, 10.141357], [124.373242, 10.12959], [124.405859, 10.126416], [124.486328, 10.065479], [124.577148, 10.026709], [124.555078, 9.879199], [124.582227, 9.82959], [124.593848, 9.787207]]], [[[120.250391, 5.256592], [120.223242, 5.19624], [120.191602, 5.168311], [120.15, 5.184082], [120.118359, 5.215381], [120.100586, 5.168994], [120.013281, 5.151123], [119.958105, 5.079541], [119.877539, 5.060205], [119.821484, 5.069531], [119.827344, 5.133154], [119.982715, 5.228418], [120.079688, 5.263623], [120.165234, 5.332422], [120.208008, 5.340088], [120.229395, 5.284082], [120.250391, 5.256592]]], [[[122.092871, 6.42832], [121.991406, 6.414551], [121.95918, 6.41582], [121.879883, 6.517578], [121.872461, 6.562744], [121.808691, 6.613721], [121.832031, 6.664062], [121.914941, 6.676221], [122.058301, 6.740723], [122.288086, 6.638916], [122.323535, 6.602246], [122.251758, 6.579785], [122.200977, 6.48291], [122.092871, 6.42832]]], [[[126.059375, 9.766211], [126.046777, 9.760791], [125.991211, 9.838525], [125.998633, 9.927051], [126.073828, 10.059229], [126.129492, 9.943555], [126.128906, 9.891113], [126.120801, 9.865186], [126.172559, 9.799951], [126.136914, 9.767773], [126.059375, 9.766211]]], [[[125.690234, 9.914453], [125.672559, 9.886475], [125.648633, 9.944092], [125.590527, 9.998193], [125.534473, 10.090088], [125.494824, 10.118701], [125.521973, 10.191504], [125.524609, 10.309717], [125.580176, 10.363672], [125.605859, 10.37959], [125.647949, 10.436816], [125.666797, 10.440137], [125.68457, 10.392041], [125.64668, 10.24541], [125.70332, 10.071777], [125.684375, 9.963184], [125.69248, 9.939014], [125.690234, 9.914453]]], [[[120.271289, 13.750684], [120.272852, 13.682959], [120.104199, 13.782373], [120.099414, 13.816943], [120.103418, 13.842529], [120.120703, 13.858057], [120.211426, 13.820654], [120.271289, 13.750684]]], [[[121.914844, 13.540332], [121.976562, 13.537402], [121.995703, 13.546777], [122.114551, 13.463184], [122.107324, 13.42085], [122.122363, 13.365137], [122.054688, 13.268652], [122.042383, 13.236182], [122.004883, 13.20498], [121.875879, 13.281738], [121.829199, 13.328613], [121.815039, 13.424463], [121.866211, 13.566162], [121.914844, 13.540332]]], [[[122.094043, 12.354883], [122.013965, 12.105615], [121.960156, 12.191406], [121.981934, 12.245312], [121.935645, 12.290381], [121.923242, 12.331299], [121.941016, 12.3854], [121.989453, 12.435303], [122.001563, 12.598535], [122.103809, 12.650635], [122.14502, 12.652637], [122.130273, 12.612598], [122.131641, 12.537549], [122.094043, 12.354883]]], [[[122.654492, 12.309033], [122.60332, 12.285596], [122.499316, 12.383691], [122.438867, 12.429492], [122.422949, 12.455078], [122.471875, 12.491943], [122.603613, 12.491602], [122.673633, 12.424268], [122.683301, 12.382324], [122.654492, 12.309033]]], [[[123.281836, 12.853418], [123.367188, 12.70083], [123.274219, 12.805078], [123.166406, 12.875879], [123.054199, 12.993457], [122.973437, 13.034717], [122.949023, 13.058691], [122.95752, 13.107178], [123.01709, 13.116162], [123.043555, 13.113379], [123.20625, 12.90542], [123.281836, 12.853418]]], [[[123.775391, 12.453906], [123.779102, 12.36626], [123.741504, 12.398535], [123.620605, 12.570508], [123.587207, 12.633301], [123.621484, 12.674902], [123.708691, 12.610791], [123.775391, 12.453906]]], [[[123.716602, 12.287354], [123.908301, 12.169092], [124.040332, 11.966797], [124.055664, 11.811572], [124.045508, 11.752441], [123.982715, 11.818896], [123.847754, 11.913574], [123.754004, 11.934473], [123.725195, 11.951562], [123.736035, 12.002637], [123.674805, 12.05], [123.667578, 12.069336], [123.612012, 12.090234], [123.531055, 12.196631], [123.47373, 12.21665], [123.418848, 12.194238], [123.292676, 12.036377], [123.157813, 11.925635], [123.155859, 11.967969], [123.210547, 12.106592], [123.245313, 12.328027], [123.267188, 12.395459], [123.239844, 12.494678], [123.236426, 12.583496], [123.337012, 12.542383], [123.462988, 12.501221], [123.558984, 12.444824], [123.574805, 12.406934], [123.716602, 12.287354]]], [[[124.353613, 13.632227], [124.327051, 13.567383], [124.294531, 13.590332], [124.248242, 13.58667], [124.175391, 13.531543], [124.057031, 13.605566], [124.038867, 13.663135], [124.12373, 13.790479], [124.122852, 13.979687], [124.153711, 14.026172], [124.18623, 14.059521], [124.224902, 14.077588], [124.308301, 13.946973], [124.336719, 13.931104], [124.417188, 13.871045], [124.396289, 13.750098], [124.404004, 13.679443], [124.353613, 13.632227]]], [[[122.175391, 14.048828], [122.172266, 14.008008], [121.95625, 14.156055], [121.946387, 14.181494], [121.945996, 14.205127], [121.95918, 14.22876], [122.175391, 14.048828]]], [[[122.033496, 15.005029], [122.051562, 14.969873], [122.031738, 14.971631], [122.017285, 14.965283], [121.970313, 14.892969], [122.02168, 14.759424], [121.989648, 14.662158], [121.933008, 14.656055], [121.910645, 14.666504], [121.922168, 14.714551], [121.93457, 14.736621], [121.923047, 14.8], [121.889258, 14.839844], [121.862305, 14.917187], [121.820312, 14.963574], [121.839844, 15.038135], [121.97168, 15.046387], [122.033496, 15.005029]]], [[[124.316211, 10.606006], [124.288477, 10.601465], [124.334668, 10.706689], [124.371094, 10.691357], [124.382324, 10.679834], [124.381348, 10.632568], [124.316211, 10.606006]]], [[[125.280762, 9.982178], [125.287695, 9.932715], [125.158984, 10.062939], [125.133008, 10.155029], [125.175879, 10.151074], [125.230957, 10.115674], [125.280762, 9.982178]]], [[[122.937109, 7.409131], [122.948047, 7.385742], [122.943652, 7.361035], [122.839551, 7.3146], [122.804688, 7.315967], [122.796582, 7.393359], [122.822168, 7.428467], [122.871191, 7.397314], [122.914844, 7.433398], [122.937109, 7.409131]]], [[[125.78457, 6.962744], [125.768945, 6.905762], [125.70752, 7.03999], [125.683008, 7.073193], [125.714453, 7.185547], [125.783398, 7.130664], [125.78457, 6.962744]]], [[[124.608398, 11.492188], [124.483496, 11.48584], [124.428809, 11.531738], [124.360352, 11.665918], [124.437402, 11.69502], [124.510938, 11.687109], [124.564941, 11.639697], [124.622266, 11.549561], [124.608398, 11.492188]]], [[[124.806641, 9.142627], [124.77793, 9.083105], [124.66582, 9.132324], [124.639063, 9.175098], [124.65332, 9.22583], [124.708105, 9.243018], [124.736816, 9.243164], [124.790234, 9.190088], [124.806641, 9.142627]]], [[[121.252246, 19.082422], [121.24668, 19.015186], [121.196094, 19.050684], [121.184863, 19.101416], [121.189941, 19.138916], [121.213184, 19.183594], [121.244727, 19.143018], [121.252246, 19.082422]]], [[[119.861426, 11.525342], [119.88291, 11.472412], [119.854883, 11.393066], [119.830664, 11.375684], [119.798633, 11.40874], [119.72998, 11.431934], [119.725586, 11.474658], [119.761426, 11.473633], [119.826758, 11.51543], [119.861426, 11.525342]]], [[[123.757031, 11.283301], [123.815625, 11.150732], [123.736719, 11.151465], [123.707617, 11.247998], [123.741406, 11.27915], [123.757031, 11.283301]]], [[[122.31084, 12.528809], [122.279785, 12.498291], [122.260938, 12.503076], [122.247852, 12.556934], [122.278027, 12.59292], [122.2875, 12.589258], [122.31084, 12.528809]]], [[[125.970508, 9.593555], [125.952441, 9.567969], [125.92207, 9.621484], [125.948535, 9.739209], [125.967773, 9.759082], [125.992969, 9.68457], [125.970508, 9.593555]]], [[[124.854395, 11.594775], [124.835938, 11.543311], [124.806641, 11.557568], [124.781055, 11.580762], [124.743652, 11.658545], [124.730859, 11.715332], [124.788379, 11.683105], [124.821484, 11.626611], [124.854395, 11.594775]]], [[[117.355273, 8.214648], [117.287012, 8.191016], [117.272266, 8.253516], [117.280859, 8.31499], [117.32959, 8.308496], [117.353711, 8.289258], [117.355273, 8.214648]]], [[[123.697656, 9.237305], [123.70625, 9.133545], [123.614453, 9.10332], [123.540723, 9.129736], [123.493457, 9.19209], [123.493555, 9.215527], [123.535156, 9.213574], [123.626074, 9.268262], [123.654883, 9.27876], [123.697656, 9.237305]]]]}}, {"type": "Feature", "properties": {"ISO_A2": "MN", "ISO_A3": "MNG", "NAME": "Mongolia", "fillColor": "#C8102E"}, "geometry": {"type": "Polygon", "coordinates": [[[87.814258, 49.162305], [87.818262, 49.162109], [87.934766, 49.164551], [87.988086, 49.186914], [88.028516, 49.219775], [88.115723, 49.256299], [88.134277, 49.298437], [88.135547, 49.381494], [88.192578, 49.451709], [88.337793, 49.472559], [88.393359, 49.482861], [88.452441, 49.472705], [88.544336, 49.482568], [88.633203, 49.486133], [88.682715, 49.464551], [88.747852, 49.44624], [88.831641, 49.448437], [88.860352, 49.481543], [88.863867, 49.527637], [88.900195, 49.539697], [88.94541, 49.507666], [88.970605, 49.48374], [89.008398, 49.472803], [89.109473, 49.501367], [89.17998, 49.532227], [89.20293, 49.595703], [89.243945, 49.627051], [89.299219, 49.611133], [89.395605, 49.611523], [89.475, 49.660547], [89.579199, 49.699707], [89.654102, 49.71748], [89.669531, 49.750488], [89.634277, 49.823291], [89.643848, 49.903027], [89.744238, 49.948096], [89.878027, 49.953516], [89.977344, 49.984326], [90.00498, 50.069287], [90.053711, 50.09375], [90.103711, 50.10332], [90.224512, 50.116699], [90.311328, 50.151172], [90.364844, 50.166895], [90.516895, 50.21333], [90.655078, 50.222363], [90.714355, 50.259424], [90.760742, 50.305957], [90.838086, 50.32373], [90.917188, 50.36416], [91.021582, 50.415479], [91.062793, 50.422607], [91.233789, 50.452393], [91.300586, 50.463379], [91.34082, 50.470068], [91.415039, 50.468018], [91.446484, 50.522168], [91.52168, 50.562012], [91.596875, 50.575537], [91.63418, 50.615137], [91.706348, 50.665527], [91.804297, 50.693604], [91.956543, 50.697607], [92.104004, 50.691992], [92.192383, 50.700586], [92.265332, 50.775195], [92.279004, 50.812207], [92.295801, 50.849805], [92.354785, 50.86416], [92.426367, 50.803076], [92.486426, 50.765088], [92.578906, 50.725439], [92.62666, 50.688281], [92.681348, 50.683203], [92.738672, 50.710938], [92.779297, 50.778662], [92.856445, 50.789111], [92.941309, 50.778223], [92.963574, 50.744922], [92.970703, 50.7125], [93.009863, 50.654541], [93.103125, 50.603906], [93.222559, 50.606543], [93.270508, 50.615576], [93.386816, 50.608496], [93.501074, 50.597461], [93.625586, 50.585547], [93.662012, 50.583691], [93.79541, 50.577637], [93.989844, 50.568848], [94.075781, 50.572852], [94.251074, 50.556396], [94.287012, 50.511377], [94.319336, 50.404883], [94.346875, 50.303418], [94.354688, 50.221826], [94.400195, 50.179639], [94.458496, 50.165723], [94.496875, 50.132812], [94.564648, 50.087939], [94.614746, 50.02373], [94.675488, 50.028076], [94.718066, 50.043262], [94.81123, 50.048193], [94.930273, 50.04375], [95.012891, 50.008252], [95.044336, 49.961572], [95.111426, 49.935449], [95.166211, 49.943848], [95.329492, 49.944141], [95.385645, 49.941211], [95.441797, 49.915527], [95.522656, 49.91123], [95.567187, 49.943848], [95.707812, 49.966016], [95.789355, 50.0125], [95.851953, 50.012939], [95.899414, 49.990576], [95.935742, 49.96001], [95.989551, 49.973584], [96.018555, 49.998779], [96.065527, 49.99873], [96.111719, 49.982471], [96.229688, 49.954102], [96.315039, 49.901123], [96.381152, 49.896045], [96.466406, 49.911523], [96.505762, 49.918701], [96.543262, 49.892529], [96.598437, 49.878418], [96.640234, 49.897852], [96.711719, 49.911572], [96.985742, 49.882812], [97.049121, 49.829883], [97.097656, 49.805029], [97.136914, 49.761719], [97.208594, 49.730811], [97.359766, 49.741455], [97.418359, 49.773047], [97.54082, 49.843115], [97.589355, 49.911475], [97.650977, 49.933594], [97.720703, 49.944629], [97.785547, 49.944531], [97.853906, 49.946777], [97.936621, 49.996777], [98.003906, 50.014258], [98.103418, 50.077832], [98.121973, 50.106592], [98.170117, 50.180566], [98.2, 50.227686], [98.250293, 50.302441], [98.277344, 50.422998], [98.292676, 50.486963], [98.279492, 50.533252], [98.220508, 50.557178], [98.14502, 50.568555], [98.078906, 50.603809], [98.029785, 50.644629], [98.001172, 50.702051], [97.961914, 50.769141], [97.96416, 50.817676], [97.953125, 50.855176], [97.919824, 50.887158], [97.856152, 50.943359], [97.825293, 50.985254], [97.835742, 51.05166], [97.91084, 51.165186], [97.917871, 51.217871], [97.927344, 51.250732], [97.923242, 51.280469], [97.946875, 51.348437], [97.98916, 51.377051], [98.037598, 51.449951], [98.103125, 51.483545], [98.184668, 51.485742], [98.219922, 51.505615], [98.2375, 51.578418], [98.276855, 51.63457], [98.303125, 51.674268], [98.352734, 51.717627], [98.640527, 51.801172], [98.760156, 51.905078], [98.802539, 51.957471], [98.848633, 52.070068], [98.893164, 52.117285], [98.958105, 52.101709], [99.034277, 52.0354], [99.091406, 52.034863], [99.176172, 51.998877], [99.407031, 51.923535], [99.532324, 51.899902], [99.612891, 51.892529], [99.719238, 51.871631], [99.787891, 51.827539], [99.92168, 51.755518], [100.03457, 51.737109], [100.230371, 51.729834], [100.468945, 51.726074], [100.53623, 51.713477], [100.710742, 51.661572], [100.903613, 51.604248], [101.085352, 51.553027], [101.223242, 51.513281], [101.304492, 51.474756], [101.38125, 51.452637], [101.464355, 51.471484], [101.570898, 51.467187], [101.821191, 51.421045], [101.979199, 51.382227], [102.111523, 51.353467], [102.155664, 51.31377], [102.160059, 51.26084], [102.142383, 51.216064], [102.151953, 51.10752], [102.194531, 51.050684], [102.210254, 50.974316], [102.226172, 50.901465], [102.215039, 50.829443], [102.235059, 50.791211], [102.276563, 50.768701], [102.316602, 50.718457], [102.30332, 50.665527], [102.285742, 50.634668], [102.288379, 50.585107], [102.336426, 50.544238], [102.406836, 50.536182], [102.469434, 50.525684], [102.546289, 50.461328], [102.683301, 50.387158], [102.76543, 50.366553], [102.859668, 50.333252], [103.039453, 50.300635], [103.161719, 50.290723], [103.233789, 50.264258], [103.304395, 50.200293], [103.421191, 50.187061], [103.496289, 50.164941], [103.63291, 50.138574], [103.723242, 50.153857], [103.802637, 50.176074], [103.856152, 50.171826], [103.958496, 50.157275], [104.078711, 50.154248], [104.179688, 50.169434], [104.259961, 50.214453], [104.353906, 50.275293], [104.466309, 50.306152], [104.596387, 50.317187], [104.685352, 50.341846], [104.976953, 50.38291], [105.094727, 50.389941], [105.185938, 50.42959], [105.266699, 50.460498], [105.383594, 50.47373], [105.541602, 50.44126], [105.692578, 50.41416], [105.875195, 50.405371], [105.996484, 50.36792], [106.08252, 50.332568], [106.217871, 50.30459], [106.368457, 50.317578], [106.574414, 50.328809], [106.711133, 50.312598], [106.853711, 50.248291], [106.941309, 50.19668], [107.040234, 50.086475], [107.143066, 50.033008], [107.233301, 49.989404], [107.34707, 49.98667], [107.630957, 49.983105], [107.786816, 49.96001], [107.916602, 49.947803], [107.947852, 49.924707], [107.934863, 49.849023], [107.93877, 49.740723], [107.936719, 49.691016], [107.96543, 49.653516], [108.00957, 49.646875], [108.033789, 49.593994], [108.098047, 49.562646], [108.213086, 49.524805], [108.406934, 49.396387], [108.522461, 49.341504], [108.613672, 49.322803], [108.733008, 49.335645], [108.919922, 49.335352], [109.236719, 49.334912], [109.453711, 49.296338], [109.528711, 49.269873], [109.750391, 49.239307], [109.994531, 49.205615], [110.199902, 49.17041], [110.321387, 49.215869], [110.427832, 49.219971], [110.52959, 49.187061], [110.631055, 49.137598], [110.709766, 49.142969], [110.82793, 49.166162], [111.204199, 49.304297], [111.336621, 49.355859], [111.429297, 49.342627], [111.511914, 49.360937], [111.574805, 49.376416], [111.735547, 49.397754], [111.833398, 49.403613], [111.934473, 49.416016], [112.079688, 49.424219], [112.375195, 49.5146], [112.494922, 49.532324], [112.697363, 49.507275], [112.806445, 49.523584], [112.914844, 49.569238], [113.055566, 49.61626], [113.09209, 49.692529], [113.16416, 49.797168], [113.319043, 49.874316], [113.445508, 49.941602], [113.574219, 50.007031], [113.732422, 50.061523], [113.881152, 50.101123], [114.070703, 50.204736], [114.221777, 50.257275], [114.29707, 50.274414], [114.386328, 50.255469], [114.554004, 50.241455], [114.674902, 50.245703], [114.743164, 50.233691], [114.87959, 50.183057], [115.00332, 50.138574], [115.098047, 50.059424], [115.274512, 49.948877], [115.365039, 49.911768], [115.429199, 49.896484], [115.587988, 49.886035], [115.717773, 49.880615], [115.795215, 49.905908], [115.925977, 49.952148], [116.13457, 50.010791], [116.216797, 50.009277], [116.351172, 49.978076], [116.551172, 49.920312], [116.631543, 49.877051], [116.683301, 49.823779], [116.589746, 49.684814], [116.402148, 49.406201], [116.243359, 49.170361], [116.159668, 49.037451], [116.098242, 48.936133], [116.034375, 48.840039], [116.025488, 48.782275], [115.953809, 48.689355], [115.820508, 48.577246], [115.791699, 48.455713], [115.796582, 48.346338], [115.785547, 48.248242], [115.639453, 48.18623], [115.525098, 48.130859], [115.557617, 47.94502], [115.616406, 47.874805], [115.711719, 47.798926], [115.811719, 47.738232], [115.898242, 47.686914], [115.993848, 47.711328], [116.074805, 47.789551], [116.231152, 47.858203], [116.317187, 47.859863], [116.378223, 47.844043], [116.513477, 47.839551], [116.651953, 47.864502], [116.760547, 47.869775], [116.901172, 47.853076], [116.95166, 47.836572], [117.069727, 47.806396], [117.19707, 47.740283], [117.285937, 47.666357], [117.350781, 47.652197], [117.383984, 47.675732], [117.455078, 47.741357], [117.555371, 47.804688], [117.67666, 47.908301], [117.768359, 47.987891], [117.84043, 47.999854], [117.979199, 47.999609], [118.041895, 48.018945], [118.14707, 48.028906], [118.239648, 47.999512], [118.498438, 47.983984], [118.567773, 47.943262], [118.690527, 47.822266], [118.759961, 47.757617], [118.880273, 47.725098], [118.953125, 47.70293], [119.017578, 47.685352], [119.081934, 47.65415], [119.097266, 47.61626], [119.122949, 47.558496], [119.162402, 47.525195], [119.235254, 47.492578], [119.29082, 47.472656], [119.308594, 47.430713], [119.325977, 47.410156], [119.37666, 47.380859], [119.526953, 47.255908], [119.600195, 47.222461], [119.711133, 47.15], [119.757227, 47.090039], [119.759863, 47.027002], [119.788477, 46.978809], [119.862695, 46.906592], [119.897852, 46.857812], [119.88418, 46.791455], [119.895898, 46.732861], [119.867188, 46.672168], [119.747461, 46.627197], [119.706641, 46.606006], [119.620215, 46.603955], [119.474023, 46.62666], [119.331836, 46.613818], [119.162109, 46.638672], [119.028516, 46.692187], [118.957129, 46.734863], [118.843945, 46.760205], [118.790332, 46.74707], [118.722949, 46.691895], [118.64873, 46.70166], [118.580469, 46.691895], [118.404395, 46.703174], [118.308691, 46.717041], [118.156836, 46.678564], [118.071289, 46.666602], [117.910449, 46.619336], [117.813477, 46.537695], [117.741211, 46.518164], [117.671094, 46.52207], [117.620508, 46.552002], [117.546875, 46.588281], [117.438086, 46.58623], [117.405566, 46.570898], [117.392188, 46.537598], [117.356348, 46.43667], [117.356934, 46.391309], [117.333398, 46.362012], [117.269043, 46.352246], [117.155957, 46.355078], [116.978809, 46.361768], [116.859082, 46.387939], [116.787012, 46.37666], [116.688867, 46.321973], [116.619336, 46.313086], [116.562598, 46.289795], [116.516699, 46.209082], [116.444824, 46.158789], [116.357617, 46.096582], [116.264551, 45.963037], [116.212988, 45.886914], [116.229102, 45.845752], [116.240625, 45.795996], [116.197656, 45.739355], [116.109863, 45.686719], [116.039551, 45.676953], [115.93418, 45.626172], [115.78916, 45.534814], [115.681055, 45.458252], [115.539453, 45.439502], [115.439453, 45.419971], [115.21748, 45.396191], [115.162598, 45.390234], [114.919238, 45.378271], [114.73877, 45.419629], [114.644336, 45.413281], [114.560156, 45.38999], [114.517188, 45.3646], [114.502246, 45.316309], [114.487305, 45.271729], [114.419141, 45.202588], [114.281055, 45.110889], [114.167383, 45.049854], [114.080273, 44.971143], [114.030273, 44.942578], [113.930859, 44.912305], [113.877051, 44.896191], [113.752148, 44.825928], [113.652637, 44.763477], [113.587012, 44.745703], [113.50791, 44.762354], [113.455664, 44.767432], [113.300977, 44.79165], [113.196094, 44.794824], [113.049414, 44.810352], [112.706738, 44.883447], [112.596777, 44.917676], [112.499316, 45.010937], [112.411328, 45.058203], [112.29209, 45.063037], [112.112891, 45.062939], [112.032617, 45.081641], [111.898047, 45.064062], [111.751074, 44.969531], [111.681445, 44.89917], [111.621289, 44.827148], [111.547461, 44.6729], [111.514746, 44.569824], [111.489453, 44.511572], [111.410937, 44.419189], [111.402246, 44.367285], [111.42959, 44.322363], [111.48623, 44.271631], [111.519727, 44.191895], [111.602637, 44.107129], [111.683789, 44.041113], [111.836914, 43.934668], [111.880273, 43.878906], [111.931738, 43.814941], [111.942871, 43.752441], [111.933203, 43.711426], [111.878125, 43.680176], [111.771094, 43.6646], [111.719727, 43.621143], [111.64082, 43.563184], [111.547363, 43.496289], [111.503516, 43.492773], [111.451074, 43.474902], [111.186816, 43.391992], [111.086523, 43.36875], [111.007227, 43.341406], [110.913281, 43.256885], [110.839551, 43.194092], [110.748535, 43.110791], [110.708594, 43.073877], [110.627539, 42.990527], [110.520898, 42.895264], [110.461719, 42.844141], [110.42959, 42.813574], [110.400391, 42.773682], [110.288867, 42.742725], [110.196875, 42.71001], [110.058008, 42.660596], [109.858789, 42.60625], [109.698047, 42.553809], [109.595508, 42.510547], [109.443164, 42.455957], [109.339844, 42.438379], [109.131641, 42.440576], [108.874512, 42.426465], [108.687305, 42.416113], [108.546484, 42.429297], [108.333984, 42.436768], [108.171191, 42.447314], [108.062305, 42.427197], [107.805957, 42.405859], [107.74873, 42.400977], [107.292383, 42.349268], [107.090723, 42.321533], [106.906055, 42.308887], [106.77002, 42.288721], [106.693164, 42.263574], [106.579102, 42.227344], [106.51875, 42.211572], [106.317187, 42.140576], [105.867578, 41.993994], [105.566406, 41.875098], [105.51709, 41.854736], [105.314355, 41.770898], [105.19707, 41.738037], [105.11543, 41.663281], [105.050586, 41.615918], [104.982031, 41.595508], [104.860352, 41.64375], [104.773633, 41.641162], [104.498242, 41.658691], [104.498242, 41.877002], [104.305176, 41.846143], [103.997266, 41.796973], [103.711133, 41.751318], [103.449707, 41.855859], [103.247852, 41.936572], [103.072852, 42.005957], [102.806836, 42.052002], [102.575195, 42.09209], [102.156641, 42.158105], [101.972949, 42.215869], [101.879883, 42.292334], [101.713867, 42.46582], [101.659961, 42.500049], [101.579102, 42.523535], [101.495313, 42.53877], [101.31377, 42.537891], [101.091992, 42.551318], [100.772559, 42.587793], [100.519043, 42.616797], [100.086328, 42.670752], [99.983789, 42.677344], [99.757422, 42.629443], [99.467871, 42.568213], [98.946875, 42.616211], [98.716309, 42.638721], [98.248242, 42.684521], [97.718945, 42.736279], [97.205664, 42.789795], [96.833008, 42.760254], [96.625293, 42.743848], [96.385449, 42.720361], [96.352344, 42.746777], [96.34248, 42.849316], [96.299512, 42.928711], [96.168457, 43.014502], [96.080273, 43.096143], [95.9125, 43.206494], [95.85957, 43.275977], [95.841992, 43.383691], [95.687305, 43.664062], [95.591211, 43.853613], [95.567187, 43.892236], [95.525586, 43.953955], [95.471289, 43.986182], [95.356445, 44.005957], [95.325586, 44.039355], [95.325586, 44.104883], [95.343652, 44.19541], [95.366797, 44.261523], [95.350293, 44.278076], [95.049805, 44.259424], [94.866016, 44.30332], [94.712012, 44.35083], [94.494336, 44.47251], [94.364746, 44.519482], [94.199316, 44.645166], [93.95791, 44.674951], [93.868164, 44.724219], [93.755273, 44.831934], [93.656445, 44.900977], [93.516211, 44.944482], [93.294336, 44.983154], [92.916016, 45.020166], [92.787891, 45.035742], [92.578906, 45.010986], [92.423828, 45.008936], [92.172656, 45.035254], [92.029785, 45.068506], [91.852832, 45.069336], [91.737793, 45.068945], [91.584375, 45.076514], [91.510059, 45.098242], [91.441016, 45.124756], [91.312109, 45.118115], [91.221777, 45.144531], [91.137695, 45.193945], [91.05, 45.217432], [90.953613, 45.215918], [90.913965, 45.193945], [90.877246, 45.196094], [90.853223, 45.262891], [90.763184, 45.370654], [90.749609, 45.418945], [90.694434, 45.474658], [90.661816, 45.525244], [90.670703, 45.595166], [90.709668, 45.730811], [90.795898, 45.853516], [90.852441, 45.8854], [90.887109, 45.921631], [90.959766, 45.985059], [91.001758, 46.035791], [90.996777, 46.10498], [90.947559, 46.177295], [90.911523, 46.270654], [90.918262, 46.324268], [90.971484, 46.387988], [91.033887, 46.529004], [91.028906, 46.566064], [91.004297, 46.595752], [90.997852, 46.661084], [90.985742, 46.749023], [90.910547, 46.883252], [90.869922, 46.954492], [90.799023, 46.985156], [90.715527, 47.003857], [90.643359, 47.100293], [90.55293, 47.214014], [90.496191, 47.285156], [90.476465, 47.328809], [90.46748, 47.408154], [90.425195, 47.504102], [90.380664, 47.556641], [90.347461, 47.596973], [90.330664, 47.655176], [90.313281, 47.676172], [90.191016, 47.7021], [90.103223, 47.74541], [90.066602, 47.803564], [90.053906, 47.850488], [90.02793, 47.877686], [89.958691, 47.886328], [89.910449, 47.844336], [89.831348, 47.823291], [89.778125, 47.827002], [89.725586, 47.85249], [89.693164, 47.87915], [89.638477, 47.909082], [89.560938, 48.003955], [89.479199, 48.029053], [89.329883, 48.024854], [89.196289, 47.980908], [89.115625, 47.987695], [89.047656, 48.002539], [88.971094, 48.049951], [88.917773, 48.089014], [88.838281, 48.101709], [88.681836, 48.170557], [88.575977, 48.220166], [88.566797, 48.317432], [88.51709, 48.384473], [88.413965, 48.403418], [88.309961, 48.47207], [88.158203, 48.509082], [88.062598, 48.537842], [87.979688, 48.555127], [87.967383, 48.581055], [87.972266, 48.60332], [88.010645, 48.64043], [88.050195, 48.675049], [88.060059, 48.707178], [88.02793, 48.735596], [87.942187, 48.765283], [87.831836, 48.79165], [87.80918, 48.835742], [87.743164, 48.881641], [87.754687, 48.918555], [87.806836, 48.945508], [87.859863, 48.965527], [87.872168, 49.000146], [87.834668, 49.031934], [87.816309, 49.080273], [87.825195, 49.116309], [87.814258, 49.162305]]]}}, {"type": "Feature", "properties": {"ISO_A2": "PY", "ISO_A3": "PRY", "NAME": "Paraguay", "fillColor": "#D52B1E"}, "geometry": {"type": "Polygon", "coordinates": [[[-58.159766, -20.164648], [-58.137793, -20.237305], [-58.124609, -20.293457], [-58.091504, -20.333203], [-58.058447, -20.386133], [-58.025391, -20.41582], [-58.002246, -20.46543], [-58.008838, -20.52168], [-57.995605, -20.594434], [-57.979053, -20.657324], [-57.9625, -20.673828], [-57.915137, -20.690332], [-57.891406, -20.747461], [-57.908496, -20.776367], [-57.901904, -20.809375], [-57.884814, -20.841699], [-57.900488, -20.873047], [-57.892236, -20.89707], [-57.86001, -20.918555], [-57.830225, -20.997949], [-57.826953, -21.133594], [-57.86001, -21.20625], [-57.886475, -21.26582], [-57.893066, -21.302246], [-57.873242, -21.355078], [-57.906299, -21.417969], [-57.945996, -21.494043], [-57.936084, -21.546973], [-57.929443, -21.596582], [-57.926172, -21.649512], [-57.916211, -21.699121], [-57.929443, -21.751953], [-57.942676, -21.79834], [-57.949316, -21.851172], [-57.932764, -21.910742], [-57.9625, -21.966992], [-57.979053, -22.006641], [-57.985693, -22.046387], [-57.955908, -22.10918], [-57.879834, -22.135645], [-57.820312, -22.142285], [-57.764062, -22.10918], [-57.721094, -22.099219], [-57.641699, -22.129004], [-57.568945, -22.181934], [-57.476367, -22.188574], [-57.393652, -22.198438], [-57.330859, -22.215039], [-57.238232, -22.195215], [-57.142334, -22.215039], [-57.029883, -22.244824], [-56.937256, -22.271289], [-56.844678, -22.264648], [-56.775195, -22.261328], [-56.702441, -22.231543], [-56.633008, -22.234863], [-56.580078, -22.181934], [-56.550293, -22.135645], [-56.523828, -22.102539], [-56.447803, -22.076172], [-56.394873, -22.092676], [-56.351855, -22.178613], [-56.275781, -22.228223], [-56.246045, -22.264648], [-56.189844, -22.281152], [-56.06748, -22.284473], [-55.991406, -22.281152], [-55.905371, -22.307617], [-55.84917, -22.307617], [-55.799561, -22.353906], [-55.753271, -22.410156], [-55.746631, -22.512695], [-55.703662, -22.59209], [-55.647412, -22.621875], [-55.617676, -22.671484], [-55.627588, -22.740918], [-55.654053, -22.810352], [-55.650732, -22.886426], [-55.620996, -22.955859], [-55.620996, -23.025293], [-55.601123, -23.094727], [-55.561426, -23.154297], [-55.548193, -23.250195], [-55.554834, -23.319629], [-55.528369, -23.359375], [-55.518457, -23.415625], [-55.534961, -23.461914], [-55.541602, -23.524707], [-55.538281, -23.580957], [-55.518457, -23.627246], [-55.458887, -23.686719], [-55.442383, -23.792578], [-55.442383, -23.865332], [-55.415918, -23.951367], [-55.366309, -23.991016], [-55.286914, -24.004297], [-55.194336, -24.01748], [-55.081885, -23.997656], [-54.982666, -23.974512], [-54.926465, -23.951367], [-54.817285, -23.888477], [-54.721387, -23.852148], [-54.671777, -23.829004], [-54.625488, -23.8125], [-54.52959, -23.852148], [-54.440234, -23.901758], [-54.370801, -23.971191], [-54.241797, -24.047266], [-54.266895, -24.06582], [-54.318262, -24.128125], [-54.317285, -24.20127], [-54.281006, -24.306055], [-54.312939, -24.528125], [-54.412988, -24.86748], [-54.454102, -25.065234], [-54.43623, -25.121289], [-54.473145, -25.220215], [-54.610547, -25.432715], [-54.615869, -25.576074], [-54.631934, -26.005762], [-54.677734, -26.308789], [-54.755078, -26.53291], [-54.825488, -26.652246], [-54.888916, -26.666797], [-54.934473, -26.702539], [-54.962158, -26.759375], [-55.013623, -26.806641], [-55.088867, -26.844531], [-55.129639, -26.886035], [-55.135937, -26.931152], [-55.208008, -26.960156], [-55.345801, -26.973145], [-55.42666, -27.009277], [-55.450635, -27.068359], [-55.496729, -27.115332], [-55.564893, -27.15], [-55.597266, -27.207617], [-55.593799, -27.288086], [-55.63291, -27.357129], [-55.714648, -27.414844], [-55.78999, -27.416406], [-55.859033, -27.361914], [-55.951465, -27.325684], [-56.067334, -27.307715], [-56.164062, -27.321484], [-56.241699, -27.366797], [-56.310547, -27.43877], [-56.370508, -27.537402], [-56.437158, -27.553809], [-56.510547, -27.487891], [-56.603369, -27.467871], [-56.715723, -27.49375], [-56.805176, -27.484668], [-56.871729, -27.440625], [-56.973975, -27.435742], [-57.111816, -27.470117], [-57.39126, -27.430469], [-57.812207, -27.316602], [-58.168262, -27.273438], [-58.604834, -27.314355], [-58.641748, -27.196094], [-58.618604, -27.132129], [-58.547705, -27.083984], [-58.503223, -27.029492], [-58.485254, -26.968457], [-58.436328, -26.921973], [-58.356445, -26.890039], [-58.322559, -26.857617], [-58.334668, -26.824902], [-58.317676, -26.795898], [-58.27168, -26.770703], [-58.245557, -26.731055], [-58.239355, -26.676855], [-58.22207, -26.65], [-58.191309, -26.62998], [-58.187939, -26.592578], [-58.205176, -26.476562], [-58.203027, -26.381445], [-58.181494, -26.307422], [-58.154687, -26.262598], [-58.135645, -26.251465], [-58.118066, -26.224902], [-58.111133, -26.180176], [-58.082422, -26.138574], [-57.943115, -26.05293], [-57.890625, -26.006543], [-57.88623, -25.964258], [-57.865234, -25.906934], [-57.782471, -25.783691], [-57.75708, -25.725977], [-57.754785, -25.69707], [-57.725488, -25.667188], [-57.62583, -25.59873], [-57.57168, -25.53418], [-57.563135, -25.47373], [-57.587158, -25.405078], [-57.643896, -25.328418], [-57.82168, -25.136426], [-57.959814, -25.049219], [-58.136475, -24.977148], [-58.252783, -24.953809], [-58.308691, -24.979102], [-58.365381, -24.959277], [-58.422803, -24.894141], [-58.519629, -24.842871], [-58.724023, -24.786621], [-59.187256, -24.562305], [-59.372949, -24.453906], [-59.4354, -24.387012], [-59.608594, -24.266797], [-59.89248, -24.093555], [-60.110303, -24.00918], [-60.262207, -24.013965], [-60.505371, -23.963574], [-60.839844, -23.858105], [-61.03291, -23.755664], [-61.084717, -23.656445], [-61.208398, -23.557031], [-61.403955, -23.45752], [-61.505518, -23.391992], [-61.513037, -23.360449], [-61.570996, -23.319434], [-61.679492, -23.26875], [-61.798535, -23.182031], [-61.928027, -23.059277], [-62.066602, -22.869434], [-62.21416, -22.612402], [-62.37251, -22.43916], [-62.541553, -22.349609], [-62.625977, -22.29043], [-62.625684, -22.261523], [-62.650977, -22.233691], [-62.628516, -22.183984], [-62.566943, -21.988672], [-62.477832, -21.705273], [-62.385449, -21.411719], [-62.27666, -21.066016], [-62.276514, -20.820801], [-62.276318, -20.5625], [-62.121631, -20.349902], [-62.011816, -20.199023], [-61.916943, -20.055371], [-61.820898, -19.809473], [-61.756836, -19.645313], [-61.511816, -19.606445], [-61.095996, -19.520996], [-60.88877, -19.478516], [-60.451611, -19.38877], [-60.007373, -19.297559], [-59.540869, -19.291797], [-59.090527, -19.28623], [-58.741113, -19.490234], [-58.474219, -19.646094], [-58.180176, -19.817871], [-58.160059, -19.854883], [-58.139941, -19.998828], [-58.159766, -20.164648]]]}}]}